=== 日志开始 ===
创建时间: 2026/6/7 16:27:15
日志路径: IDAHook.log
[IDAHook] 字符串管理器初始化成功
[IDAHook] language.txt加载结果: language.txt文件不存在，将使用内置翻译规则
[IDAHook] 所有函数地址获取成功
[IDAHook] 钩子安装成功
[QTranslate] 原始字符串: QT_LAYOUT_DIRECTION
[QString::FromUtf8] 原始字符串: &License manager...
[QString::FromUtf8] 原始字符串: Open license manager
[QString::FromUtf8] 原始字符串: &Borrow license...
[QString::FromUtf8] 原始字符串: Borrow the selected license
[QString::FromUtf8] 原始字符串: Return license
[QString::FromUtf8] 原始字符串: Return the borrowed license
[QString::FromUtf8] 原始字符串: com.hex_rays.IDA.pro._9_3
[QString::FromUtf8] 原始字符串: :/IDAG/resources/app/pro/large.png
[QString::FromUtf8] 长度超过50字符，跳过替换
[QTranslate] 原始字符串: Please wait...
[QString::FromUtf8] 原始字符串: :/IDAG/resources/app/pro/medium.png
[QString::FromUtf8] 长度超过50字符，跳过替换
[QTranslate] 原始字符串: Please wait...
[QTranslate] 原始字符串: Cancel
[QString::FromUtf8] 原始字符串: resources/menu
[QString::FromUtf8] 原始字符串: :/IDAG/
[QString::FromUtf8] 原始字符串: resources/widgets
[QString::FromUtf8] 原始字符串: :/IDAG/
[QString::FromUtf8] 原始字符串: resources/icons/widgets
[QString::FromUtf8] 原始字符串: :/HVUI/
[QString::FromUtf8] 原始字符串: resources/icons/actions
[QString::FromUtf8] 原始字符串: :/HVUI/
[QString::FromUtf8] 原始字符串: :/libui/resources/chooser_widget/
[QTranslate] 原始字符串: OK
[QTranslate] 原始字符串: Dialog
[QTranslate] 原始字符串: <b>Thank you for using our demo version!</b>
[QTranslate] 原始字符串: For information about purchases please visit:
[QTranslate] 原始字符串: <b><a href="https://www.hex-rays.com/order">https://www.hex-rays.com/order</a></b>
[QString::FromUtf8] 原始字符串: :/IDAG/resources/app/pro/large.png
[QTranslate] 原始字符串: IDA: Quick start
[QTranslate] 原始字符串: &New
[QTranslate] 原始字符串: Disassemble a new file
[QTranslate] 原始字符串: &Go
[QTranslate] 原始字符串: Work on your own
[QTranslate] 原始字符串: &Previous
[QTranslate] 原始字符串: Load the old disassembly
[QTranslate] 原始字符串: &Remote
[QTranslate] 原始字符串: Open remote file
[QTranslate] 原始字符串: &Display at startup
[QString::FromUtf8] 原始字符串: :/IDAG/resources/app/pro/large.png
[QString::FromUtf8] 原始字符串: E:\\code\\逆向\\android\\case-studies\\imoutai\\hooks\\libDexHelper.so_0x73fb65c000_0x16d000.so
[QString::FromUtf8] 长度超过50字符，跳过替换
[QString::FromUtf8] 原始字符串: E:\\code\\逆向\\android\\case-studies\\imoutai\\hooks\\libDexHelper.so
[QString::FromUtf8] 长度超过50字符，跳过替换
[QString::FromUtf8] 原始字符串: E:\\code\\py\\reverse-engineering\\frida\\imoutai\\libs\\libDexHelper_fixed.so
[QString::FromUtf8] 长度超过50字符，跳过替换
[QString::FromUtf8] 原始字符串: E:\\code\\逆向\\training\\frada-train\\imoutai_claude\\dump\\libDexHelper.so.i64
[QString::FromUtf8] 长度超过50字符，跳过替换
[QString::FromUtf8] 原始字符串: E:\\code\\逆向\\training\\frada-train\\imoutai\\lib\\libDexHelper_fixed.so.i64
[QString::FromUtf8] 长度超过50字符，跳过替换
[QString::FromUtf8] 原始字符串: E:\\code\\逆向\\training\\frada-train\\imoutai\\lib\\libDexHelper_fixed.so
[QString::FromUtf8] 长度超过50字符，跳过替换
[QString::FromUtf8] 原始字符串: E:\\code\\逆向\\training\\frada-train\\imoutai_claude\\dump\\libDexHelper.so
[QString::FromUtf8] 长度超过50字符，跳过替换
[QString::FromUtf8] 原始字符串: E:\\git\\FridaScripts\\libs\\imoutai\\libDexHelper_dum.so.i64
[QString::FromUtf8] 长度超过50字符，跳过替换
[QString::FromUtf8] 原始字符串: E:\\git\\FridaScripts\\libs\\imoutai\\libDexHelper_dum.so
[QString::FromUtf8] 长度超过50字符，跳过替换
[QString::FromUtf8] 原始字符串: E:\\code\\逆向\\training\\frada-train\\imoutai\\libDexHelper.so.i64
[QString::FromUtf8] 长度超过50字符，跳过替换
[QString::FromUtf8] 原始字符串: Output window
[QString::FromUtf8] 原始字符串: Consolas
[QTranslate] 原始字符串: Library function
[QTranslate] 精确匹配: 库函数
[QTranslate] 原始字符串: Regular function
[QTranslate] 精确匹配: 常规函数
[QTranslate] 原始字符串: Instruction
[QTranslate] 精确匹配: 指令
[QTranslate] 原始字符串: Data
[QTranslate] 精确匹配: 数据
[QTranslate] 原始字符串: Unexplored
[QTranslate] 精确匹配: 未分析
[QTranslate] 原始字符串: External symbol
[QTranslate] 精确匹配: 外部标志
[QTranslate] 原始字符串: Lumina function
[QTranslate] 精确匹配: Lumina 函数
[QString::FromUtf8] 原始字符串: Scroll up
[QString::FromUtf8] 原始字符串: Scroll the disassembly listing up
[QString::FromUtf8] 原始字符串: Scroll down
[QString::FromUtf8] 原始字符串: Scroll the disassembly listing down
[QString::FromUtf8] 原始字符串: Scroll down
[QString::FromUtf8] 原始字符串: Scroll the disassembly listing down
[QString::FromUtf8] 原始字符串: Scroll up
[QString::FromUtf8] 原始字符串: Scroll the disassembly listing up
[QTranslate] 原始字符串: Additional display:
[QTranslate] 原始字符串: Entry points
[QTranslate] 原始字符串: Binary pattern...
[QTranslate] 原始字符串: Text pattern...
[QTranslate] 原始字符串: Cross references to...
[QTranslate] 原始字符串: Immediate value...
[QTranslate] 原始字符串: Void operands
[QTranslate] 原始字符串: Marked positions
[QTranslate] 原始字符串: Problems
[QTranslate] 原始字符串: 
[QString::FromUtf8] 原始字符串: navigator_patterns
[QString::FromUtf8] 原始字符串: * { background-color: rgb(0, 0, 0) }
[QString::FromUtf8] 原始字符串: * { background-color: rgb(0, 0, 0) }
[QString::FromUtf8] 原始字符串: * { background-color: rgb(0, 0, 0) }
[QString::FromUtf8] 原始字符串: * { background-color: rgb(0, 0, 0) }
[QString::FromUtf8] 原始字符串: * { background-color: rgb(0, 0, 0) }
[QString::FromUtf8] 原始字符串: * { background-color: rgb(0, 0, 0) }
[QString::FromUtf8] 原始字符串: * { background-color: rgb(0, 0, 0) }
[QString::FromUtf8] 原始字符串: :/docks/resources/docks/arrow_up.bmp
[QString::FromUtf8] 原始字符串: :/docks/resources/docks/arrow_down.bmp
[QString::FromUtf8] 原始字符串: :/docks/resources/docks/arrow_left.bmp
[QString::FromUtf8] 原始字符串: :/docks/resources/docks/arrow_right.bmp
[QTranslate] 原始字符串: Drag this title to dock somewhere else
[QString::FromUtf8] 原始字符串: Courier New
[QString::FromUtf8] 原始字符串: Get the latest revision
[QString::FromUtf8] 原始字符串: Get revision
[QString::FromUtf8] 原始字符串: &Disconnect
[QString::FromUtf8] 原始字符串: &Connect
[QString::FromUtf8] 原始字符串: &Vault files
[QString::FromUtf8] 原始字符串: Vault files
[QString::FromUtf8] 原始字符串: &Local files
[QString::FromUtf8] 原始字符串: Local files
[QString::FromUtf8] 原始字符串: &Worklists
[QString::FromUtf8] 原始字符串: Worklists
[QString::FromUtf8] 原始字符串: &Commits
[QString::FromUtf8] 原始字符串: Commits
[QString::FromUtf8] 原始字符串: &Sites
[QString::FromUtf8] 原始字符串: Sites
[QString::FromUtf8] 原始字符串: &Users
[QString::FromUtf8] 原始字符串: Users
[QString::FromUtf8] 原始字符串: Diff against the local file
[QString::FromUtf8] 原始字符串: Diff against the local file
[QString::FromUtf8] 原始字符串: Commit...
[QString::FromUtf8] 原始字符串: Scan vault
[QString::FromUtf8] 原始字符串: Auto resolve (if no conflicts)...
[QString::FromUtf8] 原始字符串: Batch merge; bail out if conflicts are found
[QString::FromUtf8] 原始字符串: Auto resolve, prefer local...
[QString::FromUtf8] 原始字符串: Batch merge using the local idb to resolve conflicts
[QString::FromUtf8] 长度超过50字符，跳过替换
[QString::FromUtf8] 原始字符串: Auto resolve, prefer remote...
[QString::FromUtf8] 原始字符串: Batch merge using the remote idb to resolve conflicts
[QString::FromUtf8] 长度超过50字符，跳过替换
[QString::FromUtf8] 原始字符串: Interactive merge
[QString::FromUtf8] 原始字符串: Interactive merge using IDA
[QString::FromUtf8] 原始字符串: Use local, discard remote...
[QString::FromUtf8] 原始字符串: Do not merge, just take the local idb
[QString::FromUtf8] 原始字符串: Use remote, discard local...
[QString::FromUtf8] 原始字符串: Do not merge, abandon the local idb
[QString::FromUtf8] 原始字符串: Refresh
[QString::FromUtf8] 原始字符串: Refresh
[QString::FromUtf8] 原始字符串: Use this site...
[QString::FromUtf8] 原始字符串: Set password...
[QString::FromUtf8] 原始字符串: Checkout for edit
[QString::FromUtf8] 原始字符串: Checkout for edit
[QString::FromUtf8] 原始字符串: Add to vault
[QString::FromUtf8] 原始字符串: Add to vault
[QString::FromUtf8] 原始字符串: Checkout for delete
[QString::FromUtf8] 原始字符串: Checkout for delete
[QString::FromUtf8] 原始字符串: Map to other widget...
[QString::FromUtf8] 原始字符串: Revert...
[QString::FromUtf8] 原始字符串: Revert...
[QString::FromUtf8] 原始字符串: Revert if unchanged
[QString::FromUtf8] 原始字符串: &Details...
[QString::FromUtf8] 原始字符串: View commit
[QString::FromUtf8] 原始字符串: Edit worklist...
[QString::FromUtf8] 原始字符串: View worklist...
[QString::FromUtf8] 原始字符串: Open
[QString::FromUtf8] 原始字符串: Open file
[QString::FromUtf8] 原始字符串: Migrate to another worklist...
[QString::FromUtf8] 原始字符串: Checkout for move/rename...
[QString::FromUtf8] 原始字符串: Checkout for copy...
[QString::FromUtf8] 原始字符串: Convert IDB...
[QString::FromUtf8] 原始字符串: File history
[QString::FromUtf8] 原始字符串: Open this revision
[QString::FromUtf8] 原始字符串: Diff against previous revision
[QString::FromUtf8] 原始字符串: Diff against...
[QString::FromUtf8] 原始字符串: Find in vault...
[QString::FromUtf8] 原始字符串: Next search result
[QString::FromUtf8] 原始字符串: Previous search result
[QString::FromUtf8] 原始字符串: Show deleted files
[QString::FromUtf8] 原始字符串: Show ignored files
[QString::FromUtf8] 原始字符串: Show other users' worklists
[QString::FromUtf8] 原始字符串: Open the containing folder
[QString::FromUtf8] 原始字符串: &Options
[QString::FromUtf8] 精确匹配: 选项(&O)
[QString::FromUtf8] 原始字符串: Open options dialog
[QString::FromUtf8] 原始字符串: Get revision...
[QString::FromUtf8] 原始字符串: Get revision with options
[QString::FromUtf8] 原始字符串: &Abort
[QString::FromUtf8] 原始字符串: Close the database without saving it
[QString::FromUtf8] 原始字符串: About program...
[QString::FromUtf8] 原始字符串: &Add watch
[QString::FromUtf8] 原始字符串: Add a variable to watch
[QString::FromUtf8] 原始字符串: Address details
[QString::FromUtf8] 原始字符串: Show all
[QString::FromUtf8] 原始字符串: Show all toolbars
[QString::FromUtf8] 原始字符串: &Analysis
[QString::FromUtf8] 原始字符串: &Begin selection
[QString::FromUtf8] 原始字符串: Append function &tail...
[QString::FromUtf8] 原始字符串: A&pply patches to input file...
[QString::FromUtf8] 原始字符串: Apply patches to input file
[QString::FromUtf8] 原始字符串: &Sequence of bytes...
[QString::FromUtf8] 原始字符串: Search for sequence of bytes
[QString::FromUtf8] 原始字符串: &Immediate value...
[QString::FromUtf8] 原始字符串: Search for immediate value
[QString::FromUtf8] 原始字符串: &Text...
[QString::FromUtf8] 原始字符串: Search for text
[QString::FromUtf8] 原始字符串: &Assemble...
[QString::FromUtf8] 原始字符串: Assemble an instruction
[QString::FromUtf8] 原始字符串: Hide all
[QString::FromUtf8] 原始字符串: Hide all toolbars
[QString::FromUtf8] 原始字符串: Bit&wise negate
[QString::FromUtf8] 原始字符串: Perform bitwise negation of the current operand
[QString::FromUtf8] 原始字符串: &Add breakpoint
[QString::FromUtf8] 原始字符串: Add a breakpoint to the current address
[QString::FromUtf8] 原始字符串: &Delete breakpoint
[QString::FromUtf8] 原始字符串: Delete the breakpoint at the current address
[QString::FromUtf8] 原始字符串: Disable breakpoint
[QString::FromUtf8] 原始字符串: Disable the breakpoint
[QString::FromUtf8] 原始字符串: Edit breakpoint...
[QString::FromUtf8] 原始字符串: Edit breakpoint settings
[QString::FromUtf8] 原始字符串: Enable breakpoint
[QString::FromUtf8] 原始字符串: Enable the breakpoint
[QString::FromUtf8] 原始字符串: Toggle breakpoint
[QString::FromUtf8] 原始字符串: &Breakpoint list
[QString::FromUtf8] 原始字符串: Open breakpoints window
[QString::FromUtf8] 原始字符串: &Find breakpoint in list
[QString::FromUtf8] 原始字符串: Find breakpoint in list
[QString::FromUtf8] 原始字符串: Report a bug or an issue...
[QString::FromUtf8] 原始字符串: How to buy IDA
[QString::FromUtf8] 原始字符串: Copy address to command line
[QString::FromUtf8] 原始字符串: Copy size to command line
[QString::FromUtf8] 原始字符串: &Calculator...
[QString::FromUtf8] 原始字符串: Open calculator
[QString::FromUtf8] 原始字符串: Center in window...
[QString::FromUtf8] 原始字符串: Change si&gn
[QString::FromUtf8] 原始字符串: Change the sign of the current operand
[QString::FromUtf8] 原始字符串: Change stack &pointer...
[QString::FromUtf8] 原始字符串: Check for free update...
[QString::FromUtf8] 原始字符串: C&lear mark...
[QString::FromUtf8] 原始字符串: &Clear trace
[QString::FromUtf8] 原始字符串: &Close
[QString::FromUtf8] 原始字符串: Close window
[QString::FromUtf8] 原始字符串: Close the current window
[QString::FromUtf8] 原始字符串: &Color instruction...
[QString::FromUtf8] 原始字符串: Show command palette...
[QString::FromUtf8] 原始字符串: Duplicate stru&ct type
[QString::FromUtf8] 原始字符串: Duplicate a structure/union type
[QString::FromUtf8] 原始字符串: Copy full type(s)
[QString::FromUtf8] 原始字符串: Copies the full type(s) and its dependencies
[QString::FromUtf8] 原始字符串: &Create segment...
[QString::FromUtf8] 原始字符串: Create a new segment
[QString::FromUtf8] 原始字符串: Create struct from &selection
[QString::FromUtf8] 原始字符串: Create a structure from the selected data
[QString::FromUtf8] 原始字符串: Copy field info to &pointers
[QString::FromUtf8] 原始字符串: Copy field info to pointed addresses
[QString::FromUtf8] 原始字符串: &Debugger window
[QString::FromUtf8] 原始字符串: Open debugging window
[QString::FromUtf8] 原始字符串: Struct &var...
[QString::FromUtf8] 原始字符串: Declare a structure variable
[QString::FromUtf8] 原始字符串: &Delete function
[QString::FromUtf8] 原始字符串: Delete hidden range
[QString::FromUtf8] 原始字符串: Delete the current hidden range, or all hidden ranges in a range
[QString::FromUtf8] 长度超过50字符，跳过替换
[QString::FromUtf8] 原始字符串: &Delete watch
[QString::FromUtf8] 原始字符串: D&ump database to IDC file...
[QString::FromUtf8] 原始字符串: &Delete desktop...
[QString::FromUtf8] 原始字符串: Dump &typeinfo to IDC file...
[QString::FromUtf8] 原始字符串: Dump type information to IDC file
[QString::FromUtf8] 原始字符串: Copy
[QString::FromUtf8] 原始字符串: &Edit function...
[QString::FromUtf8] 原始字符串: Edit function attributes
[QString::FromUtf8] 原始字符串: &Edit segment...
[QString::FromUtf8] 原始字符串: Edit segment attributes
[QString::FromUtf8] 原始字符串: Empt&y navigation stack
[QString::FromUtf8] 原始字符串: Remove everything from the jumps stack
[QString::FromUtf8] 原始字符串: Add e&xecution trace
[QString::FromUtf8] 原始字符串: Add an execution trace to the current address
[QString::FromUtf8] 原始字符串: Script &file...
[QString::FromUtf8] 原始字符串: Execute a script file
[QString::FromUtf8] 原始字符串: Script co&mmand...
[QString::FromUtf8] 原始字符串: Execute a script command
[QString::FromUtf8] 原始字符串: E&xport data
[QString::FromUtf8] 原始字符串: Export data
[QString::FromUtf8] 原始字符串: All error operands
[QString::FromUtf8] 原始字符串: All void operands
[QString::FromUtf8] 原始字符串: Focus command line
[QString::FromUtf8] 原始字符串: Focus command line
[QString::FromUtf8] 原始字符串: Full screen
[QString::FromUtf8] 原始字符串: Display the current view in full screen
[QString::FromUtf8] 原始字符串: &Create or edit a function...
[QString::FromUtf8] 原始字符串: Create a new function or edit its attributes
[QString::FromUtf8] 原始字符串: &Set function end
[QString::FromUtf8] 原始字符串: Change the function end address
[QString::FromUtf8] 原始字符串: Circle layout
[QString::FromUtf8] 原始字符串: Set node color
[QString::FromUtf8] 原始字符串: Use predefined color 1
[QString::FromUtf8] 原始字符串: Set node color to the predefined color 1
[QString::FromUtf8] 原始字符串: Use predefined color 2
[QString::FromUtf8] 原始字符串: Set node color to the predefined color 2
[QString::FromUtf8] 原始字符串: Set node color to default
[QString::FromUtf8] 原始字符串: Digraph layout
[QString::FromUtf8] 原始字符串: Text view
[QString::FromUtf8] 原始字符串: Switch to text diassembly view
[QString::FromUtf8] 原始字符串: Graph view
[QString::FromUtf8] 原始字符串: Switch to graph disassembly view
[QString::FromUtf8] 原始字符串: Group nodes
[QString::FromUtf8] 原始字符串: Collapse several nodes into a group node
[QString::FromUtf8] 原始字符串: Hide all groups
[QString::FromUtf8] 原始字符串: Hide group
[QString::FromUtf8] 原始字符串: Layout graph
[QString::FromUtf8] 原始字符串: Pro&ximity browser
[QString::FromUtf8] 原始字符串: Open new proximity browser
[QString::FromUtf8] 原始字符串: Orthogonal layout
[QString::FromUtf8] 原始字符串: Graph O&verview
[QString::FromUtf8] 原始字符串: Display the graph overview if hidden
[QString::FromUtf8] 原始字符串: Polar layout
[QString::FromUtf8] 原始字符串: Print graph
[QString::FromUtf8] 原始字符串: Expand children
[QString::FromUtf8] 原始字符串: Expand children
[QString::FromUtf8] 原始字符串: Add node by name
[QString::FromUtf8] 原始字符串: Add name
[QString::FromUtf8] 原始字符串: Add node by address
[QString::FromUtf8] 原始字符串: Add address
[QString::FromUtf8] 原始字符串: Expand parents
[QString::FromUtf8] 原始字符串: Expand parents
[QString::FromUtf8] 原始字符串: Back to previous view
[QString::FromUtf8] 原始字符串: Back to previous view
[QString::FromUtf8] 原始字符串: Collapse children
[QString::FromUtf8] 原始字符串: Collapse children
[QString::FromUtf8] 原始字符串: Hide node
[QString::FromUtf8] 原始字符串: Hide node
[QString::FromUtf8] 原始字符串: Collapse parents
[QString::FromUtf8] 原始字符串: Collapse parents
[QString::FromUtf8] 原始字符串: Expand node
[QString::FromUtf8] 原始字符串: Expand node
[QString::FromUtf8] 原始字符串: Expand current node
[QString::FromUtf8] 原始字符串: Expand current node
[QString::FromUtf8] 原始字符串: Find path
[QString::FromUtf8] 原始字符串: Find path
[QString::FromUtf8] 原始字符串: Reset graph
[QString::FromUtf8] 原始字符串: Reset graph
[QString::FromUtf8] 原始字符串: Proximity browser
[QString::FromUtf8] 原始字符串: Show proximity browser
[QString::FromUtf8] 原始字符串: Radial tree layout
[QString::FromUtf8] 原始字符串: Select nodes of this color
[QString::FromUtf8] 原始字符串: Select nodes with the same color as the current node
[QString::FromUtf8] 长度超过50字符，跳过替换
[QString::FromUtf8] 原始字符串: Setup colors
[QString::FromUtf8] 原始字符串: Setup graph colors
[QString::FromUtf8] 原始字符串: Setup options
[QString::FromUtf8] 原始字符串: Setup graph options
[QString::FromUtf8] 原始字符串: Tree layout
[QString::FromUtf8] 原始字符串: Unhide all groups
[QString::FromUtf8] 原始字符串: Unhide group
[QString::FromUtf8] 原始字符串: Ungroup nodes
[QString::FromUtf8] 原始字符串: Delete group
[QString::FromUtf8] 原始字符串: Zoom 100%
[QString::FromUtf8] 原始字符串: Fit window
[QString::FromUtf8] 原始字符串: Zoom in
[QString::FromUtf8] 原始字符串: Zoom out
[QString::FromUtf8] 原始字符串: IDC SDK
[QString::FromUtf8] 原始字符串: C++ SDK
[QString::FromUtf8] 原始字符串: Python SDK
[QString::FromUtf8] 原始字符串: Domain API
[QString::FromUtf8] 原始字符串: &Hide
[QString::FromUtf8] 原始字符串: Hide the current function, segment, structure, enumeration or create a hidden range
[QString::FromUtf8] 长度超过50字符，跳过替换
[QString::FromUtf8] 原始字符串: H&ide all
[QString::FromUtf8] 原始字符串: Hide all functions, structs or enums
[QString::FromUtf8] 原始字符串: IDA home page
[QString::FromUtf8] 原始字符串: Jump to &address...
[QString::FromUtf8] 原始字符串: Jump to the specified address
[QString::FromUtf8] 原始字符串: Next sequence of &bytes
[QString::FromUtf8] 原始字符串: Repeat search for sequence of bytes
[QString::FromUtf8] 原始字符串: Next &code
[QString::FromUtf8] 原始字符串: Search for the next instruction
[QString::FromUtf8] 原始字符串: Next &data
[QString::FromUtf8] 原始字符串: Search for the next data item
[QString::FromUtf8] 原始字符串: &Jump to operand
[QString::FromUtf8] 原始字符串: Jump to the specified address
[QString::FromUtf8] 原始字符串: Jump in a ne&w window
[QString::FromUtf8] 原始字符串: Jump to &entry point...
[QString::FromUtf8] 原始字符串: Jump to the selected entry point
[QString::FromUtf8] 原始字符串: &Error operand
[QString::FromUtf8] 原始字符串: Next &explored
[QString::FromUtf8] 原始字符串: Search for the next instruction or data
[QString::FromUtf8] 原始字符串: Jump to file &offset...
[QString::FromUtf8] 原始字符串: Jump to &function...
[QString::FromUtf8] 原始字符串: Jump to the selected function
[QString::FromUtf8] 原始字符串: Jump to next function
[QString::FromUtf8] 原始字符串: Jump to the next function
[QString::FromUtf8] 原始字符串: Jump to prev function
[QString::FromUtf8] 原始字符串: Jump to the previous function
[QString::FromUtf8] 原始字符串: Next immediate va&lue
[QString::FromUtf8] 原始字符串: Repeat search for immediate value
[QString::FromUtf8] 原始字符串: Jump by &name...
[QString::FromUtf8] 原始字符串: Jump to the selected name
[QString::FromUtf8] 原始字符串: Jump in a new hex window
[QString::FromUtf8] 原始字符串: Not &function
[QString::FromUtf8] 原始字符串: Search for instruction not belonging to any function
[QString::FromUtf8] 长度超过50字符，跳过替换
[QString::FromUtf8] 原始字符串: Jump to &xref to operand...
[QString::FromUtf8] 原始字符串: Jump to the selected cross reference to operand
[QString::FromUtf8] 原始字符串: Jump to &marked position...
[QString::FromUtf8] 原始字符串: Jump to the selected marked position
[QString::FromUtf8] 原始字符串: Jump to &problem...
[QString::FromUtf8] 原始字符串: Jump to the selected problematic location
[QString::FromUtf8] 原始字符串: Jump to &segment...
[QString::FromUtf8] 原始字符串: Jump to the selected segment
[QString::FromUtf8] 原始字符串: Jump to se&gment register...
[QString::FromUtf8] 原始字符串: Jump to the selected segment register change point
[QString::FromUtf8] 原始字符串: Next &void
[QString::FromUtf8] 原始字符串: Search for the next instruction with void operand
[QString::FromUtf8] 原始字符串: Next te&xt
[QString::FromUtf8] 原始字符串: Repeat search for text
[QString::FromUtf8] 原始字符串: Jump to IP
[QString::FromUtf8] 原始字符串: Next &unexplored
[QString::FromUtf8] 原始字符串: Search for the next unexplored byte
[QString::FromUtf8] 原始字符串: List &cross references to...
[QString::FromUtf8] 原始字符串: Jump to the selected cross reference
[QString::FromUtf8] 原始字符串: List &cross references from...
[QString::FromUtf8] 原始字符串: Jump to a cross reference from current location
[QString::FromUtf8] 原始字符串: &Delete segment...
[QString::FromUtf8] 原始字符串: &DBG file...
[QString::FromUtf8] 原始字符串: Load a debug information file (DBG)
[QString::FromUtf8] 原始字符串: &Load desktop...
[QString::FromUtf8] 原始字符串: Additional &binary file...
[QString::FromUtf8] 原始字符串: Load additional binary file
[QString::FromUtf8] 原始字符串: Parse &C header file...
[QString::FromUtf8] 原始字符串: ID&S/IDT file...
[QString::FromUtf8] 原始字符串: Load a symbol file (IDS)
[QString::FromUtf8] 原始字符串: &Open...
[QString::FromUtf8] 原始字符串: Load a new file or database
[QString::FromUtf8] 原始字符串: &PDB file...
[QString::FromUtf8] 原始字符串: Load a debug information file (PDB)
[QString::FromUtf8] 原始字符串: &FLIRT signature file...
[QString::FromUtf8] 原始字符串: Load a FLIRT signature file
[QString::FromUtf8] 原始字符串: &TDS file...
[QString::FromUtf8] 原始字符串: Load a debug information file (TDS)
[QString::FromUtf8] 原始字符串: &Locals
[QString::FromUtf8] 原始字符串: Open local variables window
[QString::FromUtf8] 原始字符串: Lock highlight
[QString::FromUtf8] 原始字符串: Lock/unlock the current highlight
[QString::FromUtf8] 原始字符串:  
[QString::FromUtf8] 原始字符串: Lock/unlock highlight color 1
[QString::FromUtf8] 原始字符串:  
[QString::FromUtf8] 原始字符串: Lock/unlock highlight color 2
[QString::FromUtf8] 原始字符串:  
[QString::FromUtf8] 原始字符串: Lock/unlock highlight color 3
[QString::FromUtf8] 原始字符串:  
[QString::FromUtf8] 原始字符串: Lock/unlock highlight color 4
[QString::FromUtf8] 原始字符串:  
[QString::FromUtf8] 原始字符串: Lock/unlock highlight color 5
[QString::FromUtf8] 原始字符串:  
[QString::FromUtf8] 原始字符串: Lock/unlock highlight color 6
[QString::FromUtf8] 原始字符串:  
[QString::FromUtf8] 原始字符串: Lock/unlock highlight color 7
[QString::FromUtf8] 原始字符串:  
[QString::FromUtf8] 原始字符串: Lock highlight color 8
[QString::FromUtf8] 原始字符串: Create &alignment directive...
[QString::FromUtf8] 原始字符串: Arra&y...
[QString::FromUtf8] 原始字符串: Convert to array
[QString::FromUtf8] 原始字符串: &String
[QString::FromUtf8] 原始字符串: Convert to string
[QString::FromUtf8] 原始字符串: &Code
[QString::FromUtf8] 原始字符串: Convert to instruction
[QString::FromUtf8] 原始字符串: Enter &comment...
[QString::FromUtf8] 原始字符串: Enter a regular comment
[QString::FromUtf8] 原始字符串: &Data
[QString::FromUtf8] 原始字符串: Convert to data
[QString::FromUtf8] 原始字符串: Enter &anterior lines...
[QString::FromUtf8] 原始字符串: Enter lines preceding the generated lines
[QString::FromUtf8] 原始字符串: Enter &posterior lines...
[QString::FromUtf8] 原始字符串: Enter lines following the generated lines
[QString::FromUtf8] 原始字符串: &Create function...
[QString::FromUtf8] 原始字符串: Create a new function in the disassembly
[QString::FromUtf8] 原始字符串: Re&name
[QString::FromUtf8] 原始字符串: Rename the current location
[QString::FromUtf8] 原始字符串: Enter &repeatable comment...
[QString::FromUtf8] 原始字符串: &Undefine
[QString::FromUtf8] 原始字符串: Convert to undefined
[QString::FromUtf8] 原始字符串: View type library contents
[QString::FromUtf8] 原始字符串: View type library contents
[QString::FromUtf8] 原始字符串: Enter &comment...
[QString::FromUtf8] 原始字符串: Enter a comment
[QString::FromUtf8] 原始字符串: Focus other widget
[QString::FromUtf8] 原始字符串: Focus other widget
[QString::FromUtf8] 原始字符串: &Add type...
[QString::FromUtf8] 原始字符串: Create structures, unions, or enumerations
[QString::FromUtf8] 原始字符串: &Delete type...
[QString::FromUtf8] 原始字符串: Delete a type
[QString::FromUtf8] 原始字符串: De&lete type member
[QString::FromUtf8] 原始字符串: Delete a type member
[QString::FromUtf8] 原始字符串: Add argument
[QString::FromUtf8] 原始字符串: Add a function argument
[QString::FromUtf8] 原始字符串: Change calling convention...
[QString::FromUtf8] 原始字符串: Change calling convention
[QString::FromUtf8] 原始字符串: Edit location...
[QString::FromUtf8] 原始字符串: Edit argument location
[QString::FromUtf8] 原始字符串: Show arguments location
[QString::FromUtf8] 原始字符串: Show arguments location
[QString::FromUtf8] 原始字符串: Insert &gap...
[QString::FromUtf8] 原始字符串: Insert bytes into a structure
[QString::FromUtf8] 原始字符串: Edit &type...
[QString::FromUtf8] 原始字符串: Open type editor for type
[QString::FromUtf8] 原始字符串: Ed&it enum member...
[QString::FromUtf8] 原始字符串: Edit a symbolic constant
[QString::FromUtf8] 原始字符串: &Manual instruction...
[QString::FromUtf8] 原始字符串: Specify alternate representation of the current instruction
[QString::FromUtf8] 长度超过50字符，跳过替换
[QString::FromUtf8] 原始字符串: Man&ual...
[QString::FromUtf8] 原始字符串: Enter the current operand manually
[QString::FromUtf8] 原始字符串: Mar&k position...
[QString::FromUtf8] 原始字符串: Remember the current position in the disassembly
[QString::FromUtf8] 原始字符串: &Module list
[QString::FromUtf8] 原始字符串: Open modules window
[QString::FromUtf8] 原始字符串: &Move current segment...
[QString::FromUtf8] 原始字符串: Change the current segment boundaries
[QString::FromUtf8] 原始字符串: Pan the screen down one line
[QString::FromUtf8] 原始字符串: Pan the screen up one line
[QString::FromUtf8] 原始字符串: Jump to a neighboring node (down)
[QString::FromUtf8] 原始字符串: Jump to a neighboring node (up)
[QString::FromUtf8] 原始字符串: New...
[QString::FromUtf8] 原始字符串: Create a new database
[QString::FromUtf8] 原始字符串: &New instance
[QString::FromUtf8] 原始字符串: Open a new IDA instance
[QString::FromUtf8] 原始字符串: Next window
[QString::FromUtf8] 原始字符串: Switch to the next window
[QString::FromUtf8] 原始字符串: Offset by (&any segment)...
[QString::FromUtf8] 原始字符串: Convert the current operand to an offset in any segment
[QString::FromUtf8] 长度超过50字符，跳过替换
[QString::FromUtf8] 原始字符串: &Binary
[QString::FromUtf8] 原始字符串: Convert the current operand to a binary number
[QString::FromUtf8] 原始字符串: Cha&racter
[QString::FromUtf8] 原始字符串: Convert the current operand to a character constant
[QString::FromUtf8] 长度超过50字符，跳过替换
[QString::FromUtf8] 原始字符串: &Decimal
[QString::FromUtf8] 原始字符串: Convert the current operand to a decimal number
[QString::FromUtf8] 原始字符串: Enu&m member...
[QString::FromUtf8] 原始字符串: Convert the current operand to a symbolic constant
[QString::FromUtf8] 原始字符串: &Floating point
[QString::FromUtf8] 原始字符串: Convert to floating point
[QString::FromUtf8] 原始字符串: &Hexadecimal
[QString::FromUtf8] 原始字符串: Convert the current operand to a hexadecimal number
[QString::FromUtf8] 长度超过50字符，跳过替换
[QString::FromUtf8] 原始字符串: &Number (default)
[QString::FromUtf8] 原始字符串: Convert the current operand to a number
[QString::FromUtf8] 原始字符串: Octa&l
[QString::FromUtf8] 原始字符串: Convert the current operand to a octal number
[QString::FromUtf8] 原始字符串: Offset (&data segment)
[QString::FromUtf8] 原始字符串: Convert the current operand to an offset in the data segment
[QString::FromUtf8] 长度超过50字符，跳过替换
[QString::FromUtf8] 原始字符串: Offset (&current segment)
[QString::FromUtf8] 原始字符串: Convert the current operand to an offset in the current segment
[QString::FromUtf8] 长度超过50字符，跳过替换
[QString::FromUtf8] 原始字符串: &Segment
[QString::FromUtf8] 原始字符串: Convert the current operand to a segment base
[QString::FromUtf8] 原始字符串: Stac&k variable
[QString::FromUtf8] 原始字符串: Convert the current operand to a stack variable
[QString::FromUtf8] 原始字符串: Offset (struc&t)...
[QString::FromUtf8] 原始字符串: Convert the current operand to a structure offset
[QString::FromUtf8] 原始字符串: Offset (&user-defined)...
[QString::FromUtf8] 原始字符串: Convert the current operand to an offset with any base
[QString::FromUtf8] 长度超过50字符，跳过替换
[QString::FromUtf8] 原始字符串: &Exports
[QString::FromUtf8] 原始字符串: Open exports window
[QString::FromUtf8] 原始字符串: &Functions
[QString::FromUtf8] 原始字符串: Open functions window
[QString::FromUtf8] 原始字符串: &Imports
[QString::FromUtf8] 原始字符串: Open imports window
[QString::FromUtf8] 原始字符串: Local &types
[QString::FromUtf8] 原始字符串: Open local type definitions window
[QString::FromUtf8] 原始字符串: &Names
[QString::FromUtf8] 原始字符串: Open names window
[QString::FromUtf8] 原始字符串: Note&pad
[QString::FromUtf8] 原始字符串: General notes about the current database
[QString::FromUtf8] 原始字符串: &Find...
[QString::FromUtf8] 原始字符串: Find
[QString::FromUtf8] 原始字符串: Find &next
[QString::FromUtf8] 原始字符串: Find next
[QString::FromUtf8] 原始字符串: Jump to...
[QString::FromUtf8] 原始字符串: Jump to...
[QString::FromUtf8] 原始字符串: Synchronized
[QString::FromUtf8] 原始字符串: Synchronize this view, with rest of the navigation
[QString::FromUtf8] 原始字符串: Pro&blems
[QString::FromUtf8] 原始字符串: Open problems window
[QString::FromUtf8] 原始字符串: Segment &registers
[QString::FromUtf8] 原始字符串: Open segment registers window
[QString::FromUtf8] 原始字符串: &Segments
[QString::FromUtf8] 原始字符串: Open segments window
[QString::FromUtf8] 原始字符串: Se&lectors
[QString::FromUtf8] 原始字符串: Open selectors window
[QString::FromUtf8] 原始字符串: Sign&atures
[QString::FromUtf8] 原始字符串: Open signatures window
[QString::FromUtf8] 原始字符串: Open source &file...
[QString::FromUtf8] 原始字符串: Open a source file
[QString::FromUtf8] 原始字符串: Stac&k variables...
[QString::FromUtf8] 原始字符串: Open the stack variables window
[QString::FromUtf8] 原始字符串: Strin&gs
[QString::FromUtf8] 原始字符串: Open string window
[QString::FromUtf8] 原始字符串: T&ype libraries
[QString::FromUtf8] 原始字符串: Open types window
[QString::FromUtf8] 原始字符串: Cr&oss references
[QString::FromUtf8] 原始字符串: Open cross references window
[QString::FromUtf8] 原始字符串: Cross references tree
[QString::FromUtf8] 原始字符串: Open cross references tree
[QString::FromUtf8] 原始字符串: Add Filter
[QString::FromUtf8] 原始字符串: Add a new filter to xref tree
[QString::FromUtf8] 原始字符串: Remove Last Filter
[QString::FromUtf8] 原始字符串: Remove last filter from xref tree
[QString::FromUtf8] 原始字符串: Copy
[QString::FromUtf8] 原始字符串: Copy reference to clipboard
[QString::FromUtf8] 原始字符串: Toggle Sync with cursor
[QString::FromUtf8] 原始字符串: Toggle sync with IDA cursor
[QString::FromUtf8] 原始字符串: Hide function
[QString::FromUtf8] 原始字符串: Hide function from xref tree
[QString::FromUtf8] 原始字符串: Open Search
[QString::FromUtf8] 原始字符串: Open search section in xref tree
[QString::FromUtf8] 原始字符串: Next Match
[QString::FromUtf8] 原始字符串: Navigate to next search match
[QString::FromUtf8] 原始字符串: Previous Match
[QString::FromUtf8] 原始字符串: Navigate to previous search match
[QString::FromUtf8] 原始字符串: Clear Search
[QString::FromUtf8] 原始字符串: Clear search and close search section
[QString::FromUtf8] 原始字符串: Bookmar&ks
[QString::FromUtf8] 原始字符串: Open bookmarks window
[QString::FromUtf8] 原始字符串: &General...
[QString::FromUtf8] 原始字符串: &Output window
[QString::FromUtf8] 原始字符串: Display the output window if hidden
[QString::FromUtf8] 原始字符串: Change &byte...
[QString::FromUtf8] 原始字符串: Change program bytes
[QString::FromUtf8] 原始字符串: Change &word...
[QString::FromUtf8] 原始字符串: Change program words
[QString::FromUtf8] 原始字符串: Processor analysis options...
[QString::FromUtf8] 原始字符串: Patched bytes
[QString::FromUtf8] 原始字符串: Previous window
[QString::FromUtf8] 原始字符串: Switch to the previous window
[QString::FromUtf8] 原始字符串: &Attach to process...
[QString::FromUtf8] 原始字符串: Attach the debugger to a running process
[QString::FromUtf8] 原始字符串: Detac&h from process
[QString::FromUtf8] 原始字符串: Detach the debugger from the debugged process
[QString::FromUtf8] 原始字符串: &Terminate process
[QString::FromUtf8] 原始字符串: Terminate the debugged process
[QString::FromUtf8] 原始字符串: C&ontinue backwards
[QString::FromUtf8] 原始字符串: Continue execution backwards in a trace (with supported debuggers)
[QString::FromUtf8] 长度超过50字符，跳过替换
[QString::FromUtf8] 原始字符串: &Pause process
[QString::FromUtf8] 原始字符串: Pause or continue the debugged process
[QString::FromUtf8] 原始字符串: &Start process
[QString::FromUtf8] 原始字符串: Start a new process in the debugger or continue a debugged process
[QString::FromUtf8] 长度超过50字符，跳过替换
[QString::FromUtf8] 原始字符串: Create &ASM file...
[QString::FromUtf8] 原始字符串: Create an assembler file
[QString::FromUtf8] 原始字符串: Create call &graph GDL...
[QString::FromUtf8] 原始字符串: Create &DIF file...
[QString::FromUtf8] 原始字符串: Create a difference file
[QString::FromUtf8] 原始字符串: Create &EXE file...
[QString::FromUtf8] 原始字符串: Create an executable file
[QString::FromUtf8] 原始字符串: Create &flow chart GDL...
[QString::FromUtf8] 原始字符串: Create C &header file...
[QString::FromUtf8] 原始字符串: Creates a header file from local types
[QString::FromUtf8] 原始字符串: Create &HTML file...
[QString::FromUtf8] 原始字符串: Create a HTML file
[QString::FromUtf8] 原始字符串: Create &INC file...
[QString::FromUtf8] 原始字符串: Create an include file
[QString::FromUtf8] 原始字符串: Create &LST file...
[QString::FromUtf8] 原始字符串: Create a listing file
[QString::FromUtf8] 原始字符串: Create &MAP file...
[QString::FromUtf8] 原始字符串: Create a map information file
[QString::FromUtf8] 原始字符串: &Quick debug view
[QString::FromUtf8] 原始字符串: Quickly open a debug view
[QString::FromUtf8] 原始字符串: &Quick run plugins
[QString::FromUtf8] 原始字符串: Quickly run a plugin
[QString::FromUtf8] 原始字符串: &Quick start
[QString::FromUtf8] 原始字符串: Display the quick start window
[QString::FromUtf8] 原始字符串: &Quick view
[QString::FromUtf8] 原始字符串: Quickly open a view
[QString::FromUtf8] 原始字符串: E&xit
[QString::FromUtf8] 原始字符串: Save everything and exit IDA
[QString::FromUtf8] 原始字符串: Add &read/write trace
[QString::FromUtf8] 原始字符串: Add a read/write trace to the current address
[QString::FromUtf8] 原始字符串: Reanalyze program
[QString::FromUtf8] 原始字符串: Reanalyze the whole program
[QString::FromUtf8] 原始字符串: &Rebase program...
[QString::FromUtf8] 原始字符串: R&ecent scripts
[QString::FromUtf8] 原始字符串: Run currently selected script
[QString::FromUtf8] 原始字符串: &Refresh memory
[QString::FromUtf8] 原始字符串: &Reload the input file
[QString::FromUtf8] 原始字符串: Re&move function tail...
[QString::FromUtf8] 原始字符串: &Rename register...
[QString::FromUtf8] 原始字符串: Rename a general processor register
[QString::FromUtf8] 原始字符串: Repeat last palette command
[QString::FromUtf8] 原始字符串: &Reset desktop
[QString::FromUtf8] 原始字符串: Reset h&idden messages...
[QString::FromUtf8] 原始字符串: Jump to p&revious position
[QString::FromUtf8] 原始字符串: Return to the previous saved position
[QString::FromUtf8] 原始字符串: &Save
[QString::FromUtf8] 原始字符串: Save the database
[QString::FromUtf8] 原始字符串: Sa&ve as...
[QString::FromUtf8] 原始字符串: Save the database as...
[QString::FromUtf8] 原始字符串: Take database snapsho&t...
[QString::FromUtf8] 原始字符串: Take database snapshot...
[QString::FromUtf8] 原始字符串: &Save desktop...
[QString::FromUtf8] 原始字符串: Search next
[QString::FromUtf8] 原始字符串: Search for the next item
[QString::FromUtf8] 原始字符串: Change segment &translation...
[QString::FromUtf8] 原始字符串: Change the current segment translation table
[QString::FromUtf8] 原始字符串: Select &all
[QString::FromUtf8] 原始字符串: Select &identifier
[QString::FromUtf8] 原始字符串: Se&lect union member...
[QString::FromUtf8] 原始字符串: Choose the representation of a union member
[QString::FromUtf8] 原始字符串: S&tring literals...
[QString::FromUtf8] 原始字符串: Setup string literal style
[QString::FromUtf8] 原始字符串: &Colors...
[QString::FromUtf8] 原始字符串: Setup colors
[QString::FromUtf8] 原始字符串: De&mangled names...
[QString::FromUtf8] 原始字符串: Setup C++ demangled name representation
[QString::FromUtf8] 原始字符串: Search direction
[QString::FromUtf8] 原始字符串: Change the search direction
[QString::FromUtf8] 原始字符串: Assembler d&irectives...
[QString::FromUtf8] 原始字符串: Setup assembler directive generation
[QString::FromUtf8] 原始字符串: &Font...
[QString::FromUtf8] 原始字符串: Setup font
[QString::FromUtf8] 原始字符串: Increase Font Size
[QString::FromUtf8] 原始字符串: Decrease Font Size
[QString::FromUtf8] 原始字符串: Reset Font Size
[QString::FromUtf8] 原始字符串: &Name representation...
[QString::FromUtf8] 原始字符串: Setup name representation
[QString::FromUtf8] 原始字符串: Set operand t&ype...
[QString::FromUtf8] 原始字符串: Set the current operand's type
[QString::FromUtf8] 原始字符串: Change se&gment register value...
[QString::FromUtf8] 原始字符串: Set defa&ult segment register value...
[QString::FromUtf8] 原始字符串: Set t&ype...
[QString::FromUtf8] 原始字符串: Set type information for an item or current function
[QString::FromUtf8] 长度超过50字符，跳过替换
[QString::FromUtf8] 原始字符串: Compi&ler...
[QString::FromUtf8] 原始字符串: Setup target compiler and its parameteres
[QString::FromUtf8] 原始字符串: Setup &data types...
[QString::FromUtf8] 原始字符串: Deb&ugger options...
[QString::FromUtf8] 原始字符串: &Setup hidden items...
[QString::FromUtf8] 原始字符串: Process &options...
[QString::FromUtf8] 原始字符串: Tracing &options...
[QString::FromUtf8] 原始字符串: Feature Flags...
[QString::FromUtf8] 原始字符串: Configure feature flags
[QString::FromUtf8] 原始字符串: &Shortcuts...
[QString::FromUtf8] 原始字符串: Edit shortcuts
[QString::FromUtf8] 原始字符串: Print internal &flags
[QString::FromUtf8] 原始字符串: Print internal flags in the messages window
[QString::FromUtf8] 原始字符串: &Help
[QString::FromUtf8] 精确匹配: 帮助(&H)
[QString::FromUtf8] 原始字符串: Online help
[QString::FromUtf8] 原始字符串: Use either the online, or bundled IDA manual
[QString::FromUtf8] 原始字符串: Print se&gment registers
[QString::FromUtf8] 原始字符串: Print segment registers in the messages window
[QString::FromUtf8] 原始字符串: Database snapshot &manager...
[QString::FromUtf8] 原始字符串: Show the database snapshot manager...
[QString::FromUtf8] 原始字符串: Remove ga&p...
[QString::FromUtf8] 原始字符串: Remove bytes from a structure
[QString::FromUtf8] 原始字符串: &Stack trace
[QString::FromUtf8] 原始字符串: Open the stack trace window
[QString::FromUtf8] 原始字符串: &Stack view
[QString::FromUtf8] 原始字符串: &C-style (0 terminated)
[QString::FromUtf8] 原始字符串: &DOS style ($ terminated)
[QString::FromUtf8] 原始字符串: &Delphi (4 byte length)
[QString::FromUtf8] 原始字符串: &Pascal style (1 byte length)
[QString::FromUtf8] 原始字符串: &Wide pascal (2 byte length)
[QString::FromUtf8] 原始字符串: &Unicode
[QString::FromUtf8] 原始字符串: Unicode pascal (2 byte length)
[QString::FromUtf8] 原始字符串: Unicode wide pascal (4 byte length)
[QString::FromUtf8] 原始字符串: IDA &support forum
[QString::FromUtf8] 原始字符串: Switch d&ebugger...
[QString::FromUtf8] 原始字符串: Switch to &source
[QString::FromUtf8] 原始字符串: Switch from disassembly to source view
[QString::FromUtf8] 原始字符串: Take &memory snapshot
[QString::FromUtf8] 原始字符串: Take memory snapshot
[QString::FromUtf8] 原始字符串: Run to &cursor
[QString::FromUtf8] 原始字符串: Execute instructions until instruction under the cursor is reached
[QString::FromUtf8] 长度超过50字符，跳过替换
[QString::FromUtf8] 原始字符串: Run to &cursor (backwards)
[QString::FromUtf8] 原始字符串: Execute instructions backwards until instruction under the cursor is reached
[QString::FromUtf8] 长度超过50字符，跳过替换
[QString::FromUtf8] 原始字符串: Run until return
[QString::FromUtf8] 原始字符串: Run until execution returns from the current function
[QString::FromUtf8] 长度超过50字符，跳过替换
[QString::FromUtf8] 原始字符串: Set IP
[QString::FromUtf8] 原始字符串: Step &into
[QString::FromUtf8] 原始字符串: Execute each instruction
[QString::FromUtf8] 原始字符串: Step &into (backwards)
[QString::FromUtf8] 原始字符串: Execute each instruction backwards
[QString::FromUtf8] 原始字符串: Step o&ver
[QString::FromUtf8] 原始字符串: Execute instructions without entering into functions
[QString::FromUtf8] 长度超过50字符，跳过替换
[QString::FromUtf8] 原始字符串: Step o&ver (backwards)
[QString::FromUtf8] 原始字符串: Execute instructions backwards without entering into functions
[QString::FromUtf8] 长度超过50字符，跳过替换
[QString::FromUtf8] 原始字符串: &Thread list
[QString::FromUtf8] 原始字符串: Open threads window
[QString::FromUtf8] 原始字符串: Toggle &border
[QString::FromUtf8] 原始字符串: Toggle the display of a border between code and data
[QString::FromUtf8] 长度超过50字符，跳过替换
[QString::FromUtf8] 原始字符串: &Hex dump
[QString::FromUtf8] 原始字符串: Open hexadecimal view
[QString::FromUtf8] 原始字符串: &Toggle leading zeroes
[QString::FromUtf8] 原始字符串: Analysis indicator
[QString::FromUtf8] 原始字符串: Toggle renderer
[QString::FromUtf8] 原始字符串: Use source-&level debugging
[QString::FromUtf8] 原始字符串: &Basic block tracing
[QString::FromUtf8] 原始字符串: Toggle basic block tracing
[QString::FromUtf8] 原始字符串: &Function tracing
[QString::FromUtf8] 原始字符串: Toggle function tracing
[QString::FromUtf8] 原始字符串: &Instruction tracing
[QString::FromUtf8] 原始字符串: Toggle instruction tracing
[QString::FromUtf8] 原始字符串: Tracing &window
[QString::FromUtf8] 原始字符串: Open tracing window
[QString::FromUtf8] 原始字符串: &Unhide
[QString::FromUtf8] 原始字符串: Unhide the current function, segment, structure, enumeration or hidden range
[QString::FromUtf8] 长度超过50字符，跳过替换
[QString::FromUtf8] 原始字符串: Unhid&e all
[QString::FromUtf8] 原始字符串: Unhide all functions, structs or enums
[QString::FromUtf8] 原始字符串: Jump to nex&t position
[QString::FromUtf8] 原始字符串: Go to the next saved position
[QString::FromUtf8] 原始字符串: &Watch list
[QString::FromUtf8] 原始字符串: Open the watch list window
[QString::FromUtf8] 原始字符串: &Watch view
[QString::FromUtf8] 原始字符串: Open a new watch window
[QString::FromUtf8] 原始字符串: Switch to window #1
[QString::FromUtf8] 原始字符串: Switch to window #2
[QString::FromUtf8] 原始字符串: Switch to window #3
[QString::FromUtf8] 原始字符串: Switch to window #4
[QString::FromUtf8] 原始字符串: Switch to window #5
[QString::FromUtf8] 原始字符串: Switch to window #6
[QString::FromUtf8] 原始字符串: Switch to window #7
[QString::FromUtf8] 原始字符串: Switch to window #8
[QString::FromUtf8] 原始字符串: Switch to window #9
[QString::FromUtf8] 原始字符串: &Disassembly
[QString::FromUtf8] 原始字符串: Open disassembly view
[QString::FromUtf8] 原始字符串: Windows &list
[QString::FromUtf8] 原始字符串: Display list of the currently open windows
[QString::FromUtf8] 原始字符串: Windows list (next)
[QString::FromUtf8] 原始字符串: Windows &list (prev)
[QString::FromUtf8] 原始字符串: Add &write trace
[QString::FromUtf8] 原始字符串: Add a write trace to the current address
[QString::FromUtf8] 原始字符串: &Force zero offset field
[QString::FromUtf8] 原始字符串: Toggle display of the first field of a structure in an offset expression
[QString::FromUtf8] 长度超过50字符，跳过替换
[QString::FromUtf8] 原始字符串: Jump to the top of the window
[QString::FromUtf8] 原始字符串: Jump to the top of the window
[QString::FromUtf8] 原始字符串: Jump to the bottom of the window
[QString::FromUtf8] 原始字符串: Jump to the bottom of the window
[QString::FromUtf8] 原始字符串: Jump to start of line/window top/start
[QString::FromUtf8] 原始字符串: Jump to start of line/window top/start
[QString::FromUtf8] 原始字符串: Jump to end of line/window bottom/end
[QString::FromUtf8] 原始字符串: Jump to end of line/window bottom/end
[QString::FromUtf8] 原始字符串: Jump to listing start
[QString::FromUtf8] 原始字符串: Jump to listing start
[QString::FromUtf8] 原始字符串: Jump to listing end
[QString::FromUtf8] 原始字符串: Jump to listing end
[QString::FromUtf8] 原始字符串: Move one character left
[QString::FromUtf8] 原始字符串: Move one character left
[QString::FromUtf8] 原始字符串: Move one character right
[QString::FromUtf8] 原始字符串: Move one character right
[QString::FromUtf8] 原始字符串: Move one word left
[QString::FromUtf8] 原始字符串: Move one word left
[QString::FromUtf8] 原始字符串: Move one word right
[QString::FromUtf8] 原始字符串: Move one word right
[QString::FromUtf8] 原始字符串: Move one line up
[QString::FromUtf8] 原始字符串: Move one line up
[QString::FromUtf8] 原始字符串: Move one line down
[QString::FromUtf8] 原始字符串: Move one line down
[QString::FromUtf8] 原始字符串: Move one page up
[QString::FromUtf8] 原始字符串: Move one page up
[QString::FromUtf8] 原始字符串: Move one page down
[QString::FromUtf8] 原始字符串: Move one page down
[QString::FromUtf8] 原始字符串: Move one character left
[QString::FromUtf8] 原始字符串: Move one character left
[QString::FromUtf8] 原始字符串: Move one character right
[QString::FromUtf8] 原始字符串: Move one character right
[QString::FromUtf8] 原始字符串: Move one word left
[QString::FromUtf8] 原始字符串: Move one word left
[QString::FromUtf8] 原始字符串: Move one word right
[QString::FromUtf8] 原始字符串: Move one word right
[QString::FromUtf8] 原始字符串: Move one line up
[QString::FromUtf8] 原始字符串: Move one line up
[QString::FromUtf8] 原始字符串: Move one line down
[QString::FromUtf8] 原始字符串: Move one line down
[QString::FromUtf8] 原始字符串: Move one page up
[QString::FromUtf8] 原始字符串: Move one page up
[QString::FromUtf8] 原始字符串: Move one page down
[QString::FromUtf8] 原始字符串: Move one page down
[QString::FromUtf8] 原始字符串: Move to beginning of line
[QString::FromUtf8] 原始字符串: Move to beginning of line
[QString::FromUtf8] 原始字符串: Move to end of line
[QString::FromUtf8] 原始字符串: Move to end of line
[QString::FromUtf8] 原始字符串: Move to beginning of text
[QString::FromUtf8] 原始字符串: Move to beginning of text
[QString::FromUtf8] 原始字符串: Move to end of text
[QString::FromUtf8] 原始字符串: Move to end of text
[QString::FromUtf8] 原始字符串: &Copy
[QString::FromUtf8] 原始字符串: Copy selection to clipboard
[QString::FromUtf8] 原始字符串: Select All
[QString::FromUtf8] 原始字符串: Select all text
[QString::FromUtf8] 原始字符串: &Find
[QString::FromUtf8] 原始字符串: Find
[QString::FromUtf8] 原始字符串: Find &next
[QString::FromUtf8] 原始字符串: Find next
[QString::FromUtf8] 原始字符串: C&lear
[QString::FromUtf8] 原始字符串: Clear
[QString::FromUtf8] 原始字符串: Save to file...
[QString::FromUtf8] 原始字符串: Save to file...
[QString::FromUtf8] 原始字符串: Show timestamps
[QString::FromUtf8] 原始字符串: Show timestamps
[QString::FromUtf8] 原始字符串: Auto-scroll
[QString::FromUtf8] 原始字符串: Auto-scroll to bottom when new messages arrive
[QString::FromUtf8] 原始字符串: Move previous char, in current column
[QString::FromUtf8] 原始字符串: Move previous char, in current column
[QString::FromUtf8] 原始字符串: Move previous char, in current column
[QString::FromUtf8] 原始字符串: Move previous char, in current column
[QString::FromUtf8] 原始字符串: Move to beginning of current column
[QString::FromUtf8] 原始字符串: Move to beginning of current column
[QString::FromUtf8] 原始字符串: Move to beginning of current column
[QString::FromUtf8] 原始字符串: Move to beginning of current column
[QString::FromUtf8] 原始字符串: Search highlight up
[QString::FromUtf8] 原始字符串: Search highlight up
[QString::FromUtf8] 原始字符串: Search highlight down
[QString::FromUtf8] 原始字符串: Search highlight down
[QString::FromUtf8] 原始字符串: Find register definition
[QString::FromUtf8] 原始字符串: Find register definition
[QString::FromUtf8] 原始字符串: Find register use
[QString::FromUtf8] 原始字符串: Find register use
[QString::FromUtf8] 原始字符串: Print register value
[QString::FromUtf8] 原始字符串: Print register value
[QString::FromUtf8] 原始字符串: Show trace info
[QString::FromUtf8] 原始字符串: Show overlay info
[QString::FromUtf8] 原始字符串: Clear trace
[QString::FromUtf8] 原始字符串: Clear overlay
[QString::FromUtf8] 原始字符串: Load trace
[QString::FromUtf8] 原始字符串: Load overlay
[QString::FromUtf8] 原始字符串: Save trace
[QString::FromUtf8] 原始字符串: Show trace call graph
[QString::FromUtf8] 原始字符串: Export trace to text file
[QString::FromUtf8] 原始字符串: Change trace description
[QString::FromUtf8] 原始字符串: Subtract overlay
[QString::FromUtf8] 原始字符串: Export to header file
[QString::FromUtf8] 原始字符串: Show selection only
[QString::FromUtf8] 原始字符串: Map to another type...
[QString::FromUtf8] 原始字符串: C-like format
[QString::FromUtf8] 原始字符串: Toggle between assembly & C-like representation
[QString::FromUtf8] 原始字符串: Show completions
[QString::FromUtf8] 原始字符串: Forcibly show suggestions fot types autocompletion
[QString::FromUtf8] 原始字符串: Move to folder...
[QString::FromUtf8] 原始字符串: Move current function/selection to function folder
[QString::FromUtf8] 原始字符串: &Suspend thread
[QString::FromUtf8] 原始字符串: &Resume thread
[QString::FromUtf8] 原始字符串: Load debug &symbols
[QString::FromUtf8] 原始字符串: &Jump to module base
[QString::FromUtf8] 原始字符串: &Analyze module
[QString::FromUtf8] 原始字符串: &Break on access
[QString::FromUtf8] 原始字符串: &Jump
[QString::FromUtf8] 精确匹配: 跳转(&J)
[QString::FromUtf8] 原始字符串: Jump in a ne&w window
[QString::FromUtf8] 原始字符串: Open register window
[QString::FromUtf8] 原始字符串: Modify value...
[QString::FromUtf8] 原始字符串: Zero value
[QString::FromUtf8] 原始字符串: Toggle value
[QString::FromUtf8] 原始字符串: Increment value
[QString::FromUtf8] 原始字符串: Decrement value
[QString::FromUtf8] 原始字符串: Copy value
[QString::FromUtf8] 原始字符串: Show annotations
[QString::FromUtf8] 原始字符串: Dereferencing options
[QString::FromUtf8] 原始字符串: Setup...
[QString::FromUtf8] 原始字符串: Rebuild...
[QString::FromUtf8] 原始字符串: Clear...
[QString::FromUtf8] 原始字符串: Move segment(s)
[QString::FromUtf8] 原始字符串: Break on access
[QString::FromUtf8] 原始字符串: Undo
[QString::FromUtf8] 原始字符串: Redo
[QString::FromUtf8] 原始字符串: Disable undo
[QString::FromUtf8] 原始字符串: Reset undo history
[QString::FromUtf8] 原始字符串: Undo history
[QString::FromUtf8] 原始字符串: Copy
[QString::FromUtf8] 原始字符串: Copy all
[QString::FromUtf8] 原始字符串: Unsort
[QString::FromUtf8] 原始字符串: Quick filter
[QString::FromUtf8] 原始字符串: Search...
[QString::FromUtf8] 原始字符串: Search again
[QString::FromUtf8] 原始字符串: Show demangled
[QString::FromUtf8] 原始字符串: Use nice names for addresses
[QString::FromUtf8] 原始字符串: Apply selection
[QString::FromUtf8] 原始字符串: Apply selection
[QString::FromUtf8] 原始字符串: Pull function
[QString::FromUtf8] 原始字符串: Pull function metadata from the primary server
[QString::FromUtf8] 原始字符串: Push function
[QString::FromUtf8] 原始字符串: Push function metadata to the primary server
[QString::FromUtf8] 原始字符串: Revert function
[QString::FromUtf8] 原始字符串: Revert function metadata
[QString::FromUtf8] 原始字符串: Delete function metadata
[QString::FromUtf8] 原始字符串: Delete function metadata from the primary server
[QString::FromUtf8] 原始字符串: View function
[QString::FromUtf8] 原始字符串: View function metadata from the primary server
[QString::FromUtf8] 原始字符串: Metadata History
[QString::FromUtf8] 原始字符串: Metadata History
[QString::FromUtf8] 原始字符串: Pull all
[QString::FromUtf8] 原始字符串: Pull all metadata from the primary server
[QString::FromUtf8] 原始字符串: Push all
[QString::FromUtf8] 原始字符串: Push all metadata to the primary server
[QString::FromUtf8] 原始字符串: Restore selection
[QString::FromUtf8] 原始字符串: Restore selection
[QString::FromUtf8] 原始字符串: View all
[QString::FromUtf8] 原始字符串: View all metadata from the primary server
[QString::FromUtf8] 原始字符串: Pull all
[QString::FromUtf8] 原始字符串: Pull all metadata from the secondary server
[QString::FromUtf8] 原始字符串: Push all
[QString::FromUtf8] 原始字符串: Push all metadata to the secondary server
[QString::FromUtf8] 原始字符串: View all
[QString::FromUtf8] 原始字符串: View all metadata from the secondary server
[QString::FromUtf8] 原始字符串: Pull function
[QString::FromUtf8] 原始字符串: Pull function metadata from the secondary server
[QString::FromUtf8] 原始字符串: Push function
[QString::FromUtf8] 原始字符串: Push function metadata to the secondary server
[QString::FromUtf8] 原始字符串: Delete function metadata
[QString::FromUtf8] 原始字符串: Delete function metadata from the secondary server
[QString::FromUtf8] 原始字符串: View function
[QString::FromUtf8] 原始字符串: View function metadata from the secondary server
[QString::FromUtf8] 原始字符串: Run current...
[QString::FromUtf8] 原始字符串: Run current...
[QString::FromUtf8] 原始字符串: Import from file...
[QString::FromUtf8] 原始字符串: Import from file...
[QString::FromUtf8] 原始字符串: Export to file...
[QString::FromUtf8] 原始字符串: Export to file...
[QString::FromUtf8] 原始字符串: Clone
[QString::FromUtf8] 原始字符串: Create a new snippet, copy of this one
[QString::FromUtf8] 原始字符串: Change tab size...
[QString::FromUtf8] 原始字符串: Change tab size...
[QString::FromUtf8] 原始字符串: &External help
[QString::FromUtf8] 原始字符串: Source &paths...
[QString::FromUtf8] 原始字符串: Setup source paths
[QString::FromUtf8] 原始字符串: Revert to defaults
[QString::FromUtf8] 原始字符串: Navigation history
[QString::FromUtf8] 原始字符串: Previous chunk
[QString::FromUtf8] 原始字符串: Move to previous difference
[QString::FromUtf8] 原始字符串: Center chunk
[QString::FromUtf8] 原始字符串: Center chunk on screen
[QString::FromUtf8] 原始字符串: Next chunk
[QString::FromUtf8] 原始字符串: Move to next difference
[QString::FromUtf8] 原始字符串: Previous conflict
[QString::FromUtf8] 原始字符串: Move to previous conflict
[QString::FromUtf8] 原始字符串: Next conflict
[QString::FromUtf8] 原始字符串: Move to next conflict
[QString::FromUtf8] 原始字符串: Apply all non-conflicting differences in this step
[QString::FromUtf8] 原始字符串: Apply all in this step (conflicts will be left untouched)
[QString::FromUtf8] 长度超过50字符，跳过替换
[QString::FromUtf8] 原始字符串: Apply all differences in this step (keep local)
[QString::FromUtf8] 原始字符串: Apply all in this step (keep changes in 'local' for conflicts)
[QString::FromUtf8] 长度超过50字符，跳过替换
[QString::FromUtf8] 原始字符串: Proceed to the next step
[QString::FromUtf8] 原始字符串: Proceed to the next step
[QString::FromUtf8] 原始字符串: Apply all differences in this step (pick remote)
[QString::FromUtf8] 原始字符串: Apply all in this step (pick changes in 'remote' for conflicts)
[QString::FromUtf8] 长度超过50字符，跳过替换
[QString::FromUtf8] 原始字符串: Apply all differences until this step (pick local)
[QString::FromUtf8] 原始字符串: Apply all differences until this step (pick local)
[QString::FromUtf8] 原始字符串: Apply all differences until this step (pick remote)
[QString::FromUtf8] 长度超过50字符，跳过替换
[QString::FromUtf8] 原始字符串: Apply all differences until this step (pick remote)
[QString::FromUtf8] 长度超过50字符，跳过替换
[QString::FromUtf8] 原始字符串: Proceed to this step
[QString::FromUtf8] 原始字符串: Proceed to this step
[QString::FromUtf8] 原始字符串: Keep local change
[QString::FromUtf8] 原始字符串: Keep 'local' change
[QString::FromUtf8] 原始字符串: Pick remote change
[QString::FromUtf8] 原始字符串: Pick 'remote' change
[QString::FromUtf8] 原始字符串: Toggle 'Common' panel
[QString::FromUtf8] 原始字符串: Toggle 'Common' panel
[QString::FromUtf8] 原始字符串: Toggle 'Details'
[QString::FromUtf8] 原始字符串: Toggle 'Details'
[QString::FromUtf8] 原始字符串: Insert...
[QString::FromUtf8] 原始字符串: Delete
[QString::FromUtf8] 原始字符串: Edit...
[QString::FromUtf8] 原始字符串: Refresh
[QString::FromUtf8] 原始字符串: Copy
[QString::FromUtf8] 原始字符串: Copy all
[QString::FromUtf8] 原始字符串: Unsort
[QString::FromUtf8] 原始字符串: Quick filter
[QString::FromUtf8] 原始字符串: Modify filters...
[QString::FromUtf8] 原始字符串: Reset filters
[QString::FromUtf8] 原始字符串: Search...
[QString::FromUtf8] 原始字符串: Search again
[QString::FromUtf8] 原始字符串: Columns...
[QString::FromUtf8] 原始字符串: Hide column
[QString::FromUtf8] 原始字符串: Show folders
[QString::FromUtf8] 原始字符串: Create folder...
[QString::FromUtf8] 原始字符串: Quick filter
[QString::FromUtf8] 原始字符串: Modify filters...
[QString::FromUtf8] 原始字符串: Reset filters
[QString::FromUtf8] 原始字符串: Unsort
[QString::FromUtf8] 原始字符串: Edit...
[QString::FromUtf8] 原始字符串: Insert...
[QString::FromUtf8] 原始字符串: Delete
[QString::FromUtf8] 原始字符串: Hide column
[QString::FromUtf8] 原始字符串: Columns...
[QString::FromUtf8] 原始字符串: Re&name
[QString::FromUtf8] 原始字符串: Search...
[QString::FromUtf8] 原始字符串: Search again
[QString::FromUtf8] 原始字符串: Copy
[QString::FromUtf8] 原始字符串: Copy all
[QString::FromUtf8] 原始字符串: Expand selected folders
[QString::FromUtf8] 原始字符串: Collapse selected folders
[QString::FromUtf8] 原始字符串: Cut
[QString::FromUtf8] 原始字符串: Paste
[QString::FromUtf8] 原始字符串: Reset natural order
[QString::FromUtf8] 原始字符串: Move to folder...
[QString::FromUtf8] 原始字符串: Match case
[QString::FromUtf8] 原始字符串: Regular expression
[QString::FromUtf8] 原始字符串: Fuzzy matching
[QString::FromUtf8] 原始字符串: Whole words
[QString::FromUtf8] 原始字符串: Return
[QString::FromUtf8] 原始字符串: UndoReturn
[QString::FromUtf8] 原始字符串: :/IDAG/resources/app/pro/medium.png
[QString::FromUtf8] 原始字符串: Fullscreen
[QString::FromUtf8] 原始字符串: Float
[QString::FromUtf8] 原始字符串: Close
[QTranslate] 原始字符串: Navigator
[QTranslate] 原始字符串: Float
[QTranslate] 原始字符串: Undocks and re-attaches the dock widget
[QTranslate] 原始字符串: Close
[QTranslate] 原始字符串: Closes the dock widget
[QTranslate] 原始字符串: Float
[QTranslate] 原始字符串: Undocks and re-attaches the dock widget
[QTranslate] 原始字符串: Close
[QTranslate] 原始字符串: Closes the dock widget
[QTranslate] 原始字符串: Float
[QTranslate] 原始字符串: Undocks and re-attaches the dock widget
[QTranslate] 原始字符串: Close
[QTranslate] 原始字符串: Closes the dock widget
[QTranslate] 原始字符串: Float
[QTranslate] 原始字符串: Undocks and re-attaches the dock widget
[QTranslate] 原始字符串: Close
[QTranslate] 原始字符串: Closes the dock widget
[QTranslate] 原始字符串: Float
[QTranslate] 原始字符串: Undocks and re-attaches the dock widget
[QTranslate] 原始字符串: Close
[QTranslate] 原始字符串: Closes the dock widget
[QTranslate] 原始字符串: Float
[QTranslate] 原始字符串: Undocks and re-attaches the dock widget
[QTranslate] 原始字符串: Close
[QTranslate] 原始字符串: Closes the dock widget
[QString::FromUtf8] 原始字符串: JNI_OnLoad
[QString::FromUtf8] 原始字符串: 12dc
[QString::FromUtf8] 原始字符串: ddress
[QString::FromUtf8] 原始字符串: validaddress
[QString::FromUtf8] 原始字符串: maps
[QString::FromUtf8] 原始字符串: pthread
[QString::FromUtf8] 原始字符串: p
[QString::FromUtf8] 原始字符串: 125
[QString::FromUtf8] 原始字符串: 125
[QString::FromUtf8] 原始字符串: 125
[QString::FromUtf8] 原始字符串: 125
[QString::FromUtf8] 原始字符串: 125
[QString::FromUtf8] 原始字符串: 125
[QString::FromUtf8] 原始字符串: 125
[QString::FromUtf8] 原始字符串: 125
[QString::FromUtf8] 原始字符串: 125
[QString::FromUtf8] 原始字符串: 125
[QString::FromUtf8] 原始字符串: 125
[QString::FromUtf8] 原始字符串: 125
[QString::FromUtf8] 原始字符串: 125
[QString::FromUtf8] 原始字符串: 125
[QString::FromUtf8] 原始字符串: 125
[QString::FromUtf8] 长度超过50字符，跳过替换
[QTranslate] 原始字符串: Float
[QTranslate] 原始字符串: Undocks and re-attaches the dock widget
[QTranslate] 原始字符串: Close
[QTranslate] 原始字符串: Closes the dock widget
[QString::FromUtf8] 原始字符串: IDC
[QString::FromUtf8] 原始字符串: Enter IDC expressions or statements
[QString::FromUtf8] 原始字符串: ...     (unassigned)
[QString::FromUtf8] 原始字符串: ...     (unassigned)
[QString::FromUtf8] 原始字符串: ...     (unassigned)
[QString::FromUtf8] 原始字符串: ...     (unassigned)
[QString::FromUtf8] 原始字符串: ...     (unassigned)
[QString::FromUtf8] 原始字符串: ...     (unassigned)
[QString::FromUtf8] 原始字符串: ...     (unassigned)
[QString::FromUtf8] 原始字符串: ...     (unassigned)
[QString::FromUtf8] 原始字符串: Ctrl-F9
[QTranslate] 原始字符串: Ctrl
[QTranslate] 原始字符串: Shift
[QTranslate] 原始字符串: Alt
[QTranslate] 原始字符串: Meta
[QTranslate] 原始字符串: Num
[QString::FromUtf8] 原始字符串: Ctrl+F9
[QString::FromUtf8] 原始字符串: Alt-F9
[QTranslate] 原始字符串: Ctrl
[QTranslate] 原始字符串: Shift
[QTranslate] 原始字符串: Alt
[QTranslate] 原始字符串: Meta
[QTranslate] 原始字符串: Num
[QString::FromUtf8] 原始字符串: Alt+F9
[QString::FromUtf8] 原始字符串: Alt-F7
[QTranslate] 原始字符串: Ctrl
[QTranslate] 原始字符串: Shift
[QTranslate] 原始字符串: Alt
[QTranslate] 原始字符串: Meta
[QTranslate] 原始字符串: Num
[QString::FromUtf8] 原始字符串: Alt+F7
[QString::FromUtf8] 原始字符串: Shift-F2
[QTranslate] 原始字符串: Ctrl
[QTranslate] 原始字符串: Shift
[QTranslate] 原始字符串: Alt
[QTranslate] 原始字符串: Meta
[QTranslate] 原始字符串: Num
[QString::FromUtf8] 原始字符串: Shift+F2
[QString::FromUtf8] 原始字符串: Ctrl-W
[QTranslate] 原始字符串: Ctrl
[QTranslate] 原始字符串: Shift
[QTranslate] 原始字符串: Alt
[QTranslate] 原始字符串: Meta
[QTranslate] 原始字符串: Num
[QString::FromUtf8] 原始字符串: Ctrl+W
[QString::FromUtf8] 原始字符串: Ctrl-Shift-W
[QTranslate] 原始字符串: Ctrl
[QTranslate] 原始字符串: Shift
[QTranslate] 原始字符串: Alt
[QTranslate] 原始字符串: Meta
[QTranslate] 原始字符串: Num
[QString::FromUtf8] 原始字符串: Ctrl+Shift+W
[QString::FromUtf8] 原始字符串: Alt-X
[QTranslate] 原始字符串: Ctrl
[QTranslate] 原始字符串: Shift
[QTranslate] 原始字符串: Alt
[QTranslate] 原始字符串: Meta
[QTranslate] 原始字符串: Num
[QString::FromUtf8] 原始字符串: Alt+X
[QString::FromUtf8] 原始字符串: Alt-F10
[QTranslate] 原始字符串: Ctrl
[QTranslate] 原始字符串: Shift
[QTranslate] 原始字符串: Alt
[QTranslate] 原始字符串: Meta
[QTranslate] 原始字符串: Num
[QString::FromUtf8] 原始字符串: Alt+F10
[QString::FromUtf8] 原始字符串: G
[QTranslate] 原始字符串: Ctrl
[QTranslate] 原始字符串: Shift
[QTranslate] 原始字符串: Alt
[QTranslate] 原始字符串: Meta
[QTranslate] 原始字符串: Num
[QString::FromUtf8] 原始字符串: G
[QString::FromUtf8] 原始字符串: Ctrl-L
[QTranslate] 原始字符串: Ctrl
[QTranslate] 原始字符串: Shift
[QTranslate] 原始字符串: Alt
[QTranslate] 原始字符串: Meta
[QTranslate] 原始字符串: Num
[QString::FromUtf8] 原始字符串: Ctrl+L
[QString::FromUtf8] 原始字符串: Ctrl-S
[QTranslate] 原始字符串: Ctrl
[QTranslate] 原始字符串: Shift
[QTranslate] 原始字符串: Alt
[QTranslate] 原始字符串: Meta
[QTranslate] 原始字符串: Num
[QString::FromUtf8] 原始字符串: Ctrl+S
[QString::FromUtf8] 原始字符串: Ctrl-G
[QTranslate] 原始字符串: Ctrl
[QTranslate] 原始字符串: Shift
[QTranslate] 原始字符串: Alt
[QTranslate] 原始字符串: Meta
[QTranslate] 原始字符串: Num
[QString::FromUtf8] 原始字符串: Ctrl+G
[QString::FromUtf8] 原始字符串: Ctrl-Q
[QTranslate] 原始字符串: Ctrl
[QTranslate] 原始字符串: Shift
[QTranslate] 原始字符串: Alt
[QTranslate] 原始字符串: Meta
[QTranslate] 原始字符串: Num
[QString::FromUtf8] 原始字符串: Ctrl+Q
[QString::FromUtf8] 原始字符串: Ctrl-M
[QTranslate] 原始字符串: Ctrl
[QTranslate] 原始字符串: Shift
[QTranslate] 原始字符串: Alt
[QTranslate] 原始字符串: Meta
[QTranslate] 原始字符串: Num
[QString::FromUtf8] 原始字符串: Ctrl+M
[QString::FromUtf8] 原始字符串: Ctrl-X
[QTranslate] 原始字符串: Ctrl
[QTranslate] 原始字符串: Shift
[QTranslate] 原始字符串: Alt
[QTranslate] 原始字符串: Meta
[QTranslate] 原始字符串: Num
[QString::FromUtf8] 原始字符串: Ctrl+X
[QString::FromUtf8] 原始字符串: Ctrl-J
[QTranslate] 原始字符串: Ctrl
[QTranslate] 原始字符串: Shift
[QTranslate] 原始字符串: Alt
[QTranslate] 原始字符串: Meta
[QTranslate] 原始字符串: Num
[QString::FromUtf8] 原始字符串: Ctrl+J
[QString::FromUtf8] 原始字符串: X
[QTranslate] 原始字符串: Ctrl
[QTranslate] 原始字符串: Shift
[QTranslate] 原始字符串: Alt
[QTranslate] 原始字符串: Meta
[QTranslate] 原始字符串: Num
[QString::FromUtf8] 原始字符串: X
[QString::FromUtf8] 原始字符串: Ctrl-P
[QTranslate] 原始字符串: Ctrl
[QTranslate] 原始字符串: Shift
[QTranslate] 原始字符串: Alt
[QTranslate] 原始字符串: Meta
[QTranslate] 原始字符串: Num
[QString::FromUtf8] 原始字符串: Ctrl+P
[QString::FromUtf8] 原始字符串: Ctrl-Shift-Down
[QTranslate] 原始字符串: Ctrl
[QTranslate] 原始字符串: Shift
[QTranslate] 原始字符串: Alt
[QTranslate] 原始字符串: Meta
[QTranslate] 原始字符串: Num
[QTranslate] 原始字符串: Space
[QTranslate] 原始字符串: Esc
[QTranslate] 原始字符串: Tab
[QTranslate] 原始字符串: Backtab
[QTranslate] 原始字符串: Backspace
[QTranslate] 原始字符串: Return
[QTranslate] 原始字符串: Enter
[QTranslate] 原始字符串: Ins
[QTranslate] 原始字符串: Del
[QTranslate] 原始字符串: Pause
[QTranslate] 原始字符串: Print
[QTranslate] 原始字符串: SysReq
[QTranslate] 原始字符串: Home
[QTranslate] 原始字符串: End
[QTranslate] 原始字符串: Left
[QTranslate] 原始字符串: Up
[QTranslate] 原始字符串: Right
[QTranslate] 原始字符串: Down
[QString::FromUtf8] 原始字符串: Ctrl+Shift+Down
[QString::FromUtf8] 原始字符串: Ctrl-Shift-Up
[QTranslate] 原始字符串: Ctrl
[QTranslate] 原始字符串: Shift
[QTranslate] 原始字符串: Alt
[QTranslate] 原始字符串: Meta
[QTranslate] 原始字符串: Num
[QTranslate] 原始字符串: Space
[QTranslate] 原始字符串: Esc
[QTranslate] 原始字符串: Tab
[QTranslate] 原始字符串: Backtab
[QTranslate] 原始字符串: Backspace
[QTranslate] 原始字符串: Return
[QTranslate] 原始字符串: Enter
[QTranslate] 原始字符串: Ins
[QTranslate] 原始字符串: Del
[QTranslate] 原始字符串: Pause
[QTranslate] 原始字符串: Print
[QTranslate] 原始字符串: SysReq
[QTranslate] 原始字符串: Home
[QTranslate] 原始字符串: End
[QTranslate] 原始字符串: Left
[QTranslate] 原始字符串: Up
[QString::FromUtf8] 原始字符串: Ctrl+Shift+Up
[QString::FromUtf8] 原始字符串: Ctrl-E
[QTranslate] 原始字符串: Ctrl
[QTranslate] 原始字符串: Shift
[QTranslate] 原始字符串: Alt
[QTranslate] 原始字符串: Meta
[QTranslate] 原始字符串: Num
[QString::FromUtf8] 原始字符串: Ctrl+E
[QString::FromUtf8] 原始字符串: Ctrl-F
[QTranslate] 原始字符串: Ctrl
[QTranslate] 原始字符串: Shift
[QTranslate] 原始字符串: Alt
[QTranslate] 原始字符串: Meta
[QTranslate] 原始字符串: Num
[QString::FromUtf8] 原始字符串: Ctrl+F
[QString::FromUtf8] 原始字符串: Enter
[QTranslate] 原始字符串: Ctrl
[QTranslate] 原始字符串: Shift
[QTranslate] 原始字符串: Alt
[QTranslate] 原始字符串: Meta
[QTranslate] 原始字符串: Num
[QTranslate] 原始字符串: Space
[QTranslate] 原始字符串: Esc
[QTranslate] 原始字符串: Tab
[QTranslate] 原始字符串: Backtab
[QTranslate] 原始字符串: Backspace
[QTranslate] 原始字符串: Return
[QTranslate] 原始字符串: Enter
[QString::FromUtf8] 原始字符串: Enter
[QString::FromUtf8] 原始字符串: Alt-Enter
[QTranslate] 原始字符串: Ctrl
[QTranslate] 原始字符串: Shift
[QTranslate] 原始字符串: Alt
[QTranslate] 原始字符串: Meta
[QTranslate] 原始字符串: Num
[QTranslate] 原始字符串: Space
[QTranslate] 原始字符串: Esc
[QTranslate] 原始字符串: Tab
[QTranslate] 原始字符串: Backtab
[QTranslate] 原始字符串: Backspace
[QTranslate] 原始字符串: Return
[QTranslate] 原始字符串: Enter
[QString::FromUtf8] 原始字符串: Alt+Enter
[QString::FromUtf8] 原始字符串: NumpadClear
[QTranslate] 原始字符串: Ctrl
[QTranslate] 原始字符串: Shift
[QTranslate] 原始字符串: Alt
[QTranslate] 原始字符串: Meta
[QTranslate] 原始字符串: Num
[QTranslate] 原始字符串: Space
[QTranslate] 原始字符串: Esc
[QTranslate] 原始字符串: Tab
[QTranslate] 原始字符串: Backtab
[QTranslate] 原始字符串: Backspace
[QTranslate] 原始字符串: Return
[QTranslate] 原始字符串: Enter
[QTranslate] 原始字符串: Ins
[QTranslate] 原始字符串: Del
[QTranslate] 原始字符串: Pause
[QTranslate] 原始字符串: Print
[QTranslate] 原始字符串: SysReq
[QTranslate] 原始字符串: Home
[QTranslate] 原始字符串: End
[QTranslate] 原始字符串: Left
[QTranslate] 原始字符串: Up
[QTranslate] 原始字符串: Right
[QTranslate] 原始字符串: Down
[QTranslate] 原始字符串: PgUp
[QTranslate] 原始字符串: PgDown
[QTranslate] 原始字符串: CapsLock
[QTranslate] 原始字符串: NumLock
[QTranslate] 原始字符串: ScrollLock
[QTranslate] 原始字符串: Menu
[QTranslate] 原始字符串: Help
[QTranslate] 精确匹配: 帮助
[QTranslate] 原始字符串: Back
[QTranslate] 原始字符串: Forward
[QTranslate] 原始字符串: Stop
[QTranslate] 原始字符串: Refresh
[QTranslate] 原始字符串: Volume Down
[QTranslate] 原始字符串: Volume Mute
[QTranslate] 原始字符串: Volume Up
[QTranslate] 原始字符串: Bass Boost
[QTranslate] 原始字符串: Bass Up
[QTranslate] 原始字符串: Bass Down
[QTranslate] 原始字符串: Treble Up
[QTranslate] 原始字符串: Treble Down
[QTranslate] 原始字符串: Media Play
[QTranslate] 原始字符串: Media Stop
[QTranslate] 原始字符串: Media Previous
[QTranslate] 原始字符串: Media Next
[QTranslate] 原始字符串: Media Record
[QTranslate] 原始字符串: Media Pause
[QTranslate] 原始字符串: Toggle Media Play/Pause
[QTranslate] 原始字符串: Home Page
[QTranslate] 原始字符串: Favorites
[QTranslate] 原始字符串: Search
[QTranslate] 原始字符串: Standby
[QTranslate] 原始字符串: Open URL
[QTranslate] 原始字符串: Launch Mail
[QTranslate] 原始字符串: Launch Media
[QTranslate] 原始字符串: Launch (0)
[QTranslate] 原始字符串: Launch (1)
[QTranslate] 原始字符串: Launch (2)
[QTranslate] 原始字符串: Launch (3)
[QTranslate] 原始字符串: Launch (4)
[QTranslate] 原始字符串: Launch (5)
[QTranslate] 原始字符串: Launch (6)
[QTranslate] 原始字符串: Launch (7)
[QTranslate] 原始字符串: Launch (8)
[QTranslate] 原始字符串: Launch (9)
[QTranslate] 原始字符串: Launch (A)
[QTranslate] 原始字符串: Launch (B)
[QTranslate] 原始字符串: Launch (C)
[QTranslate] 原始字符串: Launch (D)
[QTranslate] 原始字符串: Launch (E)
[QTranslate] 原始字符串: Launch (F)
[QTranslate] 原始字符串: Launch (G)
[QTranslate] 原始字符串: Launch (H)
[QTranslate] 原始字符串: Monitor Brightness Up
[QTranslate] 原始字符串: Monitor Brightness Down
[QTranslate] 原始字符串: Keyboard Light On/Off
[QTranslate] 原始字符串: Keyboard Brightness Up
[QTranslate] 原始字符串: Keyboard Brightness Down
[QTranslate] 原始字符串: Power Off
[QTranslate] 原始字符串: Wake Up
[QTranslate] 原始字符串: Eject
[QTranslate] 原始字符串: Screensaver
[QTranslate] 原始字符串: WWW
[QTranslate] 原始字符串: Sleep
[QTranslate] 原始字符串: LightBulb
[QTranslate] 原始字符串: Shop
[QTranslate] 原始字符串: History
[QTranslate] 原始字符串: Add Favorite
[QTranslate] 原始字符串: Hot Links
[QTranslate] 原始字符串: Adjust Brightness
[QTranslate] 原始字符串: Finance
[QTranslate] 原始字符串: Community
[QTranslate] 原始字符串: Media Rewind
[QTranslate] 原始字符串: Back Forward
[QTranslate] 原始字符串: Application Left
[QTranslate] 原始字符串: Application Right
[QTranslate] 原始字符串: Book
[QTranslate] 原始字符串: CD
[QTranslate] 原始字符串: Calculator
[QTranslate] 原始字符串: Calendar
[QTranslate] 原始字符串: Clear
[QString::FromUtf8] 原始字符串: Num+Clear
[QString::FromUtf8] 原始字符串: Clear
[QTranslate] 原始字符串: Ctrl
[QTranslate] 原始字符串: Shift
[QTranslate] 原始字符串: Alt
[QTranslate] 原始字符串: Meta
[QTranslate] 原始字符串: Num
[QTranslate] 原始字符串: Space
[QTranslate] 原始字符串: Esc
[QTranslate] 原始字符串: Tab
[QTranslate] 原始字符串: Backtab
[QTranslate] 原始字符串: Backspace
[QTranslate] 原始字符串: Return
[QTranslate] 原始字符串: Enter
[QTranslate] 原始字符串: Ins
[QTranslate] 原始字符串: Del
[QTranslate] 原始字符串: Pause
[QTranslate] 原始字符串: Print
[QTranslate] 原始字符串: SysReq
[QTranslate] 原始字符串: Home
[QTranslate] 原始字符串: End
[QTranslate] 原始字符串: Left
[QTranslate] 原始字符串: Up
[QTranslate] 原始字符串: Right
[QTranslate] 原始字符串: Down
[QTranslate] 原始字符串: PgUp
[QTranslate] 原始字符串: PgDown
[QTranslate] 原始字符串: CapsLock
[QTranslate] 原始字符串: NumLock
[QTranslate] 原始字符串: ScrollLock
[QTranslate] 原始字符串: Menu
[QTranslate] 原始字符串: Help
[QTranslate] 精确匹配: 帮助
[QTranslate] 原始字符串: Back
[QTranslate] 原始字符串: Forward
[QTranslate] 原始字符串: Stop
[QTranslate] 原始字符串: Refresh
[QTranslate] 原始字符串: Volume Down
[QTranslate] 原始字符串: Volume Mute
[QTranslate] 原始字符串: Volume Up
[QTranslate] 原始字符串: Bass Boost
[QTranslate] 原始字符串: Bass Up
[QTranslate] 原始字符串: Bass Down
[QTranslate] 原始字符串: Treble Up
[QTranslate] 原始字符串: Treble Down
[QTranslate] 原始字符串: Media Play
[QTranslate] 原始字符串: Media Stop
[QTranslate] 原始字符串: Media Previous
[QTranslate] 原始字符串: Media Next
[QTranslate] 原始字符串: Media Record
[QTranslate] 原始字符串: Media Pause
[QTranslate] 原始字符串: Toggle Media Play/Pause
[QTranslate] 原始字符串: Home Page
[QTranslate] 原始字符串: Favorites
[QTranslate] 原始字符串: Search
[QTranslate] 原始字符串: Standby
[QTranslate] 原始字符串: Open URL
[QTranslate] 原始字符串: Launch Mail
[QTranslate] 原始字符串: Launch Media
[QTranslate] 原始字符串: Launch (0)
[QTranslate] 原始字符串: Launch (1)
[QTranslate] 原始字符串: Launch (2)
[QTranslate] 原始字符串: Launch (3)
[QTranslate] 原始字符串: Launch (4)
[QTranslate] 原始字符串: Launch (5)
[QTranslate] 原始字符串: Launch (6)
[QTranslate] 原始字符串: Launch (7)
[QTranslate] 原始字符串: Launch (8)
[QTranslate] 原始字符串: Launch (9)
[QTranslate] 原始字符串: Launch (A)
[QTranslate] 原始字符串: Launch (B)
[QTranslate] 原始字符串: Launch (C)
[QTranslate] 原始字符串: Launch (D)
[QTranslate] 原始字符串: Launch (E)
[QTranslate] 原始字符串: Launch (F)
[QTranslate] 原始字符串: Launch (G)
[QTranslate] 原始字符串: Launch (H)
[QTranslate] 原始字符串: Monitor Brightness Up
[QTranslate] 原始字符串: Monitor Brightness Down
[QTranslate] 原始字符串: Keyboard Light On/Off
[QTranslate] 原始字符串: Keyboard Brightness Up
[QTranslate] 原始字符串: Keyboard Brightness Down
[QTranslate] 原始字符串: Power Off
[QTranslate] 原始字符串: Wake Up
[QTranslate] 原始字符串: Eject
[QTranslate] 原始字符串: Screensaver
[QTranslate] 原始字符串: WWW
[QTranslate] 原始字符串: Sleep
[QTranslate] 原始字符串: LightBulb
[QTranslate] 原始字符串: Shop
[QTranslate] 原始字符串: History
[QTranslate] 原始字符串: Add Favorite
[QTranslate] 原始字符串: Hot Links
[QTranslate] 原始字符串: Adjust Brightness
[QTranslate] 原始字符串: Finance
[QTranslate] 原始字符串: Community
[QTranslate] 原始字符串: Media Rewind
[QTranslate] 原始字符串: Back Forward
[QTranslate] 原始字符串: Application Left
[QTranslate] 原始字符串: Application Right
[QTranslate] 原始字符串: Book
[QTranslate] 原始字符串: CD
[QTranslate] 原始字符串: Calculator
[QTranslate] 原始字符串: Calendar
[QTranslate] 原始字符串: Clear
[QString::FromUtf8] 原始字符串: Clear
[QString::FromUtf8] 原始字符串: Ctrl-Shift-C
[QTranslate] 原始字符串: Ctrl
[QTranslate] 原始字符串: Shift
[QTranslate] 原始字符串: Alt
[QTranslate] 原始字符串: Meta
[QTranslate] 原始字符串: Num
[QString::FromUtf8] 原始字符串: Ctrl+Shift+C
[QString::FromUtf8] 原始字符串: Esc
[QTranslate] 原始字符串: Ctrl
[QTranslate] 原始字符串: Shift
[QTranslate] 原始字符串: Alt
[QTranslate] 原始字符串: Meta
[QTranslate] 原始字符串: Num
[QTranslate] 原始字符串: Space
[QTranslate] 原始字符串: Esc
[QString::FromUtf8] 原始字符串: Esc
[QString::FromUtf8] 原始字符串: Ctrl-Enter
[QTranslate] 原始字符串: Ctrl
[QTranslate] 原始字符串: Shift
[QTranslate] 原始字符串: Alt
[QTranslate] 原始字符串: Meta
[QTranslate] 原始字符串: Num
[QTranslate] 原始字符串: Space
[QTranslate] 原始字符串: Esc
[QTranslate] 原始字符串: Tab
[QTranslate] 原始字符串: Backtab
[QTranslate] 原始字符串: Backspace
[QTranslate] 原始字符串: Return
[QTranslate] 原始字符串: Enter
[QString::FromUtf8] 原始字符串: Ctrl+Enter
[QString::FromUtf8] 原始字符串: Alt-M
[QTranslate] 原始字符串: Ctrl
[QTranslate] 原始字符串: Shift
[QTranslate] 原始字符串: Alt
[QTranslate] 原始字符串: Meta
[QTranslate] 原始字符串: Num
[QString::FromUtf8] 原始字符串: Alt+M
[QString::FromUtf8] 原始字符串: Ctrl-V
[QTranslate] 原始字符串: Ctrl
[QTranslate] 原始字符串: Shift
[QTranslate] 原始字符串: Alt
[QTranslate] 原始字符串: Meta
[QTranslate] 原始字符串: Num
[QString::FromUtf8] 原始字符串: Ctrl+V
[QString::FromUtf8] 原始字符串: Alt-C
[QTranslate] 原始字符串: Ctrl
[QTranslate] 原始字符串: Shift
[QTranslate] 原始字符串: Alt
[QTranslate] 原始字符串: Meta
[QTranslate] 原始字符串: Num
[QString::FromUtf8] 原始字符串: Alt+C
[QString::FromUtf8] 原始字符串: Ctrl-D
[QTranslate] 原始字符串: Ctrl
[QTranslate] 原始字符串: Shift
[QTranslate] 原始字符串: Alt
[QTranslate] 原始字符串: Meta
[QTranslate] 原始字符串: Num
[QString::FromUtf8] 原始字符串: Ctrl+D
[QString::FromUtf8] 原始字符串: Ctrl-U
[QTranslate] 原始字符串: Ctrl
[QTranslate] 原始字符串: Shift
[QTranslate] 原始字符串: Alt
[QTranslate] 原始字符串: Meta
[QTranslate] 原始字符串: Num
[QString::FromUtf8] 原始字符串: Ctrl+U
[QString::FromUtf8] 原始字符串: Ctrl-A
[QTranslate] 原始字符串: Ctrl
[QTranslate] 原始字符串: Shift
[QTranslate] 原始字符串: Alt
[QTranslate] 原始字符串: Meta
[QTranslate] 原始字符串: Num
[QString::FromUtf8] 原始字符串: Ctrl+A
[QString::FromUtf8] 原始字符串: Alt-I
[QTranslate] 原始字符串: Ctrl
[QTranslate] 原始字符串: Shift
[QTranslate] 原始字符串: Alt
[QTranslate] 原始字符串: Meta
[QTranslate] 原始字符串: Num
[QString::FromUtf8] 原始字符串: Alt+I
[QString::FromUtf8] 原始字符串: Ctrl-I
[QTranslate] 原始字符串: Ctrl
[QTranslate] 原始字符串: Shift
[QTranslate] 原始字符串: Alt
[QTranslate] 原始字符串: Meta
[QTranslate] 原始字符串: Num
[QString::FromUtf8] 原始字符串: Ctrl+I
[QString::FromUtf8] 原始字符串: Alt-T
[QTranslate] 原始字符串: Ctrl
[QTranslate] 原始字符串: Shift
[QTranslate] 原始字符串: Alt
[QTranslate] 原始字符串: Meta
[QTranslate] 原始字符串: Num
[QString::FromUtf8] 原始字符串: Alt+T
[QString::FromUtf8] 原始字符串: Ctrl-T
[QTranslate] 原始字符串: Ctrl
[QTranslate] 原始字符串: Shift
[QTranslate] 原始字符串: Alt
[QTranslate] 原始字符串: Meta
[QTranslate] 原始字符串: Num
[QString::FromUtf8] 原始字符串: Ctrl+T
[QString::FromUtf8] 原始字符串: Alt-B
[QTranslate] 原始字符串: Ctrl
[QTranslate] 原始字符串: Shift
[QTranslate] 原始字符串: Alt
[QTranslate] 原始字符串: Meta
[QTranslate] 原始字符串: Num
[QString::FromUtf8] 原始字符串: Alt+B
[QString::FromUtf8] 原始字符串: Ctrl-B
[QTranslate] 原始字符串: Ctrl
[QTranslate] 原始字符串: Shift
[QTranslate] 原始字符串: Alt
[QTranslate] 原始字符串: Meta
[QTranslate] 原始字符串: Num
[QString::FromUtf8] 原始字符串: Ctrl+B
[QString::FromUtf8] 原始字符串: Ctrl-Up
[QTranslate] 原始字符串: Ctrl
[QTranslate] 原始字符串: Shift
[QTranslate] 原始字符串: Alt
[QTranslate] 原始字符串: Meta
[QTranslate] 原始字符串: Num
[QTranslate] 原始字符串: Space
[QTranslate] 原始字符串: Esc
[QTranslate] 原始字符串: Tab
[QTranslate] 原始字符串: Backtab
[QTranslate] 原始字符串: Backspace
[QTranslate] 原始字符串: Return
[QTranslate] 原始字符串: Enter
[QTranslate] 原始字符串: Ins
[QTranslate] 原始字符串: Del
[QTranslate] 原始字符串: Pause
[QTranslate] 原始字符串: Print
[QTranslate] 原始字符串: SysReq
[QTranslate] 原始字符串: Home
[QTranslate] 原始字符串: End
[QTranslate] 原始字符串: Left
[QTranslate] 原始字符串: Up
[QString::FromUtf8] 原始字符串: Ctrl+Up
[QString::FromUtf8] 原始字符串: Ctrl-Down
[QTranslate] 原始字符串: Ctrl
[QTranslate] 原始字符串: Shift
[QTranslate] 原始字符串: Alt
[QTranslate] 原始字符串: Meta
[QTranslate] 原始字符串: Num
[QTranslate] 原始字符串: Space
[QTranslate] 原始字符串: Esc
[QTranslate] 原始字符串: Tab
[QTranslate] 原始字符串: Backtab
[QTranslate] 原始字符串: Backspace
[QTranslate] 原始字符串: Return
[QTranslate] 原始字符串: Enter
[QTranslate] 原始字符串: Ins
[QTranslate] 原始字符串: Del
[QTranslate] 原始字符串: Pause
[QTranslate] 原始字符串: Print
[QTranslate] 原始字符串: SysReq
[QTranslate] 原始字符串: Home
[QTranslate] 原始字符串: End
[QTranslate] 原始字符串: Left
[QTranslate] 原始字符串: Up
[QTranslate] 原始字符串: Right
[QTranslate] 原始字符串: Down
[QString::FromUtf8] 原始字符串: Ctrl+Down
[QString::FromUtf8] 原始字符串: Ctrl-Up
[QTranslate] 原始字符串: Ctrl
[QTranslate] 原始字符串: Shift
[QTranslate] 原始字符串: Alt
[QTranslate] 原始字符串: Meta
[QTranslate] 原始字符串: Num
[QTranslate] 原始字符串: Space
[QTranslate] 原始字符串: Esc
[QTranslate] 原始字符串: Tab
[QTranslate] 原始字符串: Backtab
[QTranslate] 原始字符串: Backspace
[QTranslate] 原始字符串: Return
[QTranslate] 原始字符串: Enter
[QTranslate] 原始字符串: Ins
[QTranslate] 原始字符串: Del
[QTranslate] 原始字符串: Pause
[QTranslate] 原始字符串: Print
[QTranslate] 原始字符串: SysReq
[QTranslate] 原始字符串: Home
[QTranslate] 原始字符串: End
[QTranslate] 原始字符串: Left
[QTranslate] 原始字符串: Up
[QString::FromUtf8] 原始字符串: Ctrl+Up
[QString::FromUtf8] 原始字符串: Ctrl-Down
[QTranslate] 原始字符串: Ctrl
[QTranslate] 原始字符串: Shift
[QTranslate] 原始字符串: Alt
[QTranslate] 原始字符串: Meta
[QTranslate] 原始字符串: Num
[QTranslate] 原始字符串: Space
[QTranslate] 原始字符串: Esc
[QTranslate] 原始字符串: Tab
[QTranslate] 原始字符串: Backtab
[QTranslate] 原始字符串: Backspace
[QTranslate] 原始字符串: Return
[QTranslate] 原始字符串: Enter
[QTranslate] 原始字符串: Ins
[QTranslate] 原始字符串: Del
[QTranslate] 原始字符串: Pause
[QTranslate] 原始字符串: Print
[QTranslate] 原始字符串: SysReq
[QTranslate] 原始字符串: Home
[QTranslate] 原始字符串: End
[QTranslate] 原始字符串: Left
[QTranslate] 原始字符串: Up
[QTranslate] 原始字符串: Right
[QTranslate] 原始字符串: Down
[QString::FromUtf8] 原始字符串: Ctrl+Down
[QString::FromUtf8] 原始字符串: Ctrl-PgUp
[QTranslate] 原始字符串: Ctrl
[QTranslate] 原始字符串: Shift
[QTranslate] 原始字符串: Alt
[QTranslate] 原始字符串: Meta
[QTranslate] 原始字符串: Num
[QTranslate] 原始字符串: Space
[QTranslate] 原始字符串: Esc
[QTranslate] 原始字符串: Tab
[QTranslate] 原始字符串: Backtab
[QTranslate] 原始字符串: Backspace
[QTranslate] 原始字符串: Return
[QTranslate] 原始字符串: Enter
[QTranslate] 原始字符串: Ins
[QTranslate] 原始字符串: Del
[QTranslate] 原始字符串: Pause
[QTranslate] 原始字符串: Print
[QTranslate] 原始字符串: SysReq
[QTranslate] 原始字符串: Home
[QTranslate] 原始字符串: End
[QTranslate] 原始字符串: Left
[QTranslate] 原始字符串: Up
[QTranslate] 原始字符串: Right
[QTranslate] 原始字符串: Down
[QTranslate] 原始字符串: PgUp
[QString::FromUtf8] 原始字符串: Ctrl+PgUp
[QString::FromUtf8] 原始字符串: Shift-Ctrl-PgUp
[QTranslate] 原始字符串: Ctrl
[QTranslate] 原始字符串: Shift
[QTranslate] 原始字符串: Alt
[QTranslate] 原始字符串: Meta
[QTranslate] 原始字符串: Num
[QTranslate] 原始字符串: Space
[QTranslate] 原始字符串: Esc
[QTranslate] 原始字符串: Tab
[QTranslate] 原始字符串: Backtab
[QTranslate] 原始字符串: Backspace
[QTranslate] 原始字符串: Return
[QTranslate] 原始字符串: Enter
[QTranslate] 原始字符串: Ins
[QTranslate] 原始字符串: Del
[QTranslate] 原始字符串: Pause
[QTranslate] 原始字符串: Print
[QTranslate] 原始字符串: SysReq
[QTranslate] 原始字符串: Home
[QTranslate] 原始字符串: End
[QTranslate] 原始字符串: Left
[QTranslate] 原始字符串: Up
[QTranslate] 原始字符串: Right
[QTranslate] 原始字符串: Down
[QTranslate] 原始字符串: PgUp
[QString::FromUtf8] 原始字符串: Ctrl+Shift+PgUp
[QString::FromUtf8] 原始字符串: Ctrl-PgDown
[QTranslate] 原始字符串: Ctrl
[QTranslate] 原始字符串: Shift
[QTranslate] 原始字符串: Alt
[QTranslate] 原始字符串: Meta
[QTranslate] 原始字符串: Num
[QTranslate] 原始字符串: Space
[QTranslate] 原始字符串: Esc
[QTranslate] 原始字符串: Tab
[QTranslate] 原始字符串: Backtab
[QTranslate] 原始字符串: Backspace
[QTranslate] 原始字符串: Return
[QTranslate] 原始字符串: Enter
[QTranslate] 原始字符串: Ins
[QTranslate] 原始字符串: Del
[QTranslate] 原始字符串: Pause
[QTranslate] 原始字符串: Print
[QTranslate] 原始字符串: SysReq
[QTranslate] 原始字符串: Home
[QTranslate] 原始字符串: End
[QTranslate] 原始字符串: Left
[QTranslate] 原始字符串: Up
[QTranslate] 原始字符串: Right
[QTranslate] 原始字符串: Down
[QTranslate] 原始字符串: PgUp
[QTranslate] 原始字符串: PgDown
[QString::FromUtf8] 原始字符串: Ctrl+PgDown
[QString::FromUtf8] 原始字符串: Shift-Ctrl-PgDown
[QTranslate] 原始字符串: Ctrl
[QTranslate] 原始字符串: Shift
[QTranslate] 原始字符串: Alt
[QTranslate] 原始字符串: Meta
[QTranslate] 原始字符串: Num
[QTranslate] 原始字符串: Space
[QTranslate] 原始字符串: Esc
[QTranslate] 原始字符串: Tab
[QTranslate] 原始字符串: Backtab
[QTranslate] 原始字符串: Backspace
[QTranslate] 原始字符串: Return
[QTranslate] 原始字符串: Enter
[QTranslate] 原始字符串: Ins
[QTranslate] 原始字符串: Del
[QTranslate] 原始字符串: Pause
[QTranslate] 原始字符串: Print
[QTranslate] 原始字符串: SysReq
[QTranslate] 原始字符串: Home
[QTranslate] 原始字符串: End
[QTranslate] 原始字符串: Left
[QTranslate] 原始字符串: Up
[QTranslate] 原始字符串: Right
[QTranslate] 原始字符串: Down
[QTranslate] 原始字符串: PgUp
[QTranslate] 原始字符串: PgDown
[QString::FromUtf8] 原始字符串: Ctrl+Shift+PgDown
[QString::FromUtf8] 原始字符串: Home
[QTranslate] 原始字符串: Ctrl
[QTranslate] 原始字符串: Shift
[QTranslate] 原始字符串: Alt
[QTranslate] 原始字符串: Meta
[QTranslate] 原始字符串: Num
[QTranslate] 原始字符串: Space
[QTranslate] 原始字符串: Esc
[QTranslate] 原始字符串: Tab
[QTranslate] 原始字符串: Backtab
[QTranslate] 原始字符串: Backspace
[QTranslate] 原始字符串: Return
[QTranslate] 原始字符串: Enter
[QTranslate] 原始字符串: Ins
[QTranslate] 原始字符串: Del
[QTranslate] 原始字符串: Pause
[QTranslate] 原始字符串: Print
[QTranslate] 原始字符串: SysReq
[QTranslate] 原始字符串: Home
[QString::FromUtf8] 原始字符串: Home
[QString::FromUtf8] 原始字符串: Shift-Home
[QTranslate] 原始字符串: Ctrl
[QTranslate] 原始字符串: Shift
[QTranslate] 原始字符串: Alt
[QTranslate] 原始字符串: Meta
[QTranslate] 原始字符串: Num
[QTranslate] 原始字符串: Space
[QTranslate] 原始字符串: Esc
[QTranslate] 原始字符串: Tab
[QTranslate] 原始字符串: Backtab
[QTranslate] 原始字符串: Backspace
[QTranslate] 原始字符串: Return
[QTranslate] 原始字符串: Enter
[QTranslate] 原始字符串: Ins
[QTranslate] 原始字符串: Del
[QTranslate] 原始字符串: Pause
[QTranslate] 原始字符串: Print
[QTranslate] 原始字符串: SysReq
[QTranslate] 原始字符串: Home
[QString::FromUtf8] 原始字符串: Shift+Home
[QString::FromUtf8] 原始字符串: End
[QTranslate] 原始字符串: Ctrl
[QTranslate] 原始字符串: Shift
[QTranslate] 原始字符串: Alt
[QTranslate] 原始字符串: Meta
[QTranslate] 原始字符串: Num
[QTranslate] 原始字符串: Space
[QTranslate] 原始字符串: Esc
[QTranslate] 原始字符串: Tab
[QTranslate] 原始字符串: Backtab
[QTranslate] 原始字符串: Backspace
[QTranslate] 原始字符串: Return
[QTranslate] 原始字符串: Enter
[QTranslate] 原始字符串: Ins
[QTranslate] 原始字符串: Del
[QTranslate] 原始字符串: Pause
[QTranslate] 原始字符串: Print
[QTranslate] 原始字符串: SysReq
[QTranslate] 原始字符串: Home
[QTranslate] 原始字符串: End
[QString::FromUtf8] 原始字符串: End
[QString::FromUtf8] 原始字符串: Shift-End
[QTranslate] 原始字符串: Ctrl
[QTranslate] 原始字符串: Shift
[QTranslate] 原始字符串: Alt
[QTranslate] 原始字符串: Meta
[QTranslate] 原始字符串: Num
[QTranslate] 原始字符串: Space
[QTranslate] 原始字符串: Esc
[QTranslate] 原始字符串: Tab
[QTranslate] 原始字符串: Backtab
[QTranslate] 原始字符串: Backspace
[QTranslate] 原始字符串: Return
[QTranslate] 原始字符串: Enter
[QTranslate] 原始字符串: Ins
[QTranslate] 原始字符串: Del
[QTranslate] 原始字符串: Pause
[QTranslate] 原始字符串: Print
[QTranslate] 原始字符串: SysReq
[QTranslate] 原始字符串: Home
[QTranslate] 原始字符串: End
[QString::FromUtf8] 原始字符串: Shift+End
[QString::FromUtf8] 原始字符串: Ctrl+Home
[QString::FromUtf8] 原始字符串: Ctrl+Shift+Home
[QString::FromUtf8] 原始字符串: Ctrl+End
[QString::FromUtf8] 原始字符串: Ctrl+Shift+End
[QString::FromUtf8] 原始字符串: Left
[QTranslate] 原始字符串: Ctrl
[QTranslate] 原始字符串: Shift
[QTranslate] 原始字符串: Alt
[QTranslate] 原始字符串: Meta
[QTranslate] 原始字符串: Num
[QTranslate] 原始字符串: Space
[QTranslate] 原始字符串: Esc
[QTranslate] 原始字符串: Tab
[QTranslate] 原始字符串: Backtab
[QTranslate] 原始字符串: Backspace
[QTranslate] 原始字符串: Return
[QTranslate] 原始字符串: Enter
[QTranslate] 原始字符串: Ins
[QTranslate] 原始字符串: Del
[QTranslate] 原始字符串: Pause
[QTranslate] 原始字符串: Print
[QTranslate] 原始字符串: SysReq
[QTranslate] 原始字符串: Home
[QTranslate] 原始字符串: End
[QTranslate] 原始字符串: Left
[QString::FromUtf8] 原始字符串: Left
[QString::FromUtf8] 原始字符串: Shift-Left
[QTranslate] 原始字符串: Ctrl
[QTranslate] 原始字符串: Shift
[QTranslate] 原始字符串: Alt
[QTranslate] 原始字符串: Meta
[QTranslate] 原始字符串: Num
[QTranslate] 原始字符串: Space
[QTranslate] 原始字符串: Esc
[QTranslate] 原始字符串: Tab
[QTranslate] 原始字符串: Backtab
[QTranslate] 原始字符串: Backspace
[QTranslate] 原始字符串: Return
[QTranslate] 原始字符串: Enter
[QTranslate] 原始字符串: Ins
[QTranslate] 原始字符串: Del
[QTranslate] 原始字符串: Pause
[QTranslate] 原始字符串: Print
[QTranslate] 原始字符串: SysReq
[QTranslate] 原始字符串: Home
[QTranslate] 原始字符串: End
[QTranslate] 原始字符串: Left
[QString::FromUtf8] 原始字符串: Shift+Left
[QString::FromUtf8] 原始字符串: Right
[QTranslate] 原始字符串: Ctrl
[QTranslate] 原始字符串: Shift
[QTranslate] 原始字符串: Alt
[QTranslate] 原始字符串: Meta
[QTranslate] 原始字符串: Num
[QTranslate] 原始字符串: Space
[QTranslate] 原始字符串: Esc
[QTranslate] 原始字符串: Tab
[QTranslate] 原始字符串: Backtab
[QTranslate] 原始字符串: Backspace
[QTranslate] 原始字符串: Return
[QTranslate] 原始字符串: Enter
[QTranslate] 原始字符串: Ins
[QTranslate] 原始字符串: Del
[QTranslate] 原始字符串: Pause
[QTranslate] 原始字符串: Print
[QTranslate] 原始字符串: SysReq
[QTranslate] 原始字符串: Home
[QTranslate] 原始字符串: End
[QTranslate] 原始字符串: Left
[QTranslate] 原始字符串: Up
[QTranslate] 原始字符串: Right
[QString::FromUtf8] 原始字符串: Right
[QString::FromUtf8] 原始字符串: Shift-Right
[QTranslate] 原始字符串: Ctrl
[QTranslate] 原始字符串: Shift
[QTranslate] 原始字符串: Alt
[QTranslate] 原始字符串: Meta
[QTranslate] 原始字符串: Num
[QTranslate] 原始字符串: Space
[QTranslate] 原始字符串: Esc
[QTranslate] 原始字符串: Tab
[QTranslate] 原始字符串: Backtab
[QTranslate] 原始字符串: Backspace
[QTranslate] 原始字符串: Return
[QTranslate] 原始字符串: Enter
[QTranslate] 原始字符串: Ins
[QTranslate] 原始字符串: Del
[QTranslate] 原始字符串: Pause
[QTranslate] 原始字符串: Print
[QTranslate] 原始字符串: SysReq
[QTranslate] 原始字符串: Home
[QTranslate] 原始字符串: End
[QTranslate] 原始字符串: Left
[QTranslate] 原始字符串: Up
[QTranslate] 原始字符串: Right
[QString::FromUtf8] 原始字符串: Shift+Right
[QString::FromUtf8] 原始字符串: Ctrl-Left
[QTranslate] 原始字符串: Ctrl
[QTranslate] 原始字符串: Shift
[QTranslate] 原始字符串: Alt
[QTranslate] 原始字符串: Meta
[QTranslate] 原始字符串: Num
[QTranslate] 原始字符串: Space
[QTranslate] 原始字符串: Esc
[QTranslate] 原始字符串: Tab
[QTranslate] 原始字符串: Backtab
[QTranslate] 原始字符串: Backspace
[QTranslate] 原始字符串: Return
[QTranslate] 原始字符串: Enter
[QTranslate] 原始字符串: Ins
[QTranslate] 原始字符串: Del
[QTranslate] 原始字符串: Pause
[QTranslate] 原始字符串: Print
[QTranslate] 原始字符串: SysReq
[QTranslate] 原始字符串: Home
[QTranslate] 原始字符串: End
[QTranslate] 原始字符串: Left
[QString::FromUtf8] 原始字符串: Ctrl+Left
[QString::FromUtf8] 原始字符串: Shift-Ctrl-Left
[QTranslate] 原始字符串: Ctrl
[QTranslate] 原始字符串: Shift
[QTranslate] 原始字符串: Alt
[QTranslate] 原始字符串: Meta
[QTranslate] 原始字符串: Num
[QTranslate] 原始字符串: Space
[QTranslate] 原始字符串: Esc
[QTranslate] 原始字符串: Tab
[QTranslate] 原始字符串: Backtab
[QTranslate] 原始字符串: Backspace
[QTranslate] 原始字符串: Return
[QTranslate] 原始字符串: Enter
[QTranslate] 原始字符串: Ins
[QTranslate] 原始字符串: Del
[QTranslate] 原始字符串: Pause
[QTranslate] 原始字符串: Print
[QTranslate] 原始字符串: SysReq
[QTranslate] 原始字符串: Home
[QTranslate] 原始字符串: End
[QTranslate] 原始字符串: Left
[QString::FromUtf8] 原始字符串: Ctrl+Shift+Left
[QString::FromUtf8] 原始字符串: Ctrl-Right
[QTranslate] 原始字符串: Ctrl
[QTranslate] 原始字符串: Shift
[QTranslate] 原始字符串: Alt
[QTranslate] 原始字符串: Meta
[QTranslate] 原始字符串: Num
[QTranslate] 原始字符串: Space
[QTranslate] 原始字符串: Esc
[QTranslate] 原始字符串: Tab
[QTranslate] 原始字符串: Backtab
[QTranslate] 原始字符串: Backspace
[QTranslate] 原始字符串: Return
[QTranslate] 原始字符串: Enter
[QTranslate] 原始字符串: Ins
[QTranslate] 原始字符串: Del
[QTranslate] 原始字符串: Pause
[QTranslate] 原始字符串: Print
[QTranslate] 原始字符串: SysReq
[QTranslate] 原始字符串: Home
[QTranslate] 原始字符串: End
[QTranslate] 原始字符串: Left
[QTranslate] 原始字符串: Up
[QTranslate] 原始字符串: Right
[QString::FromUtf8] 原始字符串: Ctrl+Right
[QString::FromUtf8] 原始字符串: Shift-Ctrl-Right
[QTranslate] 原始字符串: Ctrl
[QTranslate] 原始字符串: Shift
[QTranslate] 原始字符串: Alt
[QTranslate] 原始字符串: Meta
[QTranslate] 原始字符串: Num
[QTranslate] 原始字符串: Space
[QTranslate] 原始字符串: Esc
[QTranslate] 原始字符串: Tab
[QTranslate] 原始字符串: Backtab
[QTranslate] 原始字符串: Backspace
[QTranslate] 原始字符串: Return
[QTranslate] 原始字符串: Enter
[QTranslate] 原始字符串: Ins
[QTranslate] 原始字符串: Del
[QTranslate] 原始字符串: Pause
[QTranslate] 原始字符串: Print
[QTranslate] 原始字符串: SysReq
[QTranslate] 原始字符串: Home
[QTranslate] 原始字符串: End
[QTranslate] 原始字符串: Left
[QTranslate] 原始字符串: Up
[QTranslate] 原始字符串: Right
[QString::FromUtf8] 原始字符串: Ctrl+Shift+Right
[QString::FromUtf8] 原始字符串: Up
[QTranslate] 原始字符串: Ctrl
[QTranslate] 原始字符串: Shift
[QTranslate] 原始字符串: Alt
[QTranslate] 原始字符串: Meta
[QTranslate] 原始字符串: Num
[QTranslate] 原始字符串: Space
[QTranslate] 原始字符串: Esc
[QTranslate] 原始字符串: Tab
[QTranslate] 原始字符串: Backtab
[QTranslate] 原始字符串: Backspace
[QTranslate] 原始字符串: Return
[QTranslate] 原始字符串: Enter
[QTranslate] 原始字符串: Ins
[QTranslate] 原始字符串: Del
[QTranslate] 原始字符串: Pause
[QTranslate] 原始字符串: Print
[QTranslate] 原始字符串: SysReq
[QTranslate] 原始字符串: Home
[QTranslate] 原始字符串: End
[QTranslate] 原始字符串: Left
[QTranslate] 原始字符串: Up
[QString::FromUtf8] 原始字符串: Up
[QString::FromUtf8] 原始字符串: Shift-Up
[QTranslate] 原始字符串: Ctrl
[QTranslate] 原始字符串: Shift
[QTranslate] 原始字符串: Alt
[QTranslate] 原始字符串: Meta
[QTranslate] 原始字符串: Num
[QTranslate] 原始字符串: Space
[QTranslate] 原始字符串: Esc
[QTranslate] 原始字符串: Tab
[QTranslate] 原始字符串: Backtab
[QTranslate] 原始字符串: Backspace
[QTranslate] 原始字符串: Return
[QTranslate] 原始字符串: Enter
[QTranslate] 原始字符串: Ins
[QTranslate] 原始字符串: Del
[QTranslate] 原始字符串: Pause
[QTranslate] 原始字符串: Print
[QTranslate] 原始字符串: SysReq
[QTranslate] 原始字符串: Home
[QTranslate] 原始字符串: End
[QTranslate] 原始字符串: Left
[QTranslate] 原始字符串: Up
[QString::FromUtf8] 原始字符串: Shift+Up
[QString::FromUtf8] 原始字符串: Down
[QTranslate] 原始字符串: Ctrl
[QTranslate] 原始字符串: Shift
[QTranslate] 原始字符串: Alt
[QTranslate] 原始字符串: Meta
[QTranslate] 原始字符串: Num
[QTranslate] 原始字符串: Space
[QTranslate] 原始字符串: Esc
[QTranslate] 原始字符串: Tab
[QTranslate] 原始字符串: Backtab
[QTranslate] 原始字符串: Backspace
[QTranslate] 原始字符串: Return
[QTranslate] 原始字符串: Enter
[QTranslate] 原始字符串: Ins
[QTranslate] 原始字符串: Del
[QTranslate] 原始字符串: Pause
[QTranslate] 原始字符串: Print
[QTranslate] 原始字符串: SysReq
[QTranslate] 原始字符串: Home
[QTranslate] 原始字符串: End
[QTranslate] 原始字符串: Left
[QTranslate] 原始字符串: Up
[QTranslate] 原始字符串: Right
[QTranslate] 原始字符串: Down
[QString::FromUtf8] 原始字符串: Down
[QString::FromUtf8] 原始字符串: Shift-Down
[QTranslate] 原始字符串: Ctrl
[QTranslate] 原始字符串: Shift
[QTranslate] 原始字符串: Alt
[QTranslate] 原始字符串: Meta
[QTranslate] 原始字符串: Num
[QTranslate] 原始字符串: Space
[QTranslate] 原始字符串: Esc
[QTranslate] 原始字符串: Tab
[QTranslate] 原始字符串: Backtab
[QTranslate] 原始字符串: Backspace
[QTranslate] 原始字符串: Return
[QTranslate] 原始字符串: Enter
[QTranslate] 原始字符串: Ins
[QTranslate] 原始字符串: Del
[QTranslate] 原始字符串: Pause
[QTranslate] 原始字符串: Print
[QTranslate] 原始字符串: SysReq
[QTranslate] 原始字符串: Home
[QTranslate] 原始字符串: End
[QTranslate] 原始字符串: Left
[QTranslate] 原始字符串: Up
[QTranslate] 原始字符串: Right
[QTranslate] 原始字符串: Down
[QString::FromUtf8] 原始字符串: Shift+Down
[QString::FromUtf8] 原始字符串: PgUp
[QTranslate] 原始字符串: Ctrl
[QTranslate] 原始字符串: Shift
[QTranslate] 原始字符串: Alt
[QTranslate] 原始字符串: Meta
[QTranslate] 原始字符串: Num
[QTranslate] 原始字符串: Space
[QTranslate] 原始字符串: Esc
[QTranslate] 原始字符串: Tab
[QTranslate] 原始字符串: Backtab
[QTranslate] 原始字符串: Backspace
[QTranslate] 原始字符串: Return
[QTranslate] 原始字符串: Enter
[QTranslate] 原始字符串: Ins
[QTranslate] 原始字符串: Del
[QTranslate] 原始字符串: Pause
[QTranslate] 原始字符串: Print
[QTranslate] 原始字符串: SysReq
[QTranslate] 原始字符串: Home
[QTranslate] 原始字符串: End
[QTranslate] 原始字符串: Left
[QTranslate] 原始字符串: Up
[QTranslate] 原始字符串: Right
[QTranslate] 原始字符串: Down
[QTranslate] 原始字符串: PgUp
[QString::FromUtf8] 原始字符串: PgUp
[QString::FromUtf8] 原始字符串: Shift-PgUp
[QTranslate] 原始字符串: Ctrl
[QTranslate] 原始字符串: Shift
[QTranslate] 原始字符串: Alt
[QTranslate] 原始字符串: Meta
[QTranslate] 原始字符串: Num
[QTranslate] 原始字符串: Space
[QTranslate] 原始字符串: Esc
[QTranslate] 原始字符串: Tab
[QTranslate] 原始字符串: Backtab
[QTranslate] 原始字符串: Backspace
[QTranslate] 原始字符串: Return
[QTranslate] 原始字符串: Enter
[QTranslate] 原始字符串: Ins
[QTranslate] 原始字符串: Del
[QTranslate] 原始字符串: Pause
[QTranslate] 原始字符串: Print
[QTranslate] 原始字符串: SysReq
[QTranslate] 原始字符串: Home
[QTranslate] 原始字符串: End
[QTranslate] 原始字符串: Left
[QTranslate] 原始字符串: Up
[QTranslate] 原始字符串: Right
[QTranslate] 原始字符串: Down
[QTranslate] 原始字符串: PgUp
[QString::FromUtf8] 原始字符串: Shift+PgUp
[QString::FromUtf8] 原始字符串: PgDown
[QTranslate] 原始字符串: Ctrl
[QTranslate] 原始字符串: Shift
[QTranslate] 原始字符串: Alt
[QTranslate] 原始字符串: Meta
[QTranslate] 原始字符串: Num
[QTranslate] 原始字符串: Space
[QTranslate] 原始字符串: Esc
[QTranslate] 原始字符串: Tab
[QTranslate] 原始字符串: Backtab
[QTranslate] 原始字符串: Backspace
[QTranslate] 原始字符串: Return
[QTranslate] 原始字符串: Enter
[QTranslate] 原始字符串: Ins
[QTranslate] 原始字符串: Del
[QTranslate] 原始字符串: Pause
[QTranslate] 原始字符串: Print
[QTranslate] 原始字符串: SysReq
[QTranslate] 原始字符串: Home
[QTranslate] 原始字符串: End
[QTranslate] 原始字符串: Left
[QTranslate] 原始字符串: Up
[QTranslate] 原始字符串: Right
[QTranslate] 原始字符串: Down
[QTranslate] 原始字符串: PgUp
[QTranslate] 原始字符串: PgDown
[QString::FromUtf8] 原始字符串: PgDown
[QString::FromUtf8] 原始字符串: Shift-PgDown
[QTranslate] 原始字符串: Ctrl
[QTranslate] 原始字符串: Shift
[QTranslate] 原始字符串: Alt
[QTranslate] 原始字符串: Meta
[QTranslate] 原始字符串: Num
[QTranslate] 原始字符串: Space
[QTranslate] 原始字符串: Esc
[QTranslate] 原始字符串: Tab
[QTranslate] 原始字符串: Backtab
[QTranslate] 原始字符串: Backspace
[QTranslate] 原始字符串: Return
[QTranslate] 原始字符串: Enter
[QTranslate] 原始字符串: Ins
[QTranslate] 原始字符串: Del
[QTranslate] 原始字符串: Pause
[QTranslate] 原始字符串: Print
[QTranslate] 原始字符串: SysReq
[QTranslate] 原始字符串: Home
[QTranslate] 原始字符串: End
[QTranslate] 原始字符串: Left
[QTranslate] 原始字符串: Up
[QTranslate] 原始字符串: Right
[QTranslate] 原始字符串: Down
[QTranslate] 原始字符串: PgUp
[QTranslate] 原始字符串: PgDown
[QString::FromUtf8] 原始字符串: Shift+PgDown
[QString::FromUtf8] 原始字符串: Alt-Left
[QTranslate] 原始字符串: Ctrl
[QTranslate] 原始字符串: Shift
[QTranslate] 原始字符串: Alt
[QTranslate] 原始字符串: Meta
[QTranslate] 原始字符串: Num
[QTranslate] 原始字符串: Space
[QTranslate] 原始字符串: Esc
[QTranslate] 原始字符串: Tab
[QTranslate] 原始字符串: Backtab
[QTranslate] 原始字符串: Backspace
[QTranslate] 原始字符串: Return
[QTranslate] 原始字符串: Enter
[QTranslate] 原始字符串: Ins
[QTranslate] 原始字符串: Del
[QTranslate] 原始字符串: Pause
[QTranslate] 原始字符串: Print
[QTranslate] 原始字符串: SysReq
[QTranslate] 原始字符串: Home
[QTranslate] 原始字符串: End
[QTranslate] 原始字符串: Left
[QString::FromUtf8] 原始字符串: Alt+Left
[QString::FromUtf8] 原始字符串: Alt-Right
[QTranslate] 原始字符串: Ctrl
[QTranslate] 原始字符串: Shift
[QTranslate] 原始字符串: Alt
[QTranslate] 原始字符串: Meta
[QTranslate] 原始字符串: Num
[QTranslate] 原始字符串: Space
[QTranslate] 原始字符串: Esc
[QTranslate] 原始字符串: Tab
[QTranslate] 原始字符串: Backtab
[QTranslate] 原始字符串: Backspace
[QTranslate] 原始字符串: Return
[QTranslate] 原始字符串: Enter
[QTranslate] 原始字符串: Ins
[QTranslate] 原始字符串: Del
[QTranslate] 原始字符串: Pause
[QTranslate] 原始字符串: Print
[QTranslate] 原始字符串: SysReq
[QTranslate] 原始字符串: Home
[QTranslate] 原始字符串: End
[QTranslate] 原始字符串: Left
[QTranslate] 原始字符串: Up
[QTranslate] 原始字符串: Right
[QString::FromUtf8] 原始字符串: Alt+Right
[QString::FromUtf8] 原始字符串: Alt-Home
[QTranslate] 原始字符串: Ctrl
[QTranslate] 原始字符串: Shift
[QTranslate] 原始字符串: Alt
[QTranslate] 原始字符串: Meta
[QTranslate] 原始字符串: Num
[QTranslate] 原始字符串: Space
[QTranslate] 原始字符串: Esc
[QTranslate] 原始字符串: Tab
[QTranslate] 原始字符串: Backtab
[QTranslate] 原始字符串: Backspace
[QTranslate] 原始字符串: Return
[QTranslate] 原始字符串: Enter
[QTranslate] 原始字符串: Ins
[QTranslate] 原始字符串: Del
[QTranslate] 原始字符串: Pause
[QTranslate] 原始字符串: Print
[QTranslate] 原始字符串: SysReq
[QTranslate] 原始字符串: Home
[QString::FromUtf8] 原始字符串: Alt+Home
[QString::FromUtf8] 原始字符串: Alt-End
[QTranslate] 原始字符串: Ctrl
[QTranslate] 原始字符串: Shift
[QTranslate] 原始字符串: Alt
[QTranslate] 原始字符串: Meta
[QTranslate] 原始字符串: Num
[QTranslate] 原始字符串: Space
[QTranslate] 原始字符串: Esc
[QTranslate] 原始字符串: Tab
[QTranslate] 原始字符串: Backtab
[QTranslate] 原始字符串: Backspace
[QTranslate] 原始字符串: Return
[QTranslate] 原始字符串: Enter
[QTranslate] 原始字符串: Ins
[QTranslate] 原始字符串: Del
[QTranslate] 原始字符串: Pause
[QTranslate] 原始字符串: Print
[QTranslate] 原始字符串: SysReq
[QTranslate] 原始字符串: Home
[QTranslate] 原始字符串: End
[QString::FromUtf8] 原始字符串: Alt+End
[QString::FromUtf8] 原始字符串: Alt-Up
[QTranslate] 原始字符串: Ctrl
[QTranslate] 原始字符串: Shift
[QTranslate] 原始字符串: Alt
[QTranslate] 原始字符串: Meta
[QTranslate] 原始字符串: Num
[QTranslate] 原始字符串: Space
[QTranslate] 原始字符串: Esc
[QTranslate] 原始字符串: Tab
[QTranslate] 原始字符串: Backtab
[QTranslate] 原始字符串: Backspace
[QTranslate] 原始字符串: Return
[QTranslate] 原始字符串: Enter
[QTranslate] 原始字符串: Ins
[QTranslate] 原始字符串: Del
[QTranslate] 原始字符串: Pause
[QTranslate] 原始字符串: Print
[QTranslate] 原始字符串: SysReq
[QTranslate] 原始字符串: Home
[QTranslate] 原始字符串: End
[QTranslate] 原始字符串: Left
[QTranslate] 原始字符串: Up
[QString::FromUtf8] 原始字符串: Alt+Up
[QString::FromUtf8] 原始字符串: Alt-Down
[QTranslate] 原始字符串: Ctrl
[QTranslate] 原始字符串: Shift
[QTranslate] 原始字符串: Alt
[QTranslate] 原始字符串: Meta
[QTranslate] 原始字符串: Num
[QTranslate] 原始字符串: Space
[QTranslate] 原始字符串: Esc
[QTranslate] 原始字符串: Tab
[QTranslate] 原始字符串: Backtab
[QTranslate] 原始字符串: Backspace
[QTranslate] 原始字符串: Return
[QTranslate] 原始字符串: Enter
[QTranslate] 原始字符串: Ins
[QTranslate] 原始字符串: Del
[QTranslate] 原始字符串: Pause
[QTranslate] 原始字符串: Print
[QTranslate] 原始字符串: SysReq
[QTranslate] 原始字符串: Home
[QTranslate] 原始字符串: End
[QTranslate] 原始字符串: Left
[QTranslate] 原始字符串: Up
[QTranslate] 原始字符串: Right
[QTranslate] 原始字符串: Down
[QString::FromUtf8] 原始字符串: Alt+Down
[QString::FromUtf8] 原始字符串: Shift-Alt-Up
[QTranslate] 原始字符串: Ctrl
[QTranslate] 原始字符串: Shift
[QTranslate] 原始字符串: Alt
[QTranslate] 原始字符串: Meta
[QTranslate] 原始字符串: Num
[QTranslate] 原始字符串: Space
[QTranslate] 原始字符串: Esc
[QTranslate] 原始字符串: Tab
[QTranslate] 原始字符串: Backtab
[QTranslate] 原始字符串: Backspace
[QTranslate] 原始字符串: Return
[QTranslate] 原始字符串: Enter
[QTranslate] 原始字符串: Ins
[QTranslate] 原始字符串: Del
[QTranslate] 原始字符串: Pause
[QTranslate] 原始字符串: Print
[QTranslate] 原始字符串: SysReq
[QTranslate] 原始字符串: Home
[QTranslate] 原始字符串: End
[QTranslate] 原始字符串: Left
[QTranslate] 原始字符串: Up
[QString::FromUtf8] 原始字符串: Alt+Shift+Up
[QString::FromUtf8] 原始字符串: Shift-Alt-Down
[QTranslate] 原始字符串: Ctrl
[QTranslate] 原始字符串: Shift
[QTranslate] 原始字符串: Alt
[QTranslate] 原始字符串: Meta
[QTranslate] 原始字符串: Num
[QTranslate] 原始字符串: Space
[QTranslate] 原始字符串: Esc
[QTranslate] 原始字符串: Tab
[QTranslate] 原始字符串: Backtab
[QTranslate] 原始字符串: Backspace
[QTranslate] 原始字符串: Return
[QTranslate] 原始字符串: Enter
[QTranslate] 原始字符串: Ins
[QTranslate] 原始字符串: Del
[QTranslate] 原始字符串: Pause
[QTranslate] 原始字符串: Print
[QTranslate] 原始字符串: SysReq
[QTranslate] 原始字符串: Home
[QTranslate] 原始字符串: End
[QTranslate] 原始字符串: Left
[QTranslate] 原始字符串: Up
[QTranslate] 原始字符串: Right
[QTranslate] 原始字符串: Down
[QString::FromUtf8] 原始字符串: Alt+Shift+Down
[QString::FromUtf8] 原始字符串: Shift-Alt-V
[QTranslate] 原始字符串: Ctrl
[QTranslate] 原始字符串: Shift
[QTranslate] 原始字符串: Alt
[QTranslate] 原始字符串: Meta
[QTranslate] 原始字符串: Num
[QString::FromUtf8] 原始字符串: Alt+Shift+V
[QString::FromUtf8] 原始字符串: Left
[QTranslate] 原始字符串: Ctrl
[QTranslate] 原始字符串: Shift
[QTranslate] 原始字符串: Alt
[QTranslate] 原始字符串: Meta
[QTranslate] 原始字符串: Num
[QTranslate] 原始字符串: Space
[QTranslate] 原始字符串: Esc
[QTranslate] 原始字符串: Tab
[QTranslate] 原始字符串: Backtab
[QTranslate] 原始字符串: Backspace
[QTranslate] 原始字符串: Return
[QTranslate] 原始字符串: Enter
[QTranslate] 原始字符串: Ins
[QTranslate] 原始字符串: Del
[QTranslate] 原始字符串: Pause
[QTranslate] 原始字符串: Print
[QTranslate] 原始字符串: SysReq
[QTranslate] 原始字符串: Home
[QTranslate] 原始字符串: End
[QTranslate] 原始字符串: Left
[QString::FromUtf8] 原始字符串: Left
[QString::FromUtf8] 原始字符串: Shift-Left
[QTranslate] 原始字符串: Ctrl
[QTranslate] 原始字符串: Shift
[QTranslate] 原始字符串: Alt
[QTranslate] 原始字符串: Meta
[QTranslate] 原始字符串: Num
[QTranslate] 原始字符串: Space
[QTranslate] 原始字符串: Esc
[QTranslate] 原始字符串: Tab
[QTranslate] 原始字符串: Backtab
[QTranslate] 原始字符串: Backspace
[QTranslate] 原始字符串: Return
[QTranslate] 原始字符串: Enter
[QTranslate] 原始字符串: Ins
[QTranslate] 原始字符串: Del
[QTranslate] 原始字符串: Pause
[QTranslate] 原始字符串: Print
[QTranslate] 原始字符串: SysReq
[QTranslate] 原始字符串: Home
[QTranslate] 原始字符串: End
[QTranslate] 原始字符串: Left
[QString::FromUtf8] 原始字符串: Shift+Left
[QString::FromUtf8] 原始字符串: Right
[QTranslate] 原始字符串: Ctrl
[QTranslate] 原始字符串: Shift
[QTranslate] 原始字符串: Alt
[QTranslate] 原始字符串: Meta
[QTranslate] 原始字符串: Num
[QTranslate] 原始字符串: Space
[QTranslate] 原始字符串: Esc
[QTranslate] 原始字符串: Tab
[QTranslate] 原始字符串: Backtab
[QTranslate] 原始字符串: Backspace
[QTranslate] 原始字符串: Return
[QTranslate] 原始字符串: Enter
[QTranslate] 原始字符串: Ins
[QTranslate] 原始字符串: Del
[QTranslate] 原始字符串: Pause
[QTranslate] 原始字符串: Print
[QTranslate] 原始字符串: SysReq
[QTranslate] 原始字符串: Home
[QTranslate] 原始字符串: End
[QTranslate] 原始字符串: Left
[QTranslate] 原始字符串: Up
[QTranslate] 原始字符串: Right
[QString::FromUtf8] 原始字符串: Right
[QString::FromUtf8] 原始字符串: Shift-Right
[QTranslate] 原始字符串: Ctrl
[QTranslate] 原始字符串: Shift
[QTranslate] 原始字符串: Alt
[QTranslate] 原始字符串: Meta
[QTranslate] 原始字符串: Num
[QTranslate] 原始字符串: Space
[QTranslate] 原始字符串: Esc
[QTranslate] 原始字符串: Tab
[QTranslate] 原始字符串: Backtab
[QTranslate] 原始字符串: Backspace
[QTranslate] 原始字符串: Return
[QTranslate] 原始字符串: Enter
[QTranslate] 原始字符串: Ins
[QTranslate] 原始字符串: Del
[QTranslate] 原始字符串: Pause
[QTranslate] 原始字符串: Print
[QTranslate] 原始字符串: SysReq
[QTranslate] 原始字符串: Home
[QTranslate] 原始字符串: End
[QTranslate] 原始字符串: Left
[QTranslate] 原始字符串: Up
[QTranslate] 原始字符串: Right
[QString::FromUtf8] 原始字符串: Shift+Right
[QString::FromUtf8] 原始字符串: Ctrl-Left
[QTranslate] 原始字符串: Ctrl
[QTranslate] 原始字符串: Shift
[QTranslate] 原始字符串: Alt
[QTranslate] 原始字符串: Meta
[QTranslate] 原始字符串: Num
[QTranslate] 原始字符串: Space
[QTranslate] 原始字符串: Esc
[QTranslate] 原始字符串: Tab
[QTranslate] 原始字符串: Backtab
[QTranslate] 原始字符串: Backspace
[QTranslate] 原始字符串: Return
[QTranslate] 原始字符串: Enter
[QTranslate] 原始字符串: Ins
[QTranslate] 原始字符串: Del
[QTranslate] 原始字符串: Pause
[QTranslate] 原始字符串: Print
[QTranslate] 原始字符串: SysReq
[QTranslate] 原始字符串: Home
[QTranslate] 原始字符串: End
[QTranslate] 原始字符串: Left
[QString::FromUtf8] 原始字符串: Ctrl+Left
[QString::FromUtf8] 原始字符串: Shift-Ctrl-Left
[QTranslate] 原始字符串: Ctrl
[QTranslate] 原始字符串: Shift
[QTranslate] 原始字符串: Alt
[QTranslate] 原始字符串: Meta
[QTranslate] 原始字符串: Num
[QTranslate] 原始字符串: Space
[QTranslate] 原始字符串: Esc
[QTranslate] 原始字符串: Tab
[QTranslate] 原始字符串: Backtab
[QTranslate] 原始字符串: Backspace
[QTranslate] 原始字符串: Return
[QTranslate] 原始字符串: Enter
[QTranslate] 原始字符串: Ins
[QTranslate] 原始字符串: Del
[QTranslate] 原始字符串: Pause
[QTranslate] 原始字符串: Print
[QTranslate] 原始字符串: SysReq
[QTranslate] 原始字符串: Home
[QTranslate] 原始字符串: End
[QTranslate] 原始字符串: Left
[QString::FromUtf8] 原始字符串: Ctrl+Shift+Left
[QString::FromUtf8] 原始字符串: Ctrl-Right
[QTranslate] 原始字符串: Ctrl
[QTranslate] 原始字符串: Shift
[QTranslate] 原始字符串: Alt
[QTranslate] 原始字符串: Meta
[QTranslate] 原始字符串: Num
[QTranslate] 原始字符串: Space
[QTranslate] 原始字符串: Esc
[QTranslate] 原始字符串: Tab
[QTranslate] 原始字符串: Backtab
[QTranslate] 原始字符串: Backspace
[QTranslate] 原始字符串: Return
[QTranslate] 原始字符串: Enter
[QTranslate] 原始字符串: Ins
[QTranslate] 原始字符串: Del
[QTranslate] 原始字符串: Pause
[QTranslate] 原始字符串: Print
[QTranslate] 原始字符串: SysReq
[QTranslate] 原始字符串: Home
[QTranslate] 原始字符串: End
[QTranslate] 原始字符串: Left
[QTranslate] 原始字符串: Up
[QTranslate] 原始字符串: Right
[QString::FromUtf8] 原始字符串: Ctrl+Right
[QString::FromUtf8] 原始字符串: Shift-Ctrl-Right
[QTranslate] 原始字符串: Ctrl
[QTranslate] 原始字符串: Shift
[QTranslate] 原始字符串: Alt
[QTranslate] 原始字符串: Meta
[QTranslate] 原始字符串: Num
[QTranslate] 原始字符串: Space
[QTranslate] 原始字符串: Esc
[QTranslate] 原始字符串: Tab
[QTranslate] 原始字符串: Backtab
[QTranslate] 原始字符串: Backspace
[QTranslate] 原始字符串: Return
[QTranslate] 原始字符串: Enter
[QTranslate] 原始字符串: Ins
[QTranslate] 原始字符串: Del
[QTranslate] 原始字符串: Pause
[QTranslate] 原始字符串: Print
[QTranslate] 原始字符串: SysReq
[QTranslate] 原始字符串: Home
[QTranslate] 原始字符串: End
[QTranslate] 原始字符串: Left
[QTranslate] 原始字符串: Up
[QTranslate] 原始字符串: Right
[QString::FromUtf8] 原始字符串: Ctrl+Shift+Right
[QString::FromUtf8] 原始字符串: Up
[QTranslate] 原始字符串: Ctrl
[QTranslate] 原始字符串: Shift
[QTranslate] 原始字符串: Alt
[QTranslate] 原始字符串: Meta
[QTranslate] 原始字符串: Num
[QTranslate] 原始字符串: Space
[QTranslate] 原始字符串: Esc
[QTranslate] 原始字符串: Tab
[QTranslate] 原始字符串: Backtab
[QTranslate] 原始字符串: Backspace
[QTranslate] 原始字符串: Return
[QTranslate] 原始字符串: Enter
[QTranslate] 原始字符串: Ins
[QTranslate] 原始字符串: Del
[QTranslate] 原始字符串: Pause
[QTranslate] 原始字符串: Print
[QTranslate] 原始字符串: SysReq
[QTranslate] 原始字符串: Home
[QTranslate] 原始字符串: End
[QTranslate] 原始字符串: Left
[QTranslate] 原始字符串: Up
[QString::FromUtf8] 原始字符串: Up
[QString::FromUtf8] 原始字符串: Shift-Up
[QTranslate] 原始字符串: Ctrl
[QTranslate] 原始字符串: Shift
[QTranslate] 原始字符串: Alt
[QTranslate] 原始字符串: Meta
[QTranslate] 原始字符串: Num
[QTranslate] 原始字符串: Space
[QTranslate] 原始字符串: Esc
[QTranslate] 原始字符串: Tab
[QTranslate] 原始字符串: Backtab
[QTranslate] 原始字符串: Backspace
[QTranslate] 原始字符串: Return
[QTranslate] 原始字符串: Enter
[QTranslate] 原始字符串: Ins
[QTranslate] 原始字符串: Del
[QTranslate] 原始字符串: Pause
[QTranslate] 原始字符串: Print
[QTranslate] 原始字符串: SysReq
[QTranslate] 原始字符串: Home
[QTranslate] 原始字符串: End
[QTranslate] 原始字符串: Left
[QTranslate] 原始字符串: Up
[QString::FromUtf8] 原始字符串: Shift+Up
[QString::FromUtf8] 原始字符串: Down
[QTranslate] 原始字符串: Ctrl
[QTranslate] 原始字符串: Shift
[QTranslate] 原始字符串: Alt
[QTranslate] 原始字符串: Meta
[QTranslate] 原始字符串: Num
[QTranslate] 原始字符串: Space
[QTranslate] 原始字符串: Esc
[QTranslate] 原始字符串: Tab
[QTranslate] 原始字符串: Backtab
[QTranslate] 原始字符串: Backspace
[QTranslate] 原始字符串: Return
[QTranslate] 原始字符串: Enter
[QTranslate] 原始字符串: Ins
[QTranslate] 原始字符串: Del
[QTranslate] 原始字符串: Pause
[QTranslate] 原始字符串: Print
[QTranslate] 原始字符串: SysReq
[QTranslate] 原始字符串: Home
[QTranslate] 原始字符串: End
[QTranslate] 原始字符串: Left
[QTranslate] 原始字符串: Up
[QTranslate] 原始字符串: Right
[QTranslate] 原始字符串: Down
[QString::FromUtf8] 原始字符串: Down
[QString::FromUtf8] 原始字符串: Shift-Down
[QTranslate] 原始字符串: Ctrl
[QTranslate] 原始字符串: Shift
[QTranslate] 原始字符串: Alt
[QTranslate] 原始字符串: Meta
[QTranslate] 原始字符串: Num
[QTranslate] 原始字符串: Space
[QTranslate] 原始字符串: Esc
[QTranslate] 原始字符串: Tab
[QTranslate] 原始字符串: Backtab
[QTranslate] 原始字符串: Backspace
[QTranslate] 原始字符串: Return
[QTranslate] 原始字符串: Enter
[QTranslate] 原始字符串: Ins
[QTranslate] 原始字符串: Del
[QTranslate] 原始字符串: Pause
[QTranslate] 原始字符串: Print
[QTranslate] 原始字符串: SysReq
[QTranslate] 原始字符串: Home
[QTranslate] 原始字符串: End
[QTranslate] 原始字符串: Left
[QTranslate] 原始字符串: Up
[QTranslate] 原始字符串: Right
[QTranslate] 原始字符串: Down
[QString::FromUtf8] 原始字符串: Shift+Down
[QString::FromUtf8] 原始字符串: PgUp
[QTranslate] 原始字符串: Ctrl
[QTranslate] 原始字符串: Shift
[QTranslate] 原始字符串: Alt
[QTranslate] 原始字符串: Meta
[QTranslate] 原始字符串: Num
[QTranslate] 原始字符串: Space
[QTranslate] 原始字符串: Esc
[QTranslate] 原始字符串: Tab
[QTranslate] 原始字符串: Backtab
[QTranslate] 原始字符串: Backspace
[QTranslate] 原始字符串: Return
[QTranslate] 原始字符串: Enter
[QTranslate] 原始字符串: Ins
[QTranslate] 原始字符串: Del
[QTranslate] 原始字符串: Pause
[QTranslate] 原始字符串: Print
[QTranslate] 原始字符串: SysReq
[QTranslate] 原始字符串: Home
[QTranslate] 原始字符串: End
[QTranslate] 原始字符串: Left
[QTranslate] 原始字符串: Up
[QTranslate] 原始字符串: Right
[QTranslate] 原始字符串: Down
[QTranslate] 原始字符串: PgUp
[QString::FromUtf8] 原始字符串: PgUp
[QString::FromUtf8] 原始字符串: Shift-PgUp
[QTranslate] 原始字符串: Ctrl
[QTranslate] 原始字符串: Shift
[QTranslate] 原始字符串: Alt
[QTranslate] 原始字符串: Meta
[QTranslate] 原始字符串: Num
[QTranslate] 原始字符串: Space
[QTranslate] 原始字符串: Esc
[QTranslate] 原始字符串: Tab
[QTranslate] 原始字符串: Backtab
[QTranslate] 原始字符串: Backspace
[QTranslate] 原始字符串: Return
[QTranslate] 原始字符串: Enter
[QTranslate] 原始字符串: Ins
[QTranslate] 原始字符串: Del
[QTranslate] 原始字符串: Pause
[QTranslate] 原始字符串: Print
[QTranslate] 原始字符串: SysReq
[QTranslate] 原始字符串: Home
[QTranslate] 原始字符串: End
[QTranslate] 原始字符串: Left
[QTranslate] 原始字符串: Up
[QTranslate] 原始字符串: Right
[QTranslate] 原始字符串: Down
[QTranslate] 原始字符串: PgUp
[QString::FromUtf8] 原始字符串: Shift+PgUp
[QString::FromUtf8] 原始字符串: PgDown
[QTranslate] 原始字符串: Ctrl
[QTranslate] 原始字符串: Shift
[QTranslate] 原始字符串: Alt
[QTranslate] 原始字符串: Meta
[QTranslate] 原始字符串: Num
[QTranslate] 原始字符串: Space
[QTranslate] 原始字符串: Esc
[QTranslate] 原始字符串: Tab
[QTranslate] 原始字符串: Backtab
[QTranslate] 原始字符串: Backspace
[QTranslate] 原始字符串: Return
[QTranslate] 原始字符串: Enter
[QTranslate] 原始字符串: Ins
[QTranslate] 原始字符串: Del
[QTranslate] 原始字符串: Pause
[QTranslate] 原始字符串: Print
[QTranslate] 原始字符串: SysReq
[QTranslate] 原始字符串: Home
[QTranslate] 原始字符串: End
[QTranslate] 原始字符串: Left
[QTranslate] 原始字符串: Up
[QTranslate] 原始字符串: Right
[QTranslate] 原始字符串: Down
[QTranslate] 原始字符串: PgUp
[QTranslate] 原始字符串: PgDown
[QString::FromUtf8] 原始字符串: PgDown
[QString::FromUtf8] 原始字符串: Shift-PgDown
[QTranslate] 原始字符串: Ctrl
[QTranslate] 原始字符串: Shift
[QTranslate] 原始字符串: Alt
[QTranslate] 原始字符串: Meta
[QTranslate] 原始字符串: Num
[QTranslate] 原始字符串: Space
[QTranslate] 原始字符串: Esc
[QTranslate] 原始字符串: Tab
[QTranslate] 原始字符串: Backtab
[QTranslate] 原始字符串: Backspace
[QTranslate] 原始字符串: Return
[QTranslate] 原始字符串: Enter
[QTranslate] 原始字符串: Ins
[QTranslate] 原始字符串: Del
[QTranslate] 原始字符串: Pause
[QTranslate] 原始字符串: Print
[QTranslate] 原始字符串: SysReq
[QTranslate] 原始字符串: Home
[QTranslate] 原始字符串: End
[QTranslate] 原始字符串: Left
[QTranslate] 原始字符串: Up
[QTranslate] 原始字符串: Right
[QTranslate] 原始字符串: Down
[QTranslate] 原始字符串: PgUp
[QTranslate] 原始字符串: PgDown
[QString::FromUtf8] 原始字符串: Shift+PgDown
[QString::FromUtf8] 原始字符串: Home
[QTranslate] 原始字符串: Ctrl
[QTranslate] 原始字符串: Shift
[QTranslate] 原始字符串: Alt
[QTranslate] 原始字符串: Meta
[QTranslate] 原始字符串: Num
[QTranslate] 原始字符串: Space
[QTranslate] 原始字符串: Esc
[QTranslate] 原始字符串: Tab
[QTranslate] 原始字符串: Backtab
[QTranslate] 原始字符串: Backspace
[QTranslate] 原始字符串: Return
[QTranslate] 原始字符串: Enter
[QTranslate] 原始字符串: Ins
[QTranslate] 原始字符串: Del
[QTranslate] 原始字符串: Pause
[QTranslate] 原始字符串: Print
[QTranslate] 原始字符串: SysReq
[QTranslate] 原始字符串: Home
[QString::FromUtf8] 原始字符串: Home
[QString::FromUtf8] 原始字符串: Shift-Home
[QTranslate] 原始字符串: Ctrl
[QTranslate] 原始字符串: Shift
[QTranslate] 原始字符串: Alt
[QTranslate] 原始字符串: Meta
[QTranslate] 原始字符串: Num
[QTranslate] 原始字符串: Space
[QTranslate] 原始字符串: Esc
[QTranslate] 原始字符串: Tab
[QTranslate] 原始字符串: Backtab
[QTranslate] 原始字符串: Backspace
[QTranslate] 原始字符串: Return
[QTranslate] 原始字符串: Enter
[QTranslate] 原始字符串: Ins
[QTranslate] 原始字符串: Del
[QTranslate] 原始字符串: Pause
[QTranslate] 原始字符串: Print
[QTranslate] 原始字符串: SysReq
[QTranslate] 原始字符串: Home
[QString::FromUtf8] 原始字符串: Shift+Home
[QString::FromUtf8] 原始字符串: End
[QTranslate] 原始字符串: Ctrl
[QTranslate] 原始字符串: Shift
[QTranslate] 原始字符串: Alt
[QTranslate] 原始字符串: Meta
[QTranslate] 原始字符串: Num
[QTranslate] 原始字符串: Space
[QTranslate] 原始字符串: Esc
[QTranslate] 原始字符串: Tab
[QTranslate] 原始字符串: Backtab
[QTranslate] 原始字符串: Backspace
[QTranslate] 原始字符串: Return
[QTranslate] 原始字符串: Enter
[QTranslate] 原始字符串: Ins
[QTranslate] 原始字符串: Del
[QTranslate] 原始字符串: Pause
[QTranslate] 原始字符串: Print
[QTranslate] 原始字符串: SysReq
[QTranslate] 原始字符串: Home
[QTranslate] 原始字符串: End
[QString::FromUtf8] 原始字符串: End
[QString::FromUtf8] 原始字符串: Shift-End
[QTranslate] 原始字符串: Ctrl
[QTranslate] 原始字符串: Shift
[QTranslate] 原始字符串: Alt
[QTranslate] 原始字符串: Meta
[QTranslate] 原始字符串: Num
[QTranslate] 原始字符串: Space
[QTranslate] 原始字符串: Esc
[QTranslate] 原始字符串: Tab
[QTranslate] 原始字符串: Backtab
[QTranslate] 原始字符串: Backspace
[QTranslate] 原始字符串: Return
[QTranslate] 原始字符串: Enter
[QTranslate] 原始字符串: Ins
[QTranslate] 原始字符串: Del
[QTranslate] 原始字符串: Pause
[QTranslate] 原始字符串: Print
[QTranslate] 原始字符串: SysReq
[QTranslate] 原始字符串: Home
[QTranslate] 原始字符串: End
[QString::FromUtf8] 原始字符串: Shift+End
[QString::FromUtf8] 原始字符串: Ctrl-C
[QTranslate] 原始字符串: Ctrl
[QTranslate] 原始字符串: Shift
[QTranslate] 原始字符串: Alt
[QTranslate] 原始字符串: Meta
[QTranslate] 原始字符串: Num
[QString::FromUtf8] 原始字符串: Ctrl+C
[QString::FromUtf8] 原始字符串: Ctrl+C
[QString::FromUtf8] 原始字符串: Ctrl+Ins
[QString::FromUtf8] 原始字符串: Ctrl-A
[QTranslate] 原始字符串: Ctrl
[QTranslate] 原始字符串: Shift
[QTranslate] 原始字符串: Alt
[QTranslate] 原始字符串: Meta
[QTranslate] 原始字符串: Num
[QString::FromUtf8] 原始字符串: Ctrl+A
[QString::FromUtf8] 原始字符串: Ctrl+A
[QString::FromUtf8] 原始字符串: Ctrl-X
[QTranslate] 原始字符串: Ctrl
[QTranslate] 原始字符串: Shift
[QTranslate] 原始字符串: Alt
[QTranslate] 原始字符串: Meta
[QTranslate] 原始字符串: Num
[QString::FromUtf8] 原始字符串: Ctrl+X
[QString::FromUtf8] 原始字符串: Alt-T
[QTranslate] 原始字符串: Ctrl
[QTranslate] 原始字符串: Shift
[QTranslate] 原始字符串: Alt
[QTranslate] 原始字符串: Meta
[QTranslate] 原始字符串: Num
[QString::FromUtf8] 原始字符串: Alt+T
[QString::FromUtf8] 原始字符串: Ctrl-T
[QTranslate] 原始字符串: Ctrl
[QTranslate] 原始字符串: Shift
[QTranslate] 原始字符串: Alt
[QTranslate] 原始字符串: Meta
[QTranslate] 原始字符串: Num
[QString::FromUtf8] 原始字符串: Ctrl+T
[QString::FromUtf8] 原始字符串: Ctrl-S
[QTranslate] 原始字符串: Ctrl
[QTranslate] 原始字符串: Shift
[QTranslate] 原始字符串: Alt
[QTranslate] 原始字符串: Meta
[QTranslate] 原始字符串: Num
[QString::FromUtf8] 原始字符串: Ctrl+S
[QString::FromUtf8] 原始字符串: Ctrl-Home
[QTranslate] 原始字符串: Ctrl
[QTranslate] 原始字符串: Shift
[QTranslate] 原始字符串: Alt
[QTranslate] 原始字符串: Meta
[QTranslate] 原始字符串: Num
[QTranslate] 原始字符串: Space
[QTranslate] 原始字符串: Esc
[QTranslate] 原始字符串: Tab
[QTranslate] 原始字符串: Backtab
[QTranslate] 原始字符串: Backspace
[QTranslate] 原始字符串: Return
[QTranslate] 原始字符串: Enter
[QTranslate] 原始字符串: Ins
[QTranslate] 原始字符串: Del
[QTranslate] 原始字符串: Pause
[QTranslate] 原始字符串: Print
[QTranslate] 原始字符串: SysReq
[QTranslate] 原始字符串: Home
[QString::FromUtf8] 原始字符串: Ctrl+Home
[QString::FromUtf8] 原始字符串: Shift-Ctrl-Home
[QTranslate] 原始字符串: Ctrl
[QTranslate] 原始字符串: Shift
[QTranslate] 原始字符串: Alt
[QTranslate] 原始字符串: Meta
[QTranslate] 原始字符串: Num
[QTranslate] 原始字符串: Space
[QTranslate] 原始字符串: Esc
[QTranslate] 原始字符串: Tab
[QTranslate] 原始字符串: Backtab
[QTranslate] 原始字符串: Backspace
[QTranslate] 原始字符串: Return
[QTranslate] 原始字符串: Enter
[QTranslate] 原始字符串: Ins
[QTranslate] 原始字符串: Del
[QTranslate] 原始字符串: Pause
[QTranslate] 原始字符串: Print
[QTranslate] 原始字符串: SysReq
[QTranslate] 原始字符串: Home
[QString::FromUtf8] 原始字符串: Ctrl+Shift+Home
[QString::FromUtf8] 原始字符串: Ctrl-End
[QTranslate] 原始字符串: Ctrl
[QTranslate] 原始字符串: Shift
[QTranslate] 原始字符串: Alt
[QTranslate] 原始字符串: Meta
[QTranslate] 原始字符串: Num
[QTranslate] 原始字符串: Space
[QTranslate] 原始字符串: Esc
[QTranslate] 原始字符串: Tab
[QTranslate] 原始字符串: Backtab
[QTranslate] 原始字符串: Backspace
[QTranslate] 原始字符串: Return
[QTranslate] 原始字符串: Enter
[QTranslate] 原始字符串: Ins
[QTranslate] 原始字符串: Del
[QTranslate] 原始字符串: Pause
[QTranslate] 原始字符串: Print
[QTranslate] 原始字符串: SysReq
[QTranslate] 原始字符串: Home
[QTranslate] 原始字符串: End
[QString::FromUtf8] 原始字符串: Ctrl+End
[QString::FromUtf8] 原始字符串: Shift-Ctrl-End
[QTranslate] 原始字符串: Ctrl
[QTranslate] 原始字符串: Shift
[QTranslate] 原始字符串: Alt
[QTranslate] 原始字符串: Meta
[QTranslate] 原始字符串: Num
[QTranslate] 原始字符串: Space
[QTranslate] 原始字符串: Esc
[QTranslate] 原始字符串: Tab
[QTranslate] 原始字符串: Backtab
[QTranslate] 原始字符串: Backspace
[QTranslate] 原始字符串: Return
[QTranslate] 原始字符串: Enter
[QTranslate] 原始字符串: Ins
[QTranslate] 原始字符串: Del
[QTranslate] 原始字符串: Pause
[QTranslate] 原始字符串: Print
[QTranslate] 原始字符串: SysReq
[QTranslate] 原始字符串: Home
[QTranslate] 原始字符串: End
[QString::FromUtf8] 原始字符串: Ctrl+Shift+End
[QString::FromUtf8] 原始字符串: Alt-T
[QTranslate] 原始字符串: Ctrl
[QTranslate] 原始字符串: Shift
[QTranslate] 原始字符串: Alt
[QTranslate] 原始字符串: Meta
[QTranslate] 原始字符串: Num
[QString::FromUtf8] 原始字符串: Alt+T
[QString::FromUtf8] 原始字符串: Ctrl-T
[QTranslate] 原始字符串: Ctrl
[QTranslate] 原始字符串: Shift
[QTranslate] 原始字符串: Alt
[QTranslate] 原始字符串: Meta
[QTranslate] 原始字符串: Num
[QString::FromUtf8] 原始字符串: Ctrl+T
[QString::FromUtf8] 原始字符串: Ctrl-Alt-G
[QTranslate] 原始字符串: Ctrl
[QTranslate] 原始字符串: Shift
[QTranslate] 原始字符串: Alt
[QTranslate] 原始字符串: Meta
[QTranslate] 原始字符串: Num
[QString::FromUtf8] 原始字符串: Ctrl+Alt+G
[QString::FromUtf8] 原始字符串: Ctrl+Z
[QString::FromUtf8] 原始字符串: Alt+Backspace
[QString::FromUtf8] 原始字符串: Ctrl-Z
[QTranslate] 原始字符串: Ctrl
[QTranslate] 原始字符串: Shift
[QTranslate] 原始字符串: Alt
[QTranslate] 原始字符串: Meta
[QTranslate] 原始字符串: Num
[QString::FromUtf8] 原始字符串: Ctrl+Z
[QString::FromUtf8] 原始字符串: Ctrl+Y
[QString::FromUtf8] 原始字符串: Alt+Shift+Backspace
[QString::FromUtf8] 原始字符串: Ctrl+Shift+Z
[QString::FromUtf8] 原始字符串: Ctrl-Shift-Z
[QTranslate] 原始字符串: Ctrl
[QTranslate] 原始字符串: Shift
[QTranslate] 原始字符串: Alt
[QTranslate] 原始字符串: Meta
[QTranslate] 原始字符串: Num
[QString::FromUtf8] 原始字符串: Ctrl+Shift+Z
[QString::FromUtf8] 原始字符串: L
[QTranslate] 原始字符串: Ctrl
[QTranslate] 原始字符串: Shift
[QTranslate] 原始字符串: Alt
[QTranslate] 原始字符串: Meta
[QTranslate] 原始字符串: Num
[QString::FromUtf8] 原始字符串: L
[QString::FromUtf8] 原始字符串: Alt-F2
[QTranslate] 原始字符串: Ctrl
[QTranslate] 原始字符串: Shift
[QTranslate] 原始字符串: Alt
[QTranslate] 原始字符串: Meta
[QTranslate] 原始字符串: Num
[QString::FromUtf8] 原始字符串: Alt+F2
[QString::FromUtf8] 原始字符串: Space
[QTranslate] 原始字符串: Ctrl
[QTranslate] 原始字符串: Shift
[QTranslate] 原始字符串: Alt
[QTranslate] 原始字符串: Meta
[QTranslate] 原始字符串: Num
[QTranslate] 原始字符串: Space
[QString::FromUtf8] 原始字符串: Space
[QString::FromUtf8] 原始字符串: C
[QTranslate] 原始字符串: Ctrl
[QTranslate] 原始字符串: Shift
[QTranslate] 原始字符串: Alt
[QTranslate] 原始字符串: Meta
[QTranslate] 原始字符串: Num
[QString::FromUtf8] 原始字符串: C
[QString::FromUtf8] 原始字符串: D
[QTranslate] 原始字符串: Ctrl
[QTranslate] 原始字符串: Shift
[QTranslate] 原始字符串: Alt
[QTranslate] 原始字符串: Meta
[QTranslate] 原始字符串: Num
[QString::FromUtf8] 原始字符串: D
[QString::FromUtf8] 原始字符串: A
[QTranslate] 原始字符串: Ctrl
[QTranslate] 原始字符串: Shift
[QTranslate] 原始字符串: Alt
[QTranslate] 原始字符串: Meta
[QTranslate] 原始字符串: Num
[QString::FromUtf8] 原始字符串: A
[QString::FromUtf8] 原始字符串: Numpad*
[QTranslate] 原始字符串: Ctrl
[QTranslate] 原始字符串: Shift
[QTranslate] 原始字符串: Alt
[QTranslate] 原始字符串: Meta
[QTranslate] 原始字符串: Num
[QString::FromUtf8] 原始字符串: Num+*
[QString::FromUtf8] 原始字符串: *
[QTranslate] 原始字符串: Ctrl
[QTranslate] 原始字符串: Shift
[QTranslate] 原始字符串: Alt
[QTranslate] 原始字符串: Meta
[QTranslate] 原始字符串: Num
[QString::FromUtf8] 原始字符串: *
[QString::FromUtf8] 原始字符串: U
[QTranslate] 原始字符串: Ctrl
[QTranslate] 原始字符串: Shift
[QTranslate] 原始字符串: Alt
[QTranslate] 原始字符串: Meta
[QTranslate] 原始字符串: Num
[QString::FromUtf8] 原始字符串: U
[QString::FromUtf8] 原始字符串: N
[QTranslate] 原始字符串: Ctrl
[QTranslate] 原始字符串: Shift
[QTranslate] 原始字符串: Alt
[QTranslate] 原始字符串: Meta
[QTranslate] 原始字符串: Num
[QString::FromUtf8] 原始字符串: N
[QString::FromUtf8] 原始字符串: Alt-F1
[QTranslate] 原始字符串: Ctrl
[QTranslate] 原始字符串: Shift
[QTranslate] 原始字符串: Alt
[QTranslate] 原始字符串: Meta
[QTranslate] 原始字符串: Num
[QString::FromUtf8] 原始字符串: Alt+F1
[QString::FromUtf8] 原始字符串: P
[QTranslate] 原始字符串: Ctrl
[QTranslate] 原始字符串: Shift
[QTranslate] 原始字符串: Alt
[QTranslate] 原始字符串: Meta
[QTranslate] 原始字符串: Num
[QString::FromUtf8] 原始字符串: P
[QString::FromUtf8] 原始字符串: Alt-P
[QTranslate] 原始字符串: Ctrl
[QTranslate] 原始字符串: Shift
[QTranslate] 原始字符串: Alt
[QTranslate] 原始字符串: Meta
[QTranslate] 原始字符串: Num
[QString::FromUtf8] 原始字符串: Alt+P
[QString::FromUtf8] 原始字符串: E
[QTranslate] 原始字符串: Ctrl
[QTranslate] 原始字符串: Shift
[QTranslate] 原始字符串: Alt
[QTranslate] 原始字符串: Meta
[QTranslate] 原始字符串: Num
[QString::FromUtf8] 原始字符串: E
[QString::FromUtf8] 原始字符串: Ctrl-K
[QTranslate] 原始字符串: Ctrl
[QTranslate] 原始字符串: Shift
[QTranslate] 原始字符串: Alt
[QTranslate] 原始字符串: Meta
[QTranslate] 原始字符串: Num
[QString::FromUtf8] 原始字符串: Ctrl+K
[QString::FromUtf8] 原始字符串: Alt-K
[QTranslate] 原始字符串: Ctrl
[QTranslate] 原始字符串: Shift
[QTranslate] 原始字符串: Alt
[QTranslate] 原始字符串: Meta
[QTranslate] 原始字符串: Num
[QString::FromUtf8] 原始字符串: Alt+K
[QString::FromUtf8] 原始字符串: V
[QTranslate] 原始字符串: Ctrl
[QTranslate] 原始字符串: Shift
[QTranslate] 原始字符串: Alt
[QTranslate] 原始字符串: Meta
[QTranslate] 原始字符串: Num
[QString::FromUtf8] 原始字符串: V
[QString::FromUtf8] 原始字符串: Y
[QTranslate] 原始字符串: Ctrl
[QTranslate] 原始字符串: Shift
[QTranslate] 原始字符串: Alt
[QTranslate] 原始字符串: Meta
[QTranslate] 原始字符串: Num
[QString::FromUtf8] 原始字符串: Y
[QString::FromUtf8] 原始字符串: :
[QTranslate] 原始字符串: Ctrl
[QTranslate] 原始字符串: Shift
[QTranslate] 原始字符串: Alt
[QTranslate] 原始字符串: Meta
[QTranslate] 原始字符串: Num
[QString::FromUtf8] 原始字符串: :
[QString::FromUtf8] 原始字符串: ;
[QTranslate] 原始字符串: Ctrl
[QTranslate] 原始字符串: Shift
[QTranslate] 原始字符串: Alt
[QTranslate] 原始字符串: Meta
[QTranslate] 原始字符串: Num
[QString::FromUtf8] 原始字符串: ;
[QString::FromUtf8] 原始字符串: Ins
[QTranslate] 原始字符串: Ctrl
[QTranslate] 原始字符串: Shift
[QTranslate] 原始字符串: Alt
[QTranslate] 原始字符串: Meta
[QTranslate] 原始字符串: Num
[QTranslate] 原始字符串: Space
[QTranslate] 原始字符串: Esc
[QTranslate] 原始字符串: Tab
[QTranslate] 原始字符串: Backtab
[QTranslate] 原始字符串: Backspace
[QTranslate] 原始字符串: Return
[QTranslate] 原始字符串: Enter
[QTranslate] 原始字符串: Ins
[QString::FromUtf8] 原始字符串: Ins
[QString::FromUtf8] 原始字符串: ;
[QTranslate] 原始字符串: Ctrl
[QTranslate] 原始字符串: Shift
[QTranslate] 原始字符串: Alt
[QTranslate] 原始字符串: Meta
[QTranslate] 原始字符串: Num
[QString::FromUtf8] 原始字符串: ;
[QString::FromUtf8] 原始字符串: /
[QTranslate] 原始字符串: Ctrl
[QTranslate] 原始字符串: Shift
[QTranslate] 原始字符串: Alt
[QTranslate] 原始字符串: Meta
[QTranslate] 原始字符串: Num
[QString::FromUtf8] 原始字符串: /
[QString::FromUtf8] 原始字符串: Tab
[QTranslate] 原始字符串: Ctrl
[QTranslate] 原始字符串: Shift
[QTranslate] 原始字符串: Alt
[QTranslate] 原始字符串: Meta
[QTranslate] 原始字符串: Num
[QTranslate] 原始字符串: Space
[QTranslate] 原始字符串: Esc
[QTranslate] 原始字符串: Tab
[QString::FromUtf8] 原始字符串: Tab
[QString::FromUtf8] 原始字符串: Ctrl-E
[QTranslate] 原始字符串: Ctrl
[QTranslate] 原始字符串: Shift
[QTranslate] 原始字符串: Alt
[QTranslate] 原始字符串: Meta
[QTranslate] 原始字符串: Num
[QString::FromUtf8] 原始字符串: Ctrl+E
[QString::FromUtf8] 原始字符串: Ctrl-P
[QTranslate] 原始字符串: Ctrl
[QTranslate] 原始字符串: Shift
[QTranslate] 原始字符串: Alt
[QTranslate] 原始字符串: Meta
[QTranslate] 原始字符串: Num
[QString::FromUtf8] 原始字符串: Ctrl+P
[QString::FromUtf8] 原始字符串: Del
[QTranslate] 原始字符串: Ctrl
[QTranslate] 原始字符串: Shift
[QTranslate] 原始字符串: Alt
[QTranslate] 原始字符串: Meta
[QTranslate] 原始字符串: Num
[QTranslate] 原始字符串: Space
[QTranslate] 原始字符串: Esc
[QTranslate] 原始字符串: Tab
[QTranslate] 原始字符串: Backtab
[QTranslate] 原始字符串: Backspace
[QTranslate] 原始字符串: Return
[QTranslate] 原始字符串: Enter
[QTranslate] 原始字符串: Ins
[QTranslate] 原始字符串: Del
[QString::FromUtf8] 原始字符串: Del
[QString::FromUtf8] 原始字符串: U
[QTranslate] 原始字符串: Ctrl
[QTranslate] 原始字符串: Shift
[QTranslate] 原始字符串: Alt
[QTranslate] 原始字符串: Meta
[QTranslate] 原始字符串: Num
[QString::FromUtf8] 原始字符串: U
[QString::FromUtf8] 原始字符串: I
[QTranslate] 原始字符串: Ctrl
[QTranslate] 原始字符串: Shift
[QTranslate] 原始字符串: Alt
[QTranslate] 原始字符串: Meta
[QTranslate] 原始字符串: Num
[QString::FromUtf8] 原始字符串: I
[QString::FromUtf8] 原始字符串: L
[QTranslate] 原始字符串: Ctrl
[QTranslate] 原始字符串: Shift
[QTranslate] 原始字符串: Alt
[QTranslate] 原始字符串: Meta
[QTranslate] 原始字符串: Num
[QString::FromUtf8] 原始字符串: L
[QString::FromUtf8] 原始字符串: Ctrl-Space
[QTranslate] 原始字符串: Ctrl
[QTranslate] 原始字符串: Shift
[QTranslate] 原始字符串: Alt
[QTranslate] 原始字符串: Meta
[QTranslate] 原始字符串: Num
[QTranslate] 原始字符串: Space
[QString::FromUtf8] 原始字符串: Ctrl+Space
[QString::FromUtf8] 原始字符串: Ins
[QTranslate] 原始字符串: Ctrl
[QTranslate] 原始字符串: Shift
[QTranslate] 原始字符串: Alt
[QTranslate] 原始字符串: Meta
[QTranslate] 原始字符串: Num
[QTranslate] 原始字符串: Space
[QTranslate] 原始字符串: Esc
[QTranslate] 原始字符串: Tab
[QTranslate] 原始字符串: Backtab
[QTranslate] 原始字符串: Backspace
[QTranslate] 原始字符串: Return
[QTranslate] 原始字符串: Enter
[QTranslate] 原始字符串: Ins
[QString::FromUtf8] 原始字符串: Ins
[QString::FromUtf8] 原始字符串: Shift-Ins
[QTranslate] 原始字符串: Ctrl
[QTranslate] 原始字符串: Shift
[QTranslate] 原始字符串: Alt
[QTranslate] 原始字符串: Meta
[QTranslate] 原始字符串: Num
[QTranslate] 原始字符串: Space
[QTranslate] 原始字符串: Esc
[QTranslate] 原始字符串: Tab
[QTranslate] 原始字符串: Backtab
[QTranslate] 原始字符串: Backspace
[QTranslate] 原始字符串: Return
[QTranslate] 原始字符串: Enter
[QTranslate] 原始字符串: Ins
[QString::FromUtf8] 原始字符串: Shift+Ins
[QString::FromUtf8] 原始字符串: #
[QTranslate] 原始字符串: Ctrl
[QTranslate] 原始字符串: Shift
[QTranslate] 原始字符串: Alt
[QTranslate] 原始字符串: Meta
[QTranslate] 原始字符串: Num
[QString::FromUtf8] 原始字符串: #
[QString::FromUtf8] 原始字符串: Q
[QTranslate] 原始字符串: Ctrl
[QTranslate] 原始字符串: Shift
[QTranslate] 原始字符串: Alt
[QTranslate] 原始字符串: Meta
[QTranslate] 原始字符串: Num
[QString::FromUtf8] 原始字符串: Q
[QString::FromUtf8] 原始字符串: H
[QTranslate] 原始字符串: Ctrl
[QTranslate] 原始字符串: Shift
[QTranslate] 原始字符串: Alt
[QTranslate] 原始字符串: Meta
[QTranslate] 原始字符串: Num
[QString::FromUtf8] 原始字符串: H
[QString::FromUtf8] 原始字符串: B
[QTranslate] 原始字符串: Ctrl
[QTranslate] 原始字符串: Shift
[QTranslate] 原始字符串: Alt
[QTranslate] 原始字符串: Meta
[QTranslate] 原始字符串: Num
[QString::FromUtf8] 原始字符串: B
[QString::FromUtf8] 原始字符串: 0
[QTranslate] 原始字符串: Ctrl
[QTranslate] 原始字符串: Shift
[QTranslate] 原始字符串: Alt
[QTranslate] 原始字符串: Meta
[QTranslate] 原始字符串: Num
[QString::FromUtf8] 原始字符串: 0
[QString::FromUtf8] 原始字符串: R
[QTranslate] 原始字符串: Ctrl
[QTranslate] 原始字符串: Shift
[QTranslate] 原始字符串: Alt
[QTranslate] 原始字符串: Meta
[QTranslate] 原始字符串: Num
[QString::FromUtf8] 原始字符串: R
[QString::FromUtf8] 原始字符串: S
[QTranslate] 原始字符串: Ctrl
[QTranslate] 原始字符串: Shift
[QTranslate] 原始字符串: Alt
[QTranslate] 原始字符串: Meta
[QTranslate] 原始字符串: Num
[QString::FromUtf8] 原始字符串: S
[QString::FromUtf8] 原始字符串: O
[QTranslate] 原始字符串: Ctrl
[QTranslate] 原始字符串: Shift
[QTranslate] 原始字符串: Alt
[QTranslate] 原始字符串: Meta
[QTranslate] 原始字符串: Num
[QString::FromUtf8] 原始字符串: O
[QString::FromUtf8] 原始字符串: Ctrl-O
[QTranslate] 原始字符串: Ctrl
[QTranslate] 原始字符串: Shift
[QTranslate] 原始字符串: Alt
[QTranslate] 原始字符串: Meta
[QTranslate] 原始字符串: Num
[QString::FromUtf8] 原始字符串: Ctrl+O
[QString::FromUtf8] 原始字符串: Alt-R
[QTranslate] 原始字符串: Ctrl
[QTranslate] 原始字符串: Shift
[QTranslate] 原始字符串: Alt
[QTranslate] 原始字符串: Meta
[QTranslate] 原始字符串: Num
[QString::FromUtf8] 原始字符串: Alt+R
[QString::FromUtf8] 原始字符串: Ctrl-R
[QTranslate] 原始字符串: Ctrl
[QTranslate] 原始字符串: Shift
[QTranslate] 原始字符串: Alt
[QTranslate] 原始字符串: Meta
[QTranslate] 原始字符串: Num
[QString::FromUtf8] 原始字符串: Ctrl+R
[QString::FromUtf8] 原始字符串: T
[QTranslate] 原始字符串: Ctrl
[QTranslate] 原始字符串: Shift
[QTranslate] 原始字符串: Alt
[QTranslate] 原始字符串: Meta
[QTranslate] 原始字符串: Num
[QString::FromUtf8] 原始字符串: T
[QString::FromUtf8] 原始字符串: K
[QTranslate] 原始字符串: Ctrl
[QTranslate] 原始字符串: Shift
[QTranslate] 原始字符串: Alt
[QTranslate] 原始字符串: Meta
[QTranslate] 原始字符串: Num
[QString::FromUtf8] 原始字符串: K
[QString::FromUtf8] 原始字符串: M
[QTranslate] 原始字符串: Ctrl
[QTranslate] 原始字符串: Shift
[QTranslate] 原始字符串: Alt
[QTranslate] 原始字符串: Meta
[QTranslate] 原始字符串: Num
[QString::FromUtf8] 原始字符串: M
[QString::FromUtf8] 原始字符串: _
[QTranslate] 原始字符串: Ctrl
[QTranslate] 原始字符串: Shift
[QTranslate] 原始字符串: Alt
[QTranslate] 原始字符串: Meta
[QTranslate] 原始字符串: Num
[QString::FromUtf8] 原始字符串: _
[QString::FromUtf8] 原始字符串: ~
[QTranslate] 原始字符串: Ctrl
[QTranslate] 原始字符串: Shift
[QTranslate] 原始字符串: Alt
[QTranslate] 原始字符串: Meta
[QTranslate] 原始字符串: Num
[QString::FromUtf8] 原始字符串: ~
[QString::FromUtf8] 原始字符串: Alt-S
[QTranslate] 原始字符串: Ctrl
[QTranslate] 原始字符串: Shift
[QTranslate] 原始字符串: Alt
[QTranslate] 原始字符串: Meta
[QTranslate] 原始字符串: Num
[QString::FromUtf8] 原始字符串: Alt+S
[QString::FromUtf8] 原始字符串: Alt-G
[QTranslate] 原始字符串: Ctrl
[QTranslate] 原始字符串: Shift
[QTranslate] 原始字符串: Alt
[QTranslate] 原始字符串: Meta
[QTranslate] 原始字符串: Num
[QString::FromUtf8] 原始字符串: Alt+G
[QString::FromUtf8] 原始字符串: Alt-0
[QTranslate] 原始字符串: Ctrl
[QTranslate] 原始字符串: Shift
[QTranslate] 原始字符串: Alt
[QTranslate] 原始字符串: Meta
[QTranslate] 原始字符串: Num
[QString::FromUtf8] 原始字符串: Alt+0
[QString::FromUtf8] 原始字符串: Ctrl-Space
[QTranslate] 原始字符串: Ctrl
[QTranslate] 原始字符串: Shift
[QTranslate] 原始字符串: Alt
[QTranslate] 原始字符串: Meta
[QTranslate] 原始字符串: Num
[QTranslate] 原始字符串: Space
[QString::FromUtf8] 原始字符串: Ctrl+Space
[QString::FromUtf8] 原始字符串: Ctrl-1
[QTranslate] 原始字符串: Ctrl
[QTranslate] 原始字符串: Shift
[QTranslate] 原始字符串: Alt
[QTranslate] 原始字符串: Meta
[QTranslate] 原始字符串: Num
[QString::FromUtf8] 原始字符串: Ctrl+1
[QString::FromUtf8] 原始字符串: Ctrl-3
[QTranslate] 原始字符串: Ctrl
[QTranslate] 原始字符串: Shift
[QTranslate] 原始字符串: Alt
[QTranslate] 原始字符串: Meta
[QTranslate] 原始字符串: Num
[QString::FromUtf8] 原始字符串: Ctrl+3
[QString::FromUtf8] 原始字符串: Shift-F3
[QTranslate] 原始字符串: Ctrl
[QTranslate] 原始字符串: Shift
[QTranslate] 原始字符串: Alt
[QTranslate] 原始字符串: Meta
[QTranslate] 原始字符串: Num
[QString::FromUtf8] 原始字符串: Shift+F3
[QString::FromUtf8] 原始字符串: Shift-F4
[QTranslate] 原始字符串: Ctrl
[QTranslate] 原始字符串: Shift
[QTranslate] 原始字符串: Alt
[QTranslate] 原始字符串: Meta
[QTranslate] 原始字符串: Num
[QString::FromUtf8] 原始字符串: Shift+F4
[QString::FromUtf8] 原始字符串: Shift-F5
[QTranslate] 原始字符串: Ctrl
[QTranslate] 原始字符串: Shift
[QTranslate] 原始字符串: Alt
[QTranslate] 原始字符串: Meta
[QTranslate] 原始字符串: Num
[QString::FromUtf8] 原始字符串: Shift+F5
[QString::FromUtf8] 原始字符串: Shift-F7
[QTranslate] 原始字符串: Ctrl
[QTranslate] 原始字符串: Shift
[QTranslate] 原始字符串: Alt
[QTranslate] 原始字符串: Meta
[QTranslate] 原始字符串: Num
[QString::FromUtf8] 原始字符串: Shift+F7
[QString::FromUtf8] 原始字符串: Shift-F8
[QTranslate] 原始字符串: Ctrl
[QTranslate] 原始字符串: Shift
[QTranslate] 原始字符串: Alt
[QTranslate] 原始字符串: Meta
[QTranslate] 原始字符串: Num
[QString::FromUtf8] 原始字符串: Shift+F8
[QString::FromUtf8] 原始字符串: Shift-X
[QTranslate] 原始字符串: Ctrl
[QTranslate] 原始字符串: Shift
[QTranslate] 原始字符串: Alt
[QTranslate] 原始字符串: Meta
[QTranslate] 原始字符串: Num
[QString::FromUtf8] 原始字符串: Shift+X
[QString::FromUtf8] 原始字符串: Shift-F11
[QTranslate] 原始字符串: Ctrl
[QTranslate] 原始字符串: Shift
[QTranslate] 原始字符串: Alt
[QTranslate] 原始字符串: Meta
[QTranslate] 原始字符串: Num
[QString::FromUtf8] 原始字符串: Shift+F11
[QString::FromUtf8] 原始字符串: Shift-F12
[QTranslate] 原始字符串: Ctrl
[QTranslate] 原始字符串: Shift
[QTranslate] 原始字符串: Alt
[QTranslate] 原始字符串: Meta
[QTranslate] 原始字符串: Num
[QString::FromUtf8] 原始字符串: Shift+F12
[QString::FromUtf8] 原始字符串: Shift-F1
[QTranslate] 原始字符串: Ctrl
[QTranslate] 原始字符串: Shift
[QTranslate] 原始字符串: Alt
[QTranslate] 原始字符串: Meta
[QTranslate] 原始字符串: Num
[QString::FromUtf8] 原始字符串: Shift+F1
[QString::FromUtf8] 原始字符串: Ctrl-Shift-M
[QTranslate] 原始字符串: Ctrl
[QTranslate] 原始字符串: Shift
[QTranslate] 原始字符串: Alt
[QTranslate] 原始字符串: Meta
[QTranslate] 原始字符串: Num
[QString::FromUtf8] 原始字符串: Ctrl+Shift+M
[QString::FromUtf8] 原始字符串: Alt-A
[QTranslate] 原始字符串: Ctrl
[QTranslate] 原始字符串: Shift
[QTranslate] 原始字符串: Alt
[QTranslate] 原始字符串: Meta
[QTranslate] 原始字符串: Num
[QString::FromUtf8] 原始字符串: Alt+A
[QString::FromUtf8] 原始字符串: ?
[QTranslate] 原始字符串: Ctrl
[QTranslate] 原始字符串: Shift
[QTranslate] 原始字符串: Alt
[QTranslate] 原始字符串: Meta
[QTranslate] 原始字符串: Num
[QString::FromUtf8] 原始字符串: ?
[QString::FromUtf8] 原始字符串: F
[QTranslate] 原始字符串: Ctrl
[QTranslate] 原始字符串: Shift
[QTranslate] 原始字符串: Alt
[QTranslate] 原始字符串: Meta
[QTranslate] 原始字符串: Num
[QString::FromUtf8] 原始字符串: F
[QString::FromUtf8] 原始字符串: Ctrl-Shift-T
[QTranslate] 原始字符串: Ctrl
[QTranslate] 原始字符串: Shift
[QTranslate] 原始字符串: Alt
[QTranslate] 原始字符串: Meta
[QTranslate] 原始字符串: Num
[QString::FromUtf8] 原始字符串: Ctrl+Shift+T
[QString::FromUtf8] 原始字符串: Ctrl-Numpad-
[QTranslate] 原始字符串: Ctrl
[QTranslate] 原始字符串: Shift
[QTranslate] 原始字符串: Alt
[QTranslate] 原始字符串: Meta
[QTranslate] 原始字符串: Num
[QString::FromUtf8] 原始字符串: Ctrl+Num+-
[QString::FromUtf8] 原始字符串: Ctrl-Numpad+
[QTranslate] 原始字符串: Ctrl
[QTranslate] 原始字符串: Shift
[QTranslate] 原始字符串: Alt
[QTranslate] 原始字符串: Meta
[QTranslate] 原始字符串: Num
[QString::FromUtf8] 原始字符串: Ctrl+Num++
[QString::FromUtf8] 原始字符串: F11
[QTranslate] 原始字符串: Ctrl
[QTranslate] 原始字符串: Shift
[QTranslate] 原始字符串: Alt
[QTranslate] 原始字符串: Meta
[QTranslate] 原始字符串: Num
[QString::FromUtf8] 原始字符串: F11
[QString::FromUtf8] 原始字符串: F1
[QTranslate] 原始字符串: Ctrl
[QTranslate] 原始字符串: Shift
[QTranslate] 原始字符串: Alt
[QTranslate] 原始字符串: Meta
[QTranslate] 原始字符串: Num
[QString::FromUtf8] 原始字符串: F1
[QString::FromUtf8] 原始字符串: Ctrl-F1
[QTranslate] 原始字符串: Ctrl
[QTranslate] 原始字符串: Shift
[QTranslate] 原始字符串: Alt
[QTranslate] 原始字符串: Meta
[QTranslate] 原始字符串: Num
[QString::FromUtf8] 原始字符串: Ctrl+F1
[QString::FromUtf8] 原始字符串: Ctrl-Tab
[QTranslate] 原始字符串: Ctrl
[QTranslate] 原始字符串: Shift
[QTranslate] 原始字符串: Alt
[QTranslate] 原始字符串: Meta
[QTranslate] 原始字符串: Num
[QTranslate] 原始字符串: Space
[QTranslate] 原始字符串: Esc
[QTranslate] 原始字符串: Tab
[QString::FromUtf8] 原始字符串: Ctrl+Tab
[QString::FromUtf8] 原始字符串: Ctrl-Shift-Tab
[QTranslate] 原始字符串: Ctrl
[QTranslate] 原始字符串: Shift
[QTranslate] 原始字符串: Alt
[QTranslate] 原始字符串: Meta
[QTranslate] 原始字符串: Num
[QTranslate] 原始字符串: Space
[QTranslate] 原始字符串: Esc
[QTranslate] 原始字符串: Tab
[QString::FromUtf8] 原始字符串: Ctrl+Shift+Tab
[QString::FromUtf8] 原始字符串: F6
[QTranslate] 原始字符串: Ctrl
[QTranslate] 原始字符串: Shift
[QTranslate] 原始字符串: Alt
[QTranslate] 原始字符串: Meta
[QTranslate] 原始字符串: Num
[QString::FromUtf8] 原始字符串: F6
[QString::FromUtf8] 原始字符串: Shift-F6
[QTranslate] 原始字符串: Ctrl
[QTranslate] 原始字符串: Shift
[QTranslate] 原始字符串: Alt
[QTranslate] 原始字符串: Meta
[QTranslate] 原始字符串: Num
[QString::FromUtf8] 原始字符串: Shift+F6
[QString::FromUtf8] 原始字符串: Alt-F3
[QTranslate] 原始字符串: Ctrl
[QTranslate] 原始字符串: Shift
[QTranslate] 原始字符串: Alt
[QTranslate] 原始字符串: Meta
[QTranslate] 原始字符串: Num
[QString::FromUtf8] 原始字符串: Alt+F3
[QString::FromUtf8] 原始字符串: Ctrl+-
[QString::FromUtf8] 原始字符串: Ctrl-=
[QTranslate] 原始字符串: Ctrl
[QTranslate] 原始字符串: Shift
[QTranslate] 原始字符串: Alt
[QTranslate] 原始字符串: Meta
[QTranslate] 原始字符串: Num
[QString::FromUtf8] 原始字符串: Ctrl+=
[QString::FromUtf8] 原始字符串: Ctrl++
[QString::FromUtf8] 原始字符串: Ctrl-0
[QTranslate] 原始字符串: Ctrl
[QTranslate] 原始字符串: Shift
[QTranslate] 原始字符串: Alt
[QTranslate] 原始字符串: Meta
[QTranslate] 原始字符串: Num
[QString::FromUtf8] 原始字符串: Ctrl+0
[QString::FromUtf8] 原始字符串: .
[QTranslate] 原始字符串: Ctrl
[QTranslate] 原始字符串: Shift
[QTranslate] 原始字符串: Alt
[QTranslate] 原始字符串: Meta
[QTranslate] 原始字符串: Num
[QString::FromUtf8] 原始字符串: .
[QString::FromUtf8] 原始字符串: Ctrl-.
[QTranslate] 原始字符串: Ctrl
[QTranslate] 原始字符串: Shift
[QTranslate] 原始字符串: Alt
[QTranslate] 原始字符串: Meta
[QTranslate] 原始字符串: Num
[QString::FromUtf8] 原始字符串: Ctrl+.
[QString::FromUtf8] 原始字符串: Ctrl-S
[QTranslate] 原始字符串: Ctrl
[QTranslate] 原始字符串: Shift
[QTranslate] 原始字符串: Alt
[QTranslate] 原始字符串: Meta
[QTranslate] 原始字符串: Num
[QString::FromUtf8] 原始字符串: Ctrl+S
[QString::FromUtf8] 原始字符串: Alt-Q
[QTranslate] 原始字符串: Ctrl
[QTranslate] 原始字符串: Shift
[QTranslate] 原始字符串: Alt
[QTranslate] 原始字符串: Meta
[QTranslate] 原始字符串: Num
[QString::FromUtf8] 原始字符串: Alt+Q
[QString::FromUtf8] 原始字符串: Alt-Y
[QTranslate] 原始字符串: Ctrl
[QTranslate] 原始字符串: Shift
[QTranslate] 原始字符串: Alt
[QTranslate] 原始字符串: Meta
[QTranslate] 原始字符串: Num
[QString::FromUtf8] 原始字符串: Alt+Y
[QString::FromUtf8] 原始字符串: Ins
[QTranslate] 原始字符串: Ctrl
[QTranslate] 原始字符串: Shift
[QTranslate] 原始字符串: Alt
[QTranslate] 原始字符串: Meta
[QTranslate] 原始字符串: Num
[QTranslate] 原始字符串: Space
[QTranslate] 原始字符串: Esc
[QTranslate] 原始字符串: Tab
[QTranslate] 原始字符串: Backtab
[QTranslate] 原始字符串: Backspace
[QTranslate] 原始字符串: Return
[QTranslate] 原始字符串: Enter
[QTranslate] 原始字符串: Ins
[QString::FromUtf8] 原始字符串: Ins
[QString::FromUtf8] 原始字符串: Del
[QTranslate] 原始字符串: Ctrl
[QTranslate] 原始字符串: Shift
[QTranslate] 原始字符串: Alt
[QTranslate] 原始字符串: Meta
[QTranslate] 原始字符串: Num
[QTranslate] 原始字符串: Space
[QTranslate] 原始字符串: Esc
[QTranslate] 原始字符串: Tab
[QTranslate] 原始字符串: Backtab
[QTranslate] 原始字符串: Backspace
[QTranslate] 原始字符串: Return
[QTranslate] 原始字符串: Enter
[QTranslate] 原始字符串: Ins
[QTranslate] 原始字符串: Del
[QString::FromUtf8] 原始字符串: Del
[QString::FromUtf8] 原始字符串: Ctrl-E
[QTranslate] 原始字符串: Ctrl
[QTranslate] 原始字符串: Shift
[QTranslate] 原始字符串: Alt
[QTranslate] 原始字符串: Meta
[QTranslate] 原始字符串: Num
[QString::FromUtf8] 原始字符串: Ctrl+E
[QString::FromUtf8] 原始字符串: N
[QTranslate] 原始字符串: Ctrl
[QTranslate] 原始字符串: Shift
[QTranslate] 原始字符串: Alt
[QTranslate] 原始字符串: Meta
[QTranslate] 原始字符串: Num
[QString::FromUtf8] 原始字符串: N
[QString::FromUtf8] 原始字符串: Ctrl-N
[QTranslate] 原始字符串: Ctrl
[QTranslate] 原始字符串: Shift
[QTranslate] 原始字符串: Alt
[QTranslate] 原始字符串: Meta
[QTranslate] 原始字符串: Num
[QString::FromUtf8] 原始字符串: Ctrl+N
[QString::FromUtf8] 原始字符串: U
[QTranslate] 原始字符串: Ctrl
[QTranslate] 原始字符串: Shift
[QTranslate] 原始字符串: Alt
[QTranslate] 原始字符串: Meta
[QTranslate] 原始字符串: Num
[QString::FromUtf8] 原始字符串: U
[QString::FromUtf8] 原始字符串: F12
[QTranslate] 原始字符串: Ctrl
[QTranslate] 原始字符串: Shift
[QTranslate] 原始字符串: Alt
[QTranslate] 原始字符串: Meta
[QTranslate] 原始字符串: Num
[QString::FromUtf8] 原始字符串: F12
[QString::FromUtf8] 原始字符串: Ctrl-F12
[QTranslate] 原始字符串: Ctrl
[QTranslate] 原始字符串: Shift
[QTranslate] 原始字符串: Alt
[QTranslate] 原始字符串: Meta
[QTranslate] 原始字符串: Num
[QString::FromUtf8] 原始字符串: Ctrl+F12
[QString::FromUtf8] 原始字符串: Alt-F12
[QTranslate] 原始字符串: Ctrl
[QTranslate] 原始字符串: Shift
[QTranslate] 原始字符串: Alt
[QTranslate] 原始字符串: Meta
[QTranslate] 原始字符串: Num
[QString::FromUtf8] 原始字符串: Alt+F12
[QString::FromUtf8] 原始字符串: Ctrl-Shift-X
[QTranslate] 原始字符串: Ctrl
[QTranslate] 原始字符串: Shift
[QTranslate] 原始字符串: Alt
[QTranslate] 原始字符串: Meta
[QTranslate] 原始字符串: Num
[QString::FromUtf8] 原始字符串: Ctrl+Shift+X
[QString::FromUtf8] 原始字符串: Ctrl-2
[QTranslate] 原始字符串: Ctrl
[QTranslate] 原始字符串: Shift
[QTranslate] 原始字符串: Alt
[QTranslate] 原始字符串: Meta
[QTranslate] 原始字符串: Num
[QString::FromUtf8] 原始字符串: Ctrl+2
[QString::FromUtf8] 原始字符串: Ctrl-Alt-C
[QTranslate] 原始字符串: Ctrl
[QTranslate] 原始字符串: Shift
[QTranslate] 原始字符串: Alt
[QTranslate] 原始字符串: Meta
[QTranslate] 原始字符串: Num
[QString::FromUtf8] 原始字符串: Ctrl+Alt+C
[QString::FromUtf8] 原始字符串: F9
[QTranslate] 原始字符串: Ctrl
[QTranslate] 原始字符串: Shift
[QTranslate] 原始字符串: Alt
[QTranslate] 原始字符串: Meta
[QTranslate] 原始字符串: Num
[QString::FromUtf8] 原始字符串: F9
[QString::FromUtf8] 原始字符串: Ctrl-F2
[QTranslate] 原始字符串: Ctrl
[QTranslate] 原始字符串: Shift
[QTranslate] 原始字符串: Alt
[QTranslate] 原始字符串: Meta
[QTranslate] 原始字符串: Num
[QString::FromUtf8] 原始字符串: Ctrl+F2
[QString::FromUtf8] 原始字符串: F7
[QTranslate] 原始字符串: Ctrl
[QTranslate] 原始字符串: Shift
[QTranslate] 原始字符串: Alt
[QTranslate] 原始字符串: Meta
[QTranslate] 原始字符串: Num
[QString::FromUtf8] 原始字符串: F7
[QString::FromUtf8] 原始字符串: F8
[QTranslate] 原始字符串: Ctrl
[QTranslate] 原始字符串: Shift
[QTranslate] 原始字符串: Alt
[QTranslate] 原始字符串: Meta
[QTranslate] 原始字符串: Num
[QString::FromUtf8] 原始字符串: F8
[QString::FromUtf8] 原始字符串: Ctrl-F7
[QTranslate] 原始字符串: Ctrl
[QTranslate] 原始字符串: Shift
[QTranslate] 原始字符串: Alt
[QTranslate] 原始字符串: Meta
[QTranslate] 原始字符串: Num
[QString::FromUtf8] 原始字符串: Ctrl+F7
[QString::FromUtf8] 原始字符串: F4
[QTranslate] 原始字符串: Ctrl
[QTranslate] 原始字符串: Shift
[QTranslate] 原始字符串: Alt
[QTranslate] 原始字符串: Meta
[QTranslate] 原始字符串: Num
[QString::FromUtf8] 原始字符串: F4
[QString::FromUtf8] 原始字符串: Ctrl-N
[QTranslate] 原始字符串: Ctrl
[QTranslate] 原始字符串: Shift
[QTranslate] 原始字符串: Alt
[QTranslate] 原始字符串: Meta
[QTranslate] 原始字符串: Num
[QString::FromUtf8] 原始字符串: Ctrl+N
[QString::FromUtf8] 原始字符串: F2
[QTranslate] 原始字符串: Ctrl
[QTranslate] 原始字符串: Shift
[QTranslate] 原始字符串: Alt
[QTranslate] 原始字符串: Meta
[QTranslate] 原始字符串: Num
[QString::FromUtf8] 原始字符串: F2
[QString::FromUtf8] 原始字符串: Ctrl-Alt-B
[QTranslate] 原始字符串: Ctrl
[QTranslate] 原始字符串: Shift
[QTranslate] 原始字符串: Alt
[QTranslate] 原始字符串: Meta
[QTranslate] 原始字符串: Num
[QString::FromUtf8] 原始字符串: Ctrl+Alt+B
[QString::FromUtf8] 原始字符串: Ctrl-Shift-F2
[QTranslate] 原始字符串: Ctrl
[QTranslate] 原始字符串: Shift
[QTranslate] 原始字符串: Alt
[QTranslate] 原始字符串: Meta
[QTranslate] 原始字符串: Num
[QString::FromUtf8] 原始字符串: Ctrl+Shift+F2
[QString::FromUtf8] 原始字符串: Del
[QTranslate] 原始字符串: Ctrl
[QTranslate] 原始字符串: Shift
[QTranslate] 原始字符串: Alt
[QTranslate] 原始字符串: Meta
[QTranslate] 原始字符串: Num
[QTranslate] 原始字符串: Space
[QTranslate] 原始字符串: Esc
[QTranslate] 原始字符串: Tab
[QTranslate] 原始字符串: Backtab
[QTranslate] 原始字符串: Backspace
[QTranslate] 原始字符串: Return
[QTranslate] 原始字符串: Enter
[QTranslate] 原始字符串: Ins
[QTranslate] 原始字符串: Del
[QString::FromUtf8] 原始字符串: Del
[QString::FromUtf8] 原始字符串: Ctrl-Alt-S
[QTranslate] 原始字符串: Ctrl
[QTranslate] 原始字符串: Shift
[QTranslate] 原始字符串: Alt
[QTranslate] 原始字符串: Meta
[QTranslate] 原始字符串: Num
[QString::FromUtf8] 原始字符串: Ctrl+Alt+S
[QString::FromUtf8] 原始字符串: 1
[QTranslate] 原始字符串: Ctrl
[QTranslate] 原始字符串: Shift
[QTranslate] 原始字符串: Alt
[QTranslate] 原始字符串: Meta
[QTranslate] 原始字符串: Num
[QString::FromUtf8] 原始字符串: 1
[QString::FromUtf8] 原始字符串: W
[QTranslate] 原始字符串: Ctrl
[QTranslate] 原始字符串: Shift
[QTranslate] 原始字符串: Alt
[QTranslate] 原始字符串: Meta
[QTranslate] 原始字符串: Num
[QString::FromUtf8] 原始字符串: W
[QString::FromUtf8] 原始字符串: Ctrl-Shift-Numpad+
[QTranslate] 原始字符串: Ctrl
[QTranslate] 原始字符串: Shift
[QTranslate] 原始字符串: Alt
[QTranslate] 原始字符串: Meta
[QTranslate] 原始字符串: Num
[QString::FromUtf8] 原始字符串: Ctrl+Shift+Num++
[QString::FromUtf8] 原始字符串: Ctrl++
[QString::FromUtf8] 原始字符串: Ctrl-Shift-Numpad-
[QTranslate] 原始字符串: Ctrl
[QTranslate] 原始字符串: Shift
[QTranslate] 原始字符串: Alt
[QTranslate] 原始字符串: Meta
[QTranslate] 原始字符串: Num
[QString::FromUtf8] 原始字符串: Ctrl+Shift+Num+-
[QString::FromUtf8] 原始字符串: Ctrl+-
[QString::FromUtf8] 原始字符串: Numpad+
[QTranslate] 原始字符串: Ctrl
[QTranslate] 原始字符串: Shift
[QTranslate] 原始字符串: Alt
[QTranslate] 原始字符串: Meta
[QTranslate] 原始字符串: Num
[QString::FromUtf8] 原始字符串: Num++
[QString::FromUtf8] 原始字符串: Numpad-
[QTranslate] 原始字符串: Ctrl
[QTranslate] 原始字符串: Shift
[QTranslate] 原始字符串: Alt
[QTranslate] 原始字符串: Meta
[QTranslate] 原始字符串: Num
[QString::FromUtf8] 原始字符串: Num+-
[QString::FromUtf8] 原始字符串: Alt-1
[QTranslate] 原始字符串: Ctrl
[QTranslate] 原始字符串: Shift
[QTranslate] 原始字符串: Alt
[QTranslate] 原始字符串: Meta
[QTranslate] 原始字符串: Num
[QString::FromUtf8] 原始字符串: Alt+1
[QString::FromUtf8] 原始字符串: Alt-2
[QTranslate] 原始字符串: Ctrl
[QTranslate] 原始字符串: Shift
[QTranslate] 原始字符串: Alt
[QTranslate] 原始字符串: Meta
[QTranslate] 原始字符串: Num
[QString::FromUtf8] 原始字符串: Alt+2
[QString::FromUtf8] 原始字符串: Alt-3
[QTranslate] 原始字符串: Ctrl
[QTranslate] 原始字符串: Shift
[QTranslate] 原始字符串: Alt
[QTranslate] 原始字符串: Meta
[QTranslate] 原始字符串: Num
[QString::FromUtf8] 原始字符串: Alt+3
[QString::FromUtf8] 原始字符串: Alt-4
[QTranslate] 原始字符串: Ctrl
[QTranslate] 原始字符串: Shift
[QTranslate] 原始字符串: Alt
[QTranslate] 原始字符串: Meta
[QTranslate] 原始字符串: Num
[QString::FromUtf8] 原始字符串: Alt+4
[QString::FromUtf8] 原始字符串: Alt-5
[QTranslate] 原始字符串: Ctrl
[QTranslate] 原始字符串: Shift
[QTranslate] 原始字符串: Alt
[QTranslate] 原始字符串: Meta
[QTranslate] 原始字符串: Num
[QString::FromUtf8] 原始字符串: Alt+5
[QString::FromUtf8] 原始字符串: Alt-6
[QTranslate] 原始字符串: Ctrl
[QTranslate] 原始字符串: Shift
[QTranslate] 原始字符串: Alt
[QTranslate] 原始字符串: Meta
[QTranslate] 原始字符串: Num
[QString::FromUtf8] 原始字符串: Alt+6
[QString::FromUtf8] 原始字符串: Alt-7
[QTranslate] 原始字符串: Ctrl
[QTranslate] 原始字符串: Shift
[QTranslate] 原始字符串: Alt
[QTranslate] 原始字符串: Meta
[QTranslate] 原始字符串: Num
[QString::FromUtf8] 原始字符串: Alt+7
[QString::FromUtf8] 原始字符串: Alt-8
[QTranslate] 原始字符串: Ctrl
[QTranslate] 原始字符串: Shift
[QTranslate] 原始字符串: Alt
[QTranslate] 原始字符串: Meta
[QTranslate] 原始字符串: Num
[QString::FromUtf8] 原始字符串: Alt+8
[QString::FromUtf8] 原始字符串: Alt-9
[QTranslate] 原始字符串: Ctrl
[QTranslate] 原始字符串: Shift
[QTranslate] 原始字符串: Alt
[QTranslate] 原始字符串: Meta
[QTranslate] 原始字符串: Num
[QString::FromUtf8] 原始字符串: Alt+9
[QString::FromUtf8] 原始字符串: Ctrl-Alt-0
[QTranslate] 原始字符串: Ctrl
[QTranslate] 原始字符串: Shift
[QTranslate] 原始字符串: Alt
[QTranslate] 原始字符串: Meta
[QTranslate] 原始字符串: Num
[QString::FromUtf8] 原始字符串: Ctrl+Alt+0
[QString::FromUtf8] 原始字符串: Ctrl-Alt-1
[QTranslate] 原始字符串: Ctrl
[QTranslate] 原始字符串: Shift
[QTranslate] 原始字符串: Alt
[QTranslate] 原始字符串: Meta
[QTranslate] 原始字符串: Num
[QString::FromUtf8] 原始字符串: Ctrl+Alt+1
[QString::FromUtf8] 原始字符串: Ctrl-Alt-2
[QTranslate] 原始字符串: Ctrl
[QTranslate] 原始字符串: Shift
[QTranslate] 原始字符串: Alt
[QTranslate] 原始字符串: Meta
[QTranslate] 原始字符串: Num
[QString::FromUtf8] 原始字符串: Ctrl+Alt+2
[QString::FromUtf8] 原始字符串: Ctrl-Alt-3
[QTranslate] 原始字符串: Ctrl
[QTranslate] 原始字符串: Shift
[QTranslate] 原始字符串: Alt
[QTranslate] 原始字符串: Meta
[QTranslate] 原始字符串: Num
[QString::FromUtf8] 原始字符串: Ctrl+Alt+3
[QString::FromUtf8] 原始字符串: Ctrl-Alt-4
[QTranslate] 原始字符串: Ctrl
[QTranslate] 原始字符串: Shift
[QTranslate] 原始字符串: Alt
[QTranslate] 原始字符串: Meta
[QTranslate] 原始字符串: Num
[QString::FromUtf8] 原始字符串: Ctrl+Alt+4
[QString::FromUtf8] 原始字符串: Ctrl-Alt-5
[QTranslate] 原始字符串: Ctrl
[QTranslate] 原始字符串: Shift
[QTranslate] 原始字符串: Alt
[QTranslate] 原始字符串: Meta
[QTranslate] 原始字符串: Num
[QString::FromUtf8] 原始字符串: Ctrl+Alt+5
[QString::FromUtf8] 原始字符串: Ctrl-Alt-6
[QTranslate] 原始字符串: Ctrl
[QTranslate] 原始字符串: Shift
[QTranslate] 原始字符串: Alt
[QTranslate] 原始字符串: Meta
[QTranslate] 原始字符串: Num
[QString::FromUtf8] 原始字符串: Ctrl+Alt+6
[QString::FromUtf8] 原始字符串: Ctrl-Alt-7
[QTranslate] 原始字符串: Ctrl
[QTranslate] 原始字符串: Shift
[QTranslate] 原始字符串: Alt
[QTranslate] 原始字符串: Meta
[QTranslate] 原始字符串: Num
[QString::FromUtf8] 原始字符串: Ctrl+Alt+7
[QString::FromUtf8] 原始字符串: Ctrl-Alt-8
[QTranslate] 原始字符串: Ctrl
[QTranslate] 原始字符串: Shift
[QTranslate] 原始字符串: Alt
[QTranslate] 原始字符串: Meta
[QTranslate] 原始字符串: Num
[QString::FromUtf8] 原始字符串: Ctrl+Alt+8
[QString::FromUtf8] 原始字符串: Ctrl-C
[QTranslate] 原始字符串: Ctrl
[QTranslate] 原始字符串: Shift
[QTranslate] 原始字符串: Alt
[QTranslate] 原始字符串: Meta
[QTranslate] 原始字符串: Num
[QString::FromUtf8] 原始字符串: Ctrl+C
[QString::FromUtf8] 原始字符串: Ctrl-Shift-INS
[QTranslate] 原始字符串: Ctrl
[QTranslate] 原始字符串: Shift
[QTranslate] 原始字符串: Alt
[QTranslate] 原始字符串: Meta
[QTranslate] 原始字符串: Num
[QTranslate] 原始字符串: Space
[QTranslate] 原始字符串: Esc
[QTranslate] 原始字符串: Tab
[QTranslate] 原始字符串: Backtab
[QTranslate] 原始字符串: Backspace
[QTranslate] 原始字符串: Return
[QTranslate] 原始字符串: Enter
[QTranslate] 原始字符串: Ins
[QString::FromUtf8] 原始字符串: Ctrl+Shift+Ins
[QString::FromUtf8] 原始字符串: Ctrl-F
[QTranslate] 原始字符串: Ctrl
[QTranslate] 原始字符串: Shift
[QTranslate] 原始字符串: Alt
[QTranslate] 原始字符串: Meta
[QTranslate] 原始字符串: Num
[QString::FromUtf8] 原始字符串: Ctrl+F
[QString::FromUtf8] 原始字符串: Ctrl+F
[QString::FromUtf8] 原始字符串: Alt-T
[QTranslate] 原始字符串: Ctrl
[QTranslate] 原始字符串: Shift
[QTranslate] 原始字符串: Alt
[QTranslate] 原始字符串: Meta
[QTranslate] 原始字符串: Num
[QString::FromUtf8] 原始字符串: Alt+T
[QString::FromUtf8] 原始字符串: Ctrl-T
[QTranslate] 原始字符串: Ctrl
[QTranslate] 原始字符串: Shift
[QTranslate] 原始字符串: Alt
[QTranslate] 原始字符串: Meta
[QTranslate] 原始字符串: Num
[QString::FromUtf8] 原始字符串: Ctrl+T
[QString::FromUtf8] 原始字符串: Alt-L
[QTranslate] 原始字符串: Ctrl
[QTranslate] 原始字符串: Shift
[QTranslate] 原始字符串: Alt
[QTranslate] 原始字符串: Meta
[QTranslate] 原始字符串: Num
[QString::FromUtf8] 原始字符串: Alt+L
[QString::FromUtf8] 原始字符串: Ctrl+C
[QString::FromUtf8] 原始字符串: Ctrl+Ins
[QString::FromUtf8] 原始字符串: Ctrl-C
[QTranslate] 原始字符串: Ctrl
[QTranslate] 原始字符串: Shift
[QTranslate] 原始字符串: Alt
[QTranslate] 原始字符串: Meta
[QTranslate] 原始字符串: Num
[QString::FromUtf8] 原始字符串: Ctrl+C
[QString::FromUtf8] 原始字符串: Ctrl-Shift-INS
[QTranslate] 原始字符串: Ctrl
[QTranslate] 原始字符串: Shift
[QTranslate] 原始字符串: Alt
[QTranslate] 原始字符串: Meta
[QTranslate] 原始字符串: Num
[QTranslate] 原始字符串: Space
[QTranslate] 原始字符串: Esc
[QTranslate] 原始字符串: Tab
[QTranslate] 原始字符串: Backtab
[QTranslate] 原始字符串: Backspace
[QTranslate] 原始字符串: Return
[QTranslate] 原始字符串: Enter
[QTranslate] 原始字符串: Ins
[QString::FromUtf8] 原始字符串: Ctrl+Shift+Ins
[QString::FromUtf8] 原始字符串: Del
[QTranslate] 原始字符串: Ctrl
[QTranslate] 原始字符串: Shift
[QTranslate] 原始字符串: Alt
[QTranslate] 原始字符串: Meta
[QTranslate] 原始字符串: Num
[QTranslate] 原始字符串: Space
[QTranslate] 原始字符串: Esc
[QTranslate] 原始字符串: Tab
[QTranslate] 原始字符串: Backtab
[QTranslate] 原始字符串: Backspace
[QTranslate] 原始字符串: Return
[QTranslate] 原始字符串: Enter
[QTranslate] 原始字符串: Ins
[QTranslate] 原始字符串: Del
[QString::FromUtf8] 原始字符串: Del
[QString::FromUtf8] 原始字符串: Ctrl-E
[QTranslate] 原始字符串: Ctrl
[QTranslate] 原始字符串: Shift
[QTranslate] 原始字符串: Alt
[QTranslate] 原始字符串: Meta
[QTranslate] 原始字符串: Num
[QString::FromUtf8] 原始字符串: Ctrl+E
[QString::FromUtf8] 原始字符串: Ins
[QTranslate] 原始字符串: Ctrl
[QTranslate] 原始字符串: Shift
[QTranslate] 原始字符串: Alt
[QTranslate] 原始字符串: Meta
[QTranslate] 原始字符串: Num
[QTranslate] 原始字符串: Space
[QTranslate] 原始字符串: Esc
[QTranslate] 原始字符串: Tab
[QTranslate] 原始字符串: Backtab
[QTranslate] 原始字符串: Backspace
[QTranslate] 原始字符串: Return
[QTranslate] 原始字符串: Enter
[QTranslate] 原始字符串: Ins
[QString::FromUtf8] 原始字符串: Ins
[QString::FromUtf8] 原始字符串: Ctrl-Shift-F
[QTranslate] 原始字符串: Ctrl
[QTranslate] 原始字符串: Shift
[QTranslate] 原始字符串: Alt
[QTranslate] 原始字符串: Meta
[QTranslate] 原始字符串: Num
[QString::FromUtf8] 原始字符串: Ctrl+Shift+F
[QString::FromUtf8] 原始字符串: Ctrl-Shift-N
[QTranslate] 原始字符串: Ctrl
[QTranslate] 原始字符串: Shift
[QTranslate] 原始字符串: Alt
[QTranslate] 原始字符串: Meta
[QTranslate] 原始字符串: Num
[QString::FromUtf8] 原始字符串: Ctrl+Shift+N
[QString::FromUtf8] 原始字符串: Ctrl-F
[QTranslate] 原始字符串: Ctrl
[QTranslate] 原始字符串: Shift
[QTranslate] 原始字符串: Alt
[QTranslate] 原始字符串: Meta
[QTranslate] 原始字符串: Num
[QString::FromUtf8] 原始字符串: Ctrl+F
[QString::FromUtf8] 原始字符串: Ctrl+F
[QString::FromUtf8] 原始字符串: Ctrl-U
[QTranslate] 原始字符串: Ctrl
[QTranslate] 原始字符串: Shift
[QTranslate] 原始字符串: Alt
[QTranslate] 原始字符串: Meta
[QTranslate] 原始字符串: Num
[QString::FromUtf8] 原始字符串: Ctrl+U
[QString::FromUtf8] 原始字符串: Alt-T
[QTranslate] 原始字符串: Ctrl
[QTranslate] 原始字符串: Shift
[QTranslate] 原始字符串: Alt
[QTranslate] 原始字符串: Meta
[QTranslate] 原始字符串: Num
[QString::FromUtf8] 原始字符串: Alt+T
[QString::FromUtf8] 原始字符串: Ctrl-T
[QTranslate] 原始字符串: Ctrl
[QTranslate] 原始字符串: Shift
[QTranslate] 原始字符串: Alt
[QTranslate] 原始字符串: Meta
[QTranslate] 原始字符串: Num
[QString::FromUtf8] 原始字符串: Ctrl+T
[QString::FromUtf8] 原始字符串: Ctrl-C
[QTranslate] 原始字符串: Ctrl
[QTranslate] 原始字符串: Shift
[QTranslate] 原始字符串: Alt
[QTranslate] 原始字符串: Meta
[QTranslate] 原始字符串: Num
[QString::FromUtf8] 原始字符串: Ctrl+C
[QString::FromUtf8] 原始字符串: Ctrl+C
[QString::FromUtf8] 原始字符串: Ctrl+Ins
[QString::FromUtf8] 原始字符串: +
[QTranslate] 原始字符串: Ctrl
[QTranslate] 原始字符串: Shift
[QTranslate] 原始字符串: Alt
[QTranslate] 原始字符串: Meta
[QTranslate] 原始字符串: Num
[QString::FromUtf8] 原始字符串: +
[QString::FromUtf8] 原始字符串: Shift-Enter
[QTranslate] 原始字符串: Ctrl
[QTranslate] 原始字符串: Shift
[QTranslate] 原始字符串: Alt
[QTranslate] 原始字符串: Meta
[QTranslate] 原始字符串: Num
[QTranslate] 原始字符串: Space
[QTranslate] 原始字符串: Esc
[QTranslate] 原始字符串: Tab
[QTranslate] 原始字符串: Backtab
[QTranslate] 原始字符串: Backspace
[QTranslate] 原始字符串: Return
[QTranslate] 原始字符串: Enter
[QString::FromUtf8] 原始字符串: Shift+Enter
[QString::FromUtf8] 原始字符串: Alt-D
[QTranslate] 原始字符串: Ctrl
[QTranslate] 原始字符串: Shift
[QTranslate] 原始字符串: Alt
[QTranslate] 原始字符串: Meta
[QTranslate] 原始字符串: Num
[QString::FromUtf8] 原始字符串: Alt+D
[QString::FromUtf8] 原始字符串: Ctrl-I
[QTranslate] 原始字符串: Ctrl
[QTranslate] 原始字符串: Shift
[QTranslate] 原始字符串: Alt
[QTranslate] 原始字符串: Meta
[QTranslate] 原始字符串: Num
[QString::FromUtf8] 原始字符串: Ctrl+I
[QString::FromUtf8] 原始字符串: Ctrl-Shift-I
[QTranslate] 原始字符串: Ctrl
[QTranslate] 原始字符串: Shift
[QTranslate] 原始字符串: Alt
[QTranslate] 原始字符串: Meta
[QTranslate] 原始字符串: Num
[QString::FromUtf8] 原始字符串: Ctrl+Shift+I
[QString::FromUtf8] 原始字符串: Ctrl-X
[QTranslate] 原始字符串: Ctrl
[QTranslate] 原始字符串: Shift
[QTranslate] 原始字符串: Alt
[QTranslate] 原始字符串: Meta
[QTranslate] 原始字符串: Num
[QString::FromUtf8] 原始字符串: Ctrl+X
[QString::FromUtf8] 原始字符串: Ctrl-Shift-X
[QTranslate] 原始字符串: Ctrl
[QTranslate] 原始字符串: Shift
[QTranslate] 原始字符串: Alt
[QTranslate] 原始字符串: Meta
[QTranslate] 原始字符串: Num
[QString::FromUtf8] 原始字符串: Ctrl+Shift+X
[QString::FromUtf8] 原始字符串: Ctrl-L
[QTranslate] 原始字符串: Ctrl
[QTranslate] 原始字符串: Shift
[QTranslate] 原始字符串: Alt
[QTranslate] 原始字符串: Meta
[QTranslate] 原始字符串: Num
[QString::FromUtf8] 原始字符串: Ctrl+L
[QString::FromUtf8] 原始字符串: Ctrl-Shift-L
[QTranslate] 原始字符串: Ctrl
[QTranslate] 原始字符串: Shift
[QTranslate] 原始字符串: Alt
[QTranslate] 原始字符串: Meta
[QTranslate] 原始字符串: Num
[QString::FromUtf8] 原始字符串: Ctrl+Shift+L
[QString::FromUtf8] 原始字符串: Ctrl-S
[QTranslate] 原始字符串: Ctrl
[QTranslate] 原始字符串: Shift
[QTranslate] 原始字符串: Alt
[QTranslate] 原始字符串: Meta
[QTranslate] 原始字符串: Num
[QString::FromUtf8] 原始字符串: Ctrl+S
[QString::FromUtf8] 原始字符串: Ctrl-G
[QTranslate] 原始字符串: Ctrl
[QTranslate] 原始字符串: Shift
[QTranslate] 原始字符串: Alt
[QTranslate] 原始字符串: Meta
[QTranslate] 原始字符串: Num
[QString::FromUtf8] 原始字符串: Ctrl+G
[QString::FromUtf8] 原始字符串: Ctrl-E
[QTranslate] 原始字符串: Ctrl
[QTranslate] 原始字符串: Shift
[QTranslate] 原始字符串: Alt
[QTranslate] 原始字符串: Meta
[QTranslate] 原始字符串: Num
[QString::FromUtf8] 原始字符串: Ctrl+E
[QString::FromUtf8] 原始字符串: Ctrl-D
[QTranslate] 原始字符串: Ctrl
[QTranslate] 原始字符串: Shift
[QTranslate] 原始字符串: Alt
[QTranslate] 原始字符串: Meta
[QTranslate] 原始字符串: Num
[QString::FromUtf8] 原始字符串: Ctrl+D
[QString::FromUtf8] 原始字符串: Ctrl-F
[QTranslate] 原始字符串: Ctrl
[QTranslate] 原始字符串: Shift
[QTranslate] 原始字符串: Alt
[QTranslate] 原始字符串: Meta
[QTranslate] 原始字符串: Num
[QString::FromUtf8] 原始字符串: Ctrl+F
[QString::FromUtf8] 原始字符串: Ctrl+F
[QString::FromUtf8] 原始字符串: Ctrl-E
[QTranslate] 原始字符串: Ctrl
[QTranslate] 原始字符串: Shift
[QTranslate] 原始字符串: Alt
[QTranslate] 原始字符串: Meta
[QTranslate] 原始字符串: Num
[QString::FromUtf8] 原始字符串: Ctrl+E
[QString::FromUtf8] 原始字符串: Ins
[QTranslate] 原始字符串: Ctrl
[QTranslate] 原始字符串: Shift
[QTranslate] 原始字符串: Alt
[QTranslate] 原始字符串: Meta
[QTranslate] 原始字符串: Num
[QTranslate] 原始字符串: Space
[QTranslate] 原始字符串: Esc
[QTranslate] 原始字符串: Tab
[QTranslate] 原始字符串: Backtab
[QTranslate] 原始字符串: Backspace
[QTranslate] 原始字符串: Return
[QTranslate] 原始字符串: Enter
[QTranslate] 原始字符串: Ins
[QString::FromUtf8] 原始字符串: Ins
[QString::FromUtf8] 原始字符串: Del
[QTranslate] 原始字符串: Ctrl
[QTranslate] 原始字符串: Shift
[QTranslate] 原始字符串: Alt
[QTranslate] 原始字符串: Meta
[QTranslate] 原始字符串: Num
[QTranslate] 原始字符串: Space
[QTranslate] 原始字符串: Esc
[QTranslate] 原始字符串: Tab
[QTranslate] 原始字符串: Backtab
[QTranslate] 原始字符串: Backspace
[QTranslate] 原始字符串: Return
[QTranslate] 原始字符串: Enter
[QTranslate] 原始字符串: Ins
[QTranslate] 原始字符串: Del
[QString::FromUtf8] 原始字符串: Del
[QString::FromUtf8] 原始字符串: Alt-T
[QTranslate] 原始字符串: Ctrl
[QTranslate] 原始字符串: Shift
[QTranslate] 原始字符串: Alt
[QTranslate] 原始字符串: Meta
[QTranslate] 原始字符串: Num
[QString::FromUtf8] 原始字符串: Alt+T
[QString::FromUtf8] 原始字符串: Ctrl-T
[QTranslate] 原始字符串: Ctrl
[QTranslate] 原始字符串: Shift
[QTranslate] 原始字符串: Alt
[QTranslate] 原始字符串: Meta
[QTranslate] 原始字符串: Num
[QString::FromUtf8] 原始字符串: Ctrl+T
[QString::FromUtf8] 原始字符串: F2
[QTranslate] 原始字符串: Ctrl
[QTranslate] 原始字符串: Shift
[QTranslate] 原始字符串: Alt
[QTranslate] 原始字符串: Meta
[QTranslate] 原始字符串: Num
[QString::FromUtf8] 原始字符串: F2
[QString::FromUtf8] 原始字符串: Ctrl+C
[QString::FromUtf8] 原始字符串: Ctrl+Ins
[QString::FromUtf8] 原始字符串: Ctrl-C
[QTranslate] 原始字符串: Ctrl
[QTranslate] 原始字符串: Shift
[QTranslate] 原始字符串: Alt
[QTranslate] 原始字符串: Meta
[QTranslate] 原始字符串: Num
[QString::FromUtf8] 原始字符串: Ctrl+C
[QString::FromUtf8] 原始字符串: Ctrl-Shift-INS
[QTranslate] 原始字符串: Ctrl
[QTranslate] 原始字符串: Shift
[QTranslate] 原始字符串: Alt
[QTranslate] 原始字符串: Meta
[QTranslate] 原始字符串: Num
[QTranslate] 原始字符串: Space
[QTranslate] 原始字符串: Esc
[QTranslate] 原始字符串: Tab
[QTranslate] 原始字符串: Backtab
[QTranslate] 原始字符串: Backspace
[QTranslate] 原始字符串: Return
[QTranslate] 原始字符串: Enter
[QTranslate] 原始字符串: Ins
[QString::FromUtf8] 原始字符串: Ctrl+Shift+Ins
[QString::FromUtf8] 原始字符串: Ctrl-Numpad+
[QTranslate] 原始字符串: Ctrl
[QTranslate] 原始字符串: Shift
[QTranslate] 原始字符串: Alt
[QTranslate] 原始字符串: Meta
[QTranslate] 原始字符串: Num
[QString::FromUtf8] 原始字符串: Ctrl+Num++
[QString::FromUtf8] 原始字符串: Ctrl-Numpad-
[QTranslate] 原始字符串: Ctrl
[QTranslate] 原始字符串: Shift
[QTranslate] 原始字符串: Alt
[QTranslate] 原始字符串: Meta
[QTranslate] 原始字符串: Num
[QString::FromUtf8] 原始字符串: Ctrl+Num+-
[QString::FromUtf8] 原始字符串: Ctrl-X
[QTranslate] 原始字符串: Ctrl
[QTranslate] 原始字符串: Shift
[QTranslate] 原始字符串: Alt
[QTranslate] 原始字符串: Meta
[QTranslate] 原始字符串: Num
[QString::FromUtf8] 原始字符串: Ctrl+X
[QString::FromUtf8] 原始字符串: Ctrl-V
[QTranslate] 原始字符串: Ctrl
[QTranslate] 原始字符串: Shift
[QTranslate] 原始字符串: Alt
[QTranslate] 原始字符串: Meta
[QTranslate] 原始字符串: Num
[QString::FromUtf8] 原始字符串: Ctrl+V
[QString::FromUtf8] 原始字符串: Ctrl-Alt-P
[QTranslate] 原始字符串: Ctrl
[QTranslate] 原始字符串: Shift
[QTranslate] 原始字符串: Alt
[QTranslate] 原始字符串: Meta
[QTranslate] 原始字符串: Num
[QString::FromUtf8] 原始字符串: Ctrl+Alt+P
[QString::FromUtf8] 原始字符串: Shift-E
[QTranslate] 原始字符串: Ctrl
[QTranslate] 原始字符串: Shift
[QTranslate] 原始字符串: Alt
[QTranslate] 原始字符串: Meta
[QTranslate] 原始字符串: Num
[QString::FromUtf8] 原始字符串: Shift+E
[QString::FromUtf8] 原始字符串: Ctrl-P
[QTranslate] 原始字符串: Ctrl
[QTranslate] 原始字符串: Shift
[QTranslate] 原始字符串: Alt
[QTranslate] 原始字符串: Meta
[QTranslate] 原始字符串: Num
[QString::FromUtf8] 原始字符串: Ctrl+P
[QString::FromUtf8] 原始字符串: Ctrl-N
[QTranslate] 原始字符串: Ctrl
[QTranslate] 原始字符串: Shift
[QTranslate] 原始字符串: Alt
[QTranslate] 原始字符串: Meta
[QTranslate] 原始字符串: Num
[QString::FromUtf8] 原始字符串: Ctrl+N
[QString::FromUtf8] 原始字符串: Ctrl-Shift-P
[QTranslate] 原始字符串: Ctrl
[QTranslate] 原始字符串: Shift
[QTranslate] 原始字符串: Alt
[QTranslate] 原始字符串: Meta
[QTranslate] 原始字符串: Num
[QString::FromUtf8] 原始字符串: Ctrl+Shift+P
[QString::FromUtf8] 原始字符串: Ctrl-Shift-N
[QTranslate] 原始字符串: Ctrl
[QTranslate] 原始字符串: Shift
[QTranslate] 原始字符串: Alt
[QTranslate] 原始字符串: Meta
[QTranslate] 原始字符串: Num
[QString::FromUtf8] 原始字符串: Ctrl+Shift+N
[QString::FromUtf8] 原始字符串: Ctrl-Shift-P
[QTranslate] 原始字符串: Ctrl
[QTranslate] 原始字符串: Shift
[QTranslate] 原始字符串: Alt
[QTranslate] 原始字符串: Meta
[QTranslate] 原始字符串: Num
[QString::FromUtf8] 原始字符串: Ctrl+Shift+P
[QString::FromUtf8] 原始字符串: Ctrl-Shift-R
[QTranslate] 原始字符串: Ctrl
[QTranslate] 原始字符串: Shift
[QTranslate] 原始字符串: Alt
[QTranslate] 原始字符串: Meta
[QTranslate] 原始字符串: Num
[QString::FromUtf8] 原始字符串: Ctrl+Shift+R
[QString::FromUtf8] 原始字符串: F2
[QTranslate] 原始字符串: Ctrl
[QTranslate] 原始字符串: Shift
[QTranslate] 原始字符串: Alt
[QTranslate] 原始字符串: Meta
[QTranslate] 原始字符串: Num
[QString::FromUtf8] 原始字符串: F2
[QString::FromUtf8] 原始字符串: Esc
[QTranslate] 原始字符串: Ctrl
[QTranslate] 原始字符串: Shift
[QTranslate] 原始字符串: Alt
[QTranslate] 原始字符串: Meta
[QTranslate] 原始字符串: Num
[QTranslate] 原始字符串: Space
[QTranslate] 原始字符串: Esc
[QString::FromUtf8] 原始字符串: Esc
[QString::FromUtf8] 原始字符串: 1
[QTranslate] 原始字符串: Ctrl
[QTranslate] 原始字符串: Shift
[QTranslate] 原始字符串: Alt
[QTranslate] 原始字符串: Meta
[QTranslate] 原始字符串: Num
[QString::FromUtf8] 原始字符串: 1
[QString::FromUtf8] 原始字符串: 2
[QTranslate] 原始字符串: Ctrl
[QTranslate] 原始字符串: Shift
[QTranslate] 原始字符串: Alt
[QTranslate] 原始字符串: Meta
[QTranslate] 原始字符串: Num
[QString::FromUtf8] 原始字符串: 2
[QString::FromUtf8] 原始字符串: 4
[QTranslate] 原始字符串: Ctrl
[QTranslate] 原始字符串: Shift
[QTranslate] 原始字符串: Alt
[QTranslate] 原始字符串: Meta
[QTranslate] 原始字符串: Num
[QString::FromUtf8] 原始字符串: 4
[QString::FromUtf8] 原始字符串: 8
[QTranslate] 原始字符串: Ctrl
[QTranslate] 原始字符串: Shift
[QTranslate] 原始字符串: Alt
[QTranslate] 原始字符串: Meta
[QTranslate] 原始字符串: Num
[QString::FromUtf8] 原始字符串: 8
[QString::FromUtf8] 原始字符串: f
[QTranslate] 原始字符串: Ctrl
[QTranslate] 原始字符串: Shift
[QTranslate] 原始字符串: Alt
[QTranslate] 原始字符串: Meta
[QTranslate] 原始字符串: Num
[QString::FromUtf8] 原始字符串: F
[QString::FromUtf8] 原始字符串: d
[QTranslate] 原始字符串: Ctrl
[QTranslate] 原始字符串: Shift
[QTranslate] 原始字符串: Alt
[QTranslate] 原始字符串: Meta
[QTranslate] 原始字符串: Num
[QString::FromUtf8] 原始字符串: D
[QString::FromUtf8] 原始字符串: l
[QTranslate] 原始字符串: Ctrl
[QTranslate] 原始字符串: Shift
[QTranslate] 原始字符串: Alt
[QTranslate] 原始字符串: Meta
[QTranslate] 原始字符串: Num
[QString::FromUtf8] 原始字符串: L
[QString::FromUtf8] 原始字符串: h
[QTranslate] 原始字符串: Ctrl
[QTranslate] 原始字符串: Shift
[QTranslate] 原始字符串: Alt
[QTranslate] 原始字符串: Meta
[QTranslate] 原始字符串: Num
[QString::FromUtf8] 原始字符串: H
[QString::FromUtf8] 原始字符串: u
[QTranslate] 原始字符串: Ctrl
[QTranslate] 原始字符串: Shift
[QTranslate] 原始字符串: Alt
[QTranslate] 原始字符串: Meta
[QTranslate] 原始字符串: Num
[QString::FromUtf8] 原始字符串: U
[QString::FromUtf8] 原始字符串: s
[QTranslate] 原始字符串: Ctrl
[QTranslate] 原始字符串: Shift
[QTranslate] 原始字符串: Alt
[QTranslate] 原始字符串: Meta
[QTranslate] 原始字符串: Num
[QString::FromUtf8] 原始字符串: S
[QString::FromUtf8] 原始字符串: Ins
[QTranslate] 原始字符串: Ctrl
[QTranslate] 原始字符串: Shift
[QTranslate] 原始字符串: Alt
[QTranslate] 原始字符串: Meta
[QTranslate] 原始字符串: Num
[QTranslate] 原始字符串: Space
[QTranslate] 原始字符串: Esc
[QTranslate] 原始字符串: Tab
[QTranslate] 原始字符串: Backtab
[QTranslate] 原始字符串: Backspace
[QTranslate] 原始字符串: Return
[QTranslate] 原始字符串: Enter
[QTranslate] 原始字符串: Ins
[QString::FromUtf8] 原始字符串: Ins
[QString::FromUtf8] 原始字符串: Del
[QTranslate] 原始字符串: Ctrl
[QTranslate] 原始字符串: Shift
[QTranslate] 原始字符串: Alt
[QTranslate] 原始字符串: Meta
[QTranslate] 原始字符串: Num
[QTranslate] 原始字符串: Space
[QTranslate] 原始字符串: Esc
[QTranslate] 原始字符串: Tab
[QTranslate] 原始字符串: Backtab
[QTranslate] 原始字符串: Backspace
[QTranslate] 原始字符串: Return
[QTranslate] 原始字符串: Enter
[QTranslate] 原始字符串: Ins
[QTranslate] 原始字符串: Del
[QString::FromUtf8] 原始字符串: Del
[QString::FromUtf8] 原始字符串: Ctrl+e
[QTranslate] 原始字符串: Ctrl
[QTranslate] 原始字符串: Shift
[QTranslate] 原始字符串: Alt
[QTranslate] 原始字符串: Meta
[QTranslate] 原始字符串: Num
[QString::FromUtf8] 原始字符串: Ctrl+E
[QString::FromUtf8] 原始字符串: Alt+T
[QTranslate] 原始字符串: Ctrl
[QTranslate] 原始字符串: Shift
[QTranslate] 原始字符串: Alt
[QTranslate] 原始字符串: Meta
[QTranslate] 原始字符串: Num
[QString::FromUtf8] 原始字符串: Alt+T
[QString::FromUtf8] 原始字符串: Ctrl+T
[QTranslate] 原始字符串: Ctrl
[QTranslate] 原始字符串: Shift
[QTranslate] 原始字符串: Alt
[QTranslate] 原始字符串: Meta
[QTranslate] 原始字符串: Num
[QString::FromUtf8] 原始字符串: Ctrl+T
[QString::FromUtf8] 原始字符串: Ctrl+F
[QTranslate] 原始字符串: Ctrl
[QTranslate] 原始字符串: Shift
[QTranslate] 原始字符串: Alt
[QTranslate] 原始字符串: Meta
[QTranslate] 原始字符串: Num
[QString::FromUtf8] 原始字符串: Ctrl+F
[QString::FromUtf8] 原始字符串: Ctrl-P
[QTranslate] 原始字符串: Ctrl
[QTranslate] 原始字符串: Shift
[QTranslate] 原始字符串: Alt
[QTranslate] 原始字符串: Meta
[QTranslate] 原始字符串: Num
[QString::FromUtf8] 原始字符串: Ctrl+P
[QString::FromUtf8] 原始字符串: e
[QTranslate] 原始字符串: Ctrl
[QTranslate] 原始字符串: Shift
[QTranslate] 原始字符串: Alt
[QTranslate] 原始字符串: Meta
[QTranslate] 原始字符串: Num
[QString::FromUtf8] 原始字符串: E
[QString::FromUtf8] 原始字符串: 0
[QTranslate] 原始字符串: Ctrl
[QTranslate] 原始字符串: Shift
[QTranslate] 原始字符串: Alt
[QTranslate] 原始字符串: Meta
[QTranslate] 原始字符串: Num
[QString::FromUtf8] 原始字符串: 0
[QString::FromUtf8] 原始字符串: Space
[QTranslate] 原始字符串: Ctrl
[QTranslate] 原始字符串: Shift
[QTranslate] 原始字符串: Alt
[QTranslate] 原始字符串: Meta
[QTranslate] 原始字符串: Num
[QTranslate] 原始字符串: Space
[QString::FromUtf8] 原始字符串: Space
[QString::FromUtf8] 原始字符串: +
[QTranslate] 原始字符串: Ctrl
[QTranslate] 原始字符串: Shift
[QTranslate] 原始字符串: Alt
[QTranslate] 原始字符串: Meta
[QTranslate] 原始字符串: Num
[QString::FromUtf8] 原始字符串: +
[QString::FromUtf8] 原始字符串: -
[QTranslate] 原始字符串: Ctrl
[QTranslate] 原始字符串: Shift
[QTranslate] 原始字符串: Alt
[QTranslate] 原始字符串: Meta
[QTranslate] 原始字符串: Num
[QString::FromUtf8] 原始字符串: -
[QString::FromUtf8] 原始字符串: Enter
[QTranslate] 原始字符串: Ctrl
[QTranslate] 原始字符串: Shift
[QTranslate] 原始字符串: Alt
[QTranslate] 原始字符串: Meta
[QTranslate] 原始字符串: Num
[QTranslate] 原始字符串: Space
[QTranslate] 原始字符串: Esc
[QTranslate] 原始字符串: Tab
[QTranslate] 原始字符串: Backtab
[QTranslate] 原始字符串: Backspace
[QTranslate] 原始字符串: Return
[QTranslate] 原始字符串: Enter
[QString::FromUtf8] 原始字符串: Enter
[QString::FromUtf8] 原始字符串: Tab
[QTranslate] 原始字符串: Ctrl
[QTranslate] 原始字符串: Shift
[QTranslate] 原始字符串: Alt
[QTranslate] 原始字符串: Meta
[QTranslate] 原始字符串: Num
[QTranslate] 原始字符串: Space
[QTranslate] 原始字符串: Esc
[QTranslate] 原始字符串: Tab
[QString::FromUtf8] 原始字符串: Tab
[QString::FromUtf8] 原始字符串: Backtab
[QTranslate] 原始字符串: Ctrl
[QTranslate] 原始字符串: Shift
[QTranslate] 原始字符串: Alt
[QTranslate] 原始字符串: Meta
[QTranslate] 原始字符串: Num
[QTranslate] 原始字符串: Space
[QTranslate] 原始字符串: Esc
[QTranslate] 原始字符串: Tab
[QTranslate] 原始字符串: Backtab
[QString::FromUtf8] 原始字符串: Backtab
[QString::FromUtf8] 原始字符串: Ctrl+Down
[QTranslate] 原始字符串: Ctrl
[QTranslate] 原始字符串: Shift
[QTranslate] 原始字符串: Alt
[QTranslate] 原始字符串: Meta
[QTranslate] 原始字符串: Num
[QTranslate] 原始字符串: Space
[QTranslate] 原始字符串: Esc
[QTranslate] 原始字符串: Tab
[QTranslate] 原始字符串: Backtab
[QTranslate] 原始字符串: Backspace
[QTranslate] 原始字符串: Return
[QTranslate] 原始字符串: Enter
[QTranslate] 原始字符串: Ins
[QTranslate] 原始字符串: Del
[QTranslate] 原始字符串: Pause
[QTranslate] 原始字符串: Print
[QTranslate] 原始字符串: SysReq
[QTranslate] 原始字符串: Home
[QTranslate] 原始字符串: End
[QTranslate] 原始字符串: Left
[QTranslate] 原始字符串: Up
[QTranslate] 原始字符串: Right
[QTranslate] 原始字符串: Down
[QString::FromUtf8] 原始字符串: Ctrl+Down
[QString::FromUtf8] 原始字符串: Ctrl+Up
[QTranslate] 原始字符串: Ctrl
[QTranslate] 原始字符串: Shift
[QTranslate] 原始字符串: Alt
[QTranslate] 原始字符串: Meta
[QTranslate] 原始字符串: Num
[QTranslate] 原始字符串: Space
[QTranslate] 原始字符串: Esc
[QTranslate] 原始字符串: Tab
[QTranslate] 原始字符串: Backtab
[QTranslate] 原始字符串: Backspace
[QTranslate] 原始字符串: Return
[QTranslate] 原始字符串: Enter
[QTranslate] 原始字符串: Ins
[QTranslate] 原始字符串: Del
[QTranslate] 原始字符串: Pause
[QTranslate] 原始字符串: Print
[QTranslate] 原始字符串: SysReq
[QTranslate] 原始字符串: Home
[QTranslate] 原始字符串: End
[QTranslate] 原始字符串: Left
[QTranslate] 原始字符串: Up
[QString::FromUtf8] 原始字符串: Ctrl+Up
[QString::FromUtf8] 原始字符串: Ctrl+F
[QString::FromUtf8] 原始字符串: Shift+Delete
[QTranslate] 原始字符串: Ctrl
[QTranslate] 原始字符串: Shift
[QTranslate] 原始字符串: Alt
[QTranslate] 原始字符串: Meta
[QTranslate] 原始字符串: Num
[QTranslate] 原始字符串: Space
[QTranslate] 原始字符串: Esc
[QTranslate] 原始字符串: Tab
[QTranslate] 原始字符串: Backtab
[QTranslate] 原始字符串: Backspace
[QTranslate] 原始字符串: Return
[QTranslate] 原始字符串: Enter
[QTranslate] 原始字符串: Ins
[QTranslate] 原始字符串: Del
[QTranslate] 原始字符串: Pause
[QTranslate] 原始字符串: Print
[QTranslate] 原始字符串: SysReq
[QTranslate] 原始字符串: Home
[QTranslate] 原始字符串: End
[QTranslate] 原始字符串: Left
[QTranslate] 原始字符串: Up
[QTranslate] 原始字符串: Right
[QTranslate] 原始字符串: Down
[QTranslate] 原始字符串: PgUp
[QTranslate] 原始字符串: PgDown
[QTranslate] 原始字符串: CapsLock
[QTranslate] 原始字符串: NumLock
[QTranslate] 原始字符串: ScrollLock
[QTranslate] 原始字符串: Menu
[QTranslate] 原始字符串: Help
[QTranslate] 精确匹配: 帮助
[QTranslate] 原始字符串: Back
[QTranslate] 原始字符串: Forward
[QTranslate] 原始字符串: Stop
[QTranslate] 原始字符串: Refresh
[QTranslate] 原始字符串: Volume Down
[QTranslate] 原始字符串: Volume Mute
[QTranslate] 原始字符串: Volume Up
[QTranslate] 原始字符串: Bass Boost
[QTranslate] 原始字符串: Bass Up
[QTranslate] 原始字符串: Bass Down
[QTranslate] 原始字符串: Treble Up
[QTranslate] 原始字符串: Treble Down
[QTranslate] 原始字符串: Media Play
[QTranslate] 原始字符串: Media Stop
[QTranslate] 原始字符串: Media Previous
[QTranslate] 原始字符串: Media Next
[QTranslate] 原始字符串: Media Record
[QTranslate] 原始字符串: Media Pause
[QTranslate] 原始字符串: Toggle Media Play/Pause
[QTranslate] 原始字符串: Home Page
[QTranslate] 原始字符串: Favorites
[QTranslate] 原始字符串: Search
[QTranslate] 原始字符串: Standby
[QTranslate] 原始字符串: Open URL
[QTranslate] 原始字符串: Launch Mail
[QTranslate] 原始字符串: Launch Media
[QTranslate] 原始字符串: Launch (0)
[QTranslate] 原始字符串: Launch (1)
[QTranslate] 原始字符串: Launch (2)
[QTranslate] 原始字符串: Launch (3)
[QTranslate] 原始字符串: Launch (4)
[QTranslate] 原始字符串: Launch (5)
[QTranslate] 原始字符串: Launch (6)
[QTranslate] 原始字符串: Launch (7)
[QTranslate] 原始字符串: Launch (8)
[QTranslate] 原始字符串: Launch (9)
[QTranslate] 原始字符串: Launch (A)
[QTranslate] 原始字符串: Launch (B)
[QTranslate] 原始字符串: Launch (C)
[QTranslate] 原始字符串: Launch (D)
[QTranslate] 原始字符串: Launch (E)
[QTranslate] 原始字符串: Launch (F)
[QTranslate] 原始字符串: Launch (G)
[QTranslate] 原始字符串: Launch (H)
[QTranslate] 原始字符串: Monitor Brightness Up
[QTranslate] 原始字符串: Monitor Brightness Down
[QTranslate] 原始字符串: Keyboard Light On/Off
[QTranslate] 原始字符串: Keyboard Brightness Up
[QTranslate] 原始字符串: Keyboard Brightness Down
[QTranslate] 原始字符串: Power Off
[QTranslate] 原始字符串: Wake Up
[QTranslate] 原始字符串: Eject
[QTranslate] 原始字符串: Screensaver
[QTranslate] 原始字符串: WWW
[QTranslate] 原始字符串: Sleep
[QTranslate] 原始字符串: LightBulb
[QTranslate] 原始字符串: Shop
[QTranslate] 原始字符串: History
[QTranslate] 原始字符串: Add Favorite
[QTranslate] 原始字符串: Hot Links
[QTranslate] 原始字符串: Adjust Brightness
[QTranslate] 原始字符串: Finance
[QTranslate] 原始字符串: Community
[QTranslate] 原始字符串: Media Rewind
[QTranslate] 原始字符串: Back Forward
[QTranslate] 原始字符串: Application Left
[QTranslate] 原始字符串: Application Right
[QTranslate] 原始字符串: Book
[QTranslate] 原始字符串: CD
[QTranslate] 原始字符串: Calculator
[QTranslate] 原始字符串: Calendar
[QTranslate] 原始字符串: Clear
[QTranslate] 原始字符串: Clear Grab
[QTranslate] 原始字符串: Close
[QTranslate] 原始字符串: Adjust contrast
[QTranslate] 原始字符串: Copy
[QTranslate] 原始字符串: Cut
[QTranslate] 原始字符串: Display
[QTranslate] 原始字符串: DOS
[QTranslate] 原始字符串: Documents
[QTranslate] 原始字符串: Spreadsheet
[QTranslate] 原始字符串: Browser
[QTranslate] 原始字符串: Game
[QTranslate] 原始字符串: Go
[QTranslate] 原始字符串: iTouch
[QTranslate] 原始字符串: Logoff
[QTranslate] 原始字符串: Market
[QTranslate] 原始字符串: Meeting
[QTranslate] 原始字符串: Memo
[QTranslate] 原始字符串: Keyboard Menu
[QTranslate] 原始字符串: Menu PB
[QTranslate] 原始字符串: My Sites
[QTranslate] 原始字符串: News
[QTranslate] 原始字符串: Home Office
[QTranslate] 原始字符串: Option
[QTranslate] 原始字符串: Paste
[QTranslate] 原始字符串: Phone
[QTranslate] 原始字符串: Reply
[QTranslate] 原始字符串: Reload
[QTranslate] 原始字符串: Rotate Windows
[QTranslate] 原始字符串: Rotation PB
[QTranslate] 原始字符串: Rotation KB
[QTranslate] 原始字符串: Save
[QTranslate] 原始字符串: Send
[QTranslate] 原始字符串: Spellchecker
[QTranslate] 原始字符串: Split Screen
[QTranslate] 原始字符串: Support
[QTranslate] 原始字符串: Task Panel
[QTranslate] 原始字符串: Terminal
[QTranslate] 原始字符串: To-do list
[QTranslate] 原始字符串: Tools
[QTranslate] 原始字符串: Travel
[QTranslate] 原始字符串: Video
[QTranslate] 原始字符串: Word Processor
[QTranslate] 原始字符串: XFer
[QTranslate] 原始字符串: Zoom In
[QTranslate] 原始字符串: Zoom Out
[QTranslate] 原始字符串: Away
[QTranslate] 原始字符串: Messenger
[QTranslate] 原始字符串: WebCam
[QTranslate] 原始字符串: Mail Forward
[QTranslate] 原始字符串: Pictures
[QTranslate] 原始字符串: Music
[QTranslate] 原始字符串: Battery
[QTranslate] 原始字符串: Bluetooth
[QTranslate] 原始字符串: Wireless
[QTranslate] 原始字符串: Ultra Wide Band
[QTranslate] 原始字符串: Media Fast Forward
[QTranslate] 原始字符串: Audio Repeat
[QTranslate] 原始字符串: Audio Random Play
[QTranslate] 原始字符串: Subtitle
[QTranslate] 原始字符串: Audio Cycle Track
[QTranslate] 原始字符串: Time
[QTranslate] 原始字符串: Hibernate
[QTranslate] 原始字符串: View
[QTranslate] 精确匹配: 视图
[QTranslate] 原始字符串: Top Menu
[QTranslate] 原始字符串: Power Down
[QTranslate] 原始字符串: Suspend
[QTranslate] 原始字符串: Microphone Mute
[QTranslate] 原始字符串: Red
[QTranslate] 原始字符串: Green
[QTranslate] 原始字符串: Yellow
[QTranslate] 原始字符串: Blue
[QTranslate] 原始字符串: Channel Up
[QTranslate] 原始字符串: Channel Down
[QTranslate] 原始字符串: Guide
[QTranslate] 原始字符串: Info
[QTranslate] 原始字符串: Settings
[QTranslate] 原始字符串: Microphone Volume Up
[QTranslate] 原始字符串: Microphone Volume Down
[QTranslate] 原始字符串: New
[QTranslate] 原始字符串: Open
[QTranslate] 原始字符串: Find
[QTranslate] 原始字符串: Undo
[QTranslate] 原始字符串: Redo
[QTranslate] 原始字符串: Print Screen
[QTranslate] 原始字符串: Page Up
[QTranslate] 原始字符串: Page Down
[QTranslate] 原始字符串: Caps Lock
[QTranslate] 原始字符串: Num Lock
[QTranslate] 原始字符串: Number Lock
[QTranslate] 原始字符串: Scroll Lock
[QTranslate] 原始字符串: Insert
[QTranslate] 原始字符串: Delete
[QString::FromUtf8] 原始字符串: Shift+Del
[QString::FromUtf8] 原始字符串: Ctrl+C
[QString::FromUtf8] 原始字符串: Ctrl+Ins
[QString::FromUtf8] 原始字符串: /
[QTranslate] 原始字符串: Ctrl
[QTranslate] 原始字符串: Shift
[QTranslate] 原始字符串: Alt
[QTranslate] 原始字符串: Meta
[QTranslate] 原始字符串: Num
[QString::FromUtf8] 原始字符串: /
[QString::FromUtf8] 原始字符串: F3
[QTranslate] 原始字符串: Ctrl
[QTranslate] 原始字符串: Shift
[QTranslate] 原始字符串: Alt
[QTranslate] 原始字符串: Meta
[QTranslate] 原始字符串: Num
[QString::FromUtf8] 原始字符串: F3
[QString::FromUtf8] 原始字符串: Escape
[QTranslate] 原始字符串: Ctrl
[QTranslate] 原始字符串: Shift
[QTranslate] 原始字符串: Alt
[QTranslate] 原始字符串: Meta
[QTranslate] 原始字符串: Num
[QTranslate] 原始字符串: Space
[QTranslate] 原始字符串: Esc
[QTranslate] 原始字符串: Tab
[QTranslate] 原始字符串: Backtab
[QTranslate] 原始字符串: Backspace
[QTranslate] 原始字符串: Return
[QTranslate] 原始字符串: Enter
[QTranslate] 原始字符串: Ins
[QTranslate] 原始字符串: Del
[QTranslate] 原始字符串: Pause
[QTranslate] 原始字符串: Print
[QTranslate] 原始字符串: SysReq
[QTranslate] 原始字符串: Home
[QTranslate] 原始字符串: End
[QTranslate] 原始字符串: Left
[QTranslate] 原始字符串: Up
[QTranslate] 原始字符串: Right
[QTranslate] 原始字符串: Down
[QTranslate] 原始字符串: PgUp
[QTranslate] 原始字符串: PgDown
[QTranslate] 原始字符串: CapsLock
[QTranslate] 原始字符串: NumLock
[QTranslate] 原始字符串: ScrollLock
[QTranslate] 原始字符串: Menu
[QTranslate] 原始字符串: Help
[QTranslate] 精确匹配: 帮助
[QTranslate] 原始字符串: Back
[QTranslate] 原始字符串: Forward
[QTranslate] 原始字符串: Stop
[QTranslate] 原始字符串: Refresh
[QTranslate] 原始字符串: Volume Down
[QTranslate] 原始字符串: Volume Mute
[QTranslate] 原始字符串: Volume Up
[QTranslate] 原始字符串: Bass Boost
[QTranslate] 原始字符串: Bass Up
[QTranslate] 原始字符串: Bass Down
[QTranslate] 原始字符串: Treble Up
[QTranslate] 原始字符串: Treble Down
[QTranslate] 原始字符串: Media Play
[QTranslate] 原始字符串: Media Stop
[QTranslate] 原始字符串: Media Previous
[QTranslate] 原始字符串: Media Next
[QTranslate] 原始字符串: Media Record
[QTranslate] 原始字符串: Media Pause
[QTranslate] 原始字符串: Toggle Media Play/Pause
[QTranslate] 原始字符串: Home Page
[QTranslate] 原始字符串: Favorites
[QTranslate] 原始字符串: Search
[QTranslate] 原始字符串: Standby
[QTranslate] 原始字符串: Open URL
[QTranslate] 原始字符串: Launch Mail
[QTranslate] 原始字符串: Launch Media
[QTranslate] 原始字符串: Launch (0)
[QTranslate] 原始字符串: Launch (1)
[QTranslate] 原始字符串: Launch (2)
[QTranslate] 原始字符串: Launch (3)
[QTranslate] 原始字符串: Launch (4)
[QTranslate] 原始字符串: Launch (5)
[QTranslate] 原始字符串: Launch (6)
[QTranslate] 原始字符串: Launch (7)
[QTranslate] 原始字符串: Launch (8)
[QTranslate] 原始字符串: Launch (9)
[QTranslate] 原始字符串: Launch (A)
[QTranslate] 原始字符串: Launch (B)
[QTranslate] 原始字符串: Launch (C)
[QTranslate] 原始字符串: Launch (D)
[QTranslate] 原始字符串: Launch (E)
[QTranslate] 原始字符串: Launch (F)
[QTranslate] 原始字符串: Launch (G)
[QTranslate] 原始字符串: Launch (H)
[QTranslate] 原始字符串: Monitor Brightness Up
[QTranslate] 原始字符串: Monitor Brightness Down
[QTranslate] 原始字符串: Keyboard Light On/Off
[QTranslate] 原始字符串: Keyboard Brightness Up
[QTranslate] 原始字符串: Keyboard Brightness Down
[QTranslate] 原始字符串: Power Off
[QTranslate] 原始字符串: Wake Up
[QTranslate] 原始字符串: Eject
[QTranslate] 原始字符串: Screensaver
[QTranslate] 原始字符串: WWW
[QTranslate] 原始字符串: Sleep
[QTranslate] 原始字符串: LightBulb
[QTranslate] 原始字符串: Shop
[QTranslate] 原始字符串: History
[QTranslate] 原始字符串: Add Favorite
[QTranslate] 原始字符串: Hot Links
[QTranslate] 原始字符串: Adjust Brightness
[QTranslate] 原始字符串: Finance
[QTranslate] 原始字符串: Community
[QTranslate] 原始字符串: Media Rewind
[QTranslate] 原始字符串: Back Forward
[QTranslate] 原始字符串: Application Left
[QTranslate] 原始字符串: Application Right
[QTranslate] 原始字符串: Book
[QTranslate] 原始字符串: CD
[QTranslate] 原始字符串: Calculator
[QTranslate] 原始字符串: Calendar
[QTranslate] 原始字符串: Clear
[QTranslate] 原始字符串: Clear Grab
[QTranslate] 原始字符串: Close
[QTranslate] 原始字符串: Adjust contrast
[QTranslate] 原始字符串: Copy
[QTranslate] 原始字符串: Cut
[QTranslate] 原始字符串: Display
[QTranslate] 原始字符串: DOS
[QTranslate] 原始字符串: Documents
[QTranslate] 原始字符串: Spreadsheet
[QTranslate] 原始字符串: Browser
[QTranslate] 原始字符串: Game
[QTranslate] 原始字符串: Go
[QTranslate] 原始字符串: iTouch
[QTranslate] 原始字符串: Logoff
[QTranslate] 原始字符串: Market
[QTranslate] 原始字符串: Meeting
[QTranslate] 原始字符串: Memo
[QTranslate] 原始字符串: Keyboard Menu
[QTranslate] 原始字符串: Menu PB
[QTranslate] 原始字符串: My Sites
[QTranslate] 原始字符串: News
[QTranslate] 原始字符串: Home Office
[QTranslate] 原始字符串: Option
[QTranslate] 原始字符串: Paste
[QTranslate] 原始字符串: Phone
[QTranslate] 原始字符串: Reply
[QTranslate] 原始字符串: Reload
[QTranslate] 原始字符串: Rotate Windows
[QTranslate] 原始字符串: Rotation PB
[QTranslate] 原始字符串: Rotation KB
[QTranslate] 原始字符串: Save
[QTranslate] 原始字符串: Send
[QTranslate] 原始字符串: Spellchecker
[QTranslate] 原始字符串: Split Screen
[QTranslate] 原始字符串: Support
[QTranslate] 原始字符串: Task Panel
[QTranslate] 原始字符串: Terminal
[QTranslate] 原始字符串: To-do list
[QTranslate] 原始字符串: Tools
[QTranslate] 原始字符串: Travel
[QTranslate] 原始字符串: Video
[QTranslate] 原始字符串: Word Processor
[QTranslate] 原始字符串: XFer
[QTranslate] 原始字符串: Zoom In
[QTranslate] 原始字符串: Zoom Out
[QTranslate] 原始字符串: Away
[QTranslate] 原始字符串: Messenger
[QTranslate] 原始字符串: WebCam
[QTranslate] 原始字符串: Mail Forward
[QTranslate] 原始字符串: Pictures
[QTranslate] 原始字符串: Music
[QTranslate] 原始字符串: Battery
[QTranslate] 原始字符串: Bluetooth
[QTranslate] 原始字符串: Wireless
[QTranslate] 原始字符串: Ultra Wide Band
[QTranslate] 原始字符串: Media Fast Forward
[QTranslate] 原始字符串: Audio Repeat
[QTranslate] 原始字符串: Audio Random Play
[QTranslate] 原始字符串: Subtitle
[QTranslate] 原始字符串: Audio Cycle Track
[QTranslate] 原始字符串: Time
[QTranslate] 原始字符串: Hibernate
[QTranslate] 原始字符串: View
[QTranslate] 精确匹配: 视图
[QTranslate] 原始字符串: Top Menu
[QTranslate] 原始字符串: Power Down
[QTranslate] 原始字符串: Suspend
[QTranslate] 原始字符串: Microphone Mute
[QTranslate] 原始字符串: Red
[QTranslate] 原始字符串: Green
[QTranslate] 原始字符串: Yellow
[QTranslate] 原始字符串: Blue
[QTranslate] 原始字符串: Channel Up
[QTranslate] 原始字符串: Channel Down
[QTranslate] 原始字符串: Guide
[QTranslate] 原始字符串: Info
[QTranslate] 原始字符串: Settings
[QTranslate] 原始字符串: Microphone Volume Up
[QTranslate] 原始字符串: Microphone Volume Down
[QTranslate] 原始字符串: New
[QTranslate] 原始字符串: Open
[QTranslate] 原始字符串: Find
[QTranslate] 原始字符串: Undo
[QTranslate] 原始字符串: Redo
[QTranslate] 原始字符串: Print Screen
[QTranslate] 原始字符串: Page Up
[QTranslate] 原始字符串: Page Down
[QTranslate] 原始字符串: Caps Lock
[QTranslate] 原始字符串: Num Lock
[QTranslate] 原始字符串: Number Lock
[QTranslate] 原始字符串: Scroll Lock
[QTranslate] 原始字符串: Insert
[QTranslate] 原始字符串: Delete
[QTranslate] 原始字符串: Escape
[QString::FromUtf8] 原始字符串: Esc
[QString::FromUtf8] 原始字符串: G
[QTranslate] 原始字符串: Ctrl
[QTranslate] 原始字符串: Shift
[QTranslate] 原始字符串: Alt
[QTranslate] 原始字符串: Meta
[QTranslate] 原始字符串: Num
[QString::FromUtf8] 原始字符串: G
[QString::FromUtf8] 原始字符串: Ctrl-L
[QTranslate] 原始字符串: Ctrl
[QTranslate] 原始字符串: Shift
[QTranslate] 原始字符串: Alt
[QTranslate] 原始字符串: Meta
[QTranslate] 原始字符串: Num
[QString::FromUtf8] 原始字符串: Ctrl+L
[QString::FromUtf8] 原始字符串: Ctrl-J
[QTranslate] 原始字符串: Ctrl
[QTranslate] 原始字符串: Shift
[QTranslate] 原始字符串: Alt
[QTranslate] 原始字符串: Meta
[QTranslate] 原始字符串: Num
[QString::FromUtf8] 原始字符串: Ctrl+J
[QString::FromUtf8] 原始字符串: Ctrl-X
[QTranslate] 原始字符串: Ctrl
[QTranslate] 原始字符串: Shift
[QTranslate] 原始字符串: Alt
[QTranslate] 原始字符串: Meta
[QTranslate] 原始字符串: Num
[QString::FromUtf8] 原始字符串: Ctrl+X
[QString::FromUtf8] 原始字符串: Ctrl-E
[QTranslate] 原始字符串: Ctrl
[QTranslate] 原始字符串: Shift
[QTranslate] 原始字符串: Alt
[QTranslate] 原始字符串: Meta
[QTranslate] 原始字符串: Num
[QString::FromUtf8] 原始字符串: Ctrl+E
[QString::FromUtf8] 原始字符串: Ctrl-M
[QTranslate] 原始字符串: Ctrl
[QTranslate] 原始字符串: Shift
[QTranslate] 原始字符串: Alt
[QTranslate] 原始字符串: Meta
[QTranslate] 原始字符串: Num
[QString::FromUtf8] 原始字符串: Ctrl+M
[QString::FromUtf8] 原始字符串: Ctrl-Alt-G
[QTranslate] 原始字符串: Ctrl
[QTranslate] 原始字符串: Shift
[QTranslate] 原始字符串: Alt
[QTranslate] 原始字符串: Meta
[QTranslate] 原始字符串: Num
[QString::FromUtf8] 原始字符串: Ctrl+Alt+G
[QString::FromUtf8] 原始字符串: X
[QTranslate] 原始字符串: Ctrl
[QTranslate] 原始字符串: Shift
[QTranslate] 原始字符串: Alt
[QTranslate] 原始字符串: Meta
[QTranslate] 原始字符串: Num
[QString::FromUtf8] 原始字符串: X
[QString::FromUtf8] 原始字符串: Enter
[QTranslate] 原始字符串: Ctrl
[QTranslate] 原始字符串: Shift
[QTranslate] 原始字符串: Alt
[QTranslate] 原始字符串: Meta
[QTranslate] 原始字符串: Num
[QTranslate] 原始字符串: Space
[QTranslate] 原始字符串: Esc
[QTranslate] 原始字符串: Tab
[QTranslate] 原始字符串: Backtab
[QTranslate] 原始字符串: Backspace
[QTranslate] 原始字符串: Return
[QTranslate] 原始字符串: Enter
[QString::FromUtf8] 原始字符串: Enter
[QString::FromUtf8] 原始字符串: Alt-Enter
[QTranslate] 原始字符串: Ctrl
[QTranslate] 原始字符串: Shift
[QTranslate] 原始字符串: Alt
[QTranslate] 原始字符串: Meta
[QTranslate] 原始字符串: Num
[QTranslate] 原始字符串: Space
[QTranslate] 原始字符串: Esc
[QTranslate] 原始字符串: Tab
[QTranslate] 原始字符串: Backtab
[QTranslate] 原始字符串: Backspace
[QTranslate] 原始字符串: Return
[QTranslate] 原始字符串: Enter
[QString::FromUtf8] 原始字符串: Alt+Enter
[QString::FromUtf8] 原始字符串: Alt-M
[QTranslate] 原始字符串: Ctrl
[QTranslate] 原始字符串: Shift
[QTranslate] 原始字符串: Alt
[QTranslate] 原始字符串: Meta
[QTranslate] 原始字符串: Num
[QString::FromUtf8] 原始字符串: Alt+M
[QString::FromUtf8] 原始字符串: Alt-Up
[QTranslate] 原始字符串: Ctrl
[QTranslate] 原始字符串: Shift
[QTranslate] 原始字符串: Alt
[QTranslate] 原始字符串: Meta
[QTranslate] 原始字符串: Num
[QTranslate] 原始字符串: Space
[QTranslate] 原始字符串: Esc
[QTranslate] 原始字符串: Tab
[QTranslate] 原始字符串: Backtab
[QTranslate] 原始字符串: Backspace
[QTranslate] 原始字符串: Return
[QTranslate] 原始字符串: Enter
[QTranslate] 原始字符串: Ins
[QTranslate] 原始字符串: Del
[QTranslate] 原始字符串: Pause
[QTranslate] 原始字符串: Print
[QTranslate] 原始字符串: SysReq
[QTranslate] 原始字符串: Home
[QTranslate] 原始字符串: End
[QTranslate] 原始字符串: Left
[QTranslate] 原始字符串: Up
[QString::FromUtf8] 原始字符串: Alt+Up
[QString::FromUtf8] 原始字符串: Alt-Down
[QTranslate] 原始字符串: Ctrl
[QTranslate] 原始字符串: Shift
[QTranslate] 原始字符串: Alt
[QTranslate] 原始字符串: Meta
[QTranslate] 原始字符串: Num
[QTranslate] 原始字符串: Space
[QTranslate] 原始字符串: Esc
[QTranslate] 原始字符串: Tab
[QTranslate] 原始字符串: Backtab
[QTranslate] 原始字符串: Backspace
[QTranslate] 原始字符串: Return
[QTranslate] 原始字符串: Enter
[QTranslate] 原始字符串: Ins
[QTranslate] 原始字符串: Del
[QTranslate] 原始字符串: Pause
[QTranslate] 原始字符串: Print
[QTranslate] 原始字符串: SysReq
[QTranslate] 原始字符串: Home
[QTranslate] 原始字符串: End
[QTranslate] 原始字符串: Left
[QTranslate] 原始字符串: Up
[QTranslate] 原始字符串: Right
[QTranslate] 原始字符串: Down
[QString::FromUtf8] 原始字符串: Alt+Down
[QString::FromUtf8] 原始字符串: Shift-Alt-Up
[QTranslate] 原始字符串: Ctrl
[QTranslate] 原始字符串: Shift
[QTranslate] 原始字符串: Alt
[QTranslate] 原始字符串: Meta
[QTranslate] 原始字符串: Num
[QTranslate] 原始字符串: Space
[QTranslate] 原始字符串: Esc
[QTranslate] 原始字符串: Tab
[QTranslate] 原始字符串: Backtab
[QTranslate] 原始字符串: Backspace
[QTranslate] 原始字符串: Return
[QTranslate] 原始字符串: Enter
[QTranslate] 原始字符串: Ins
[QTranslate] 原始字符串: Del
[QTranslate] 原始字符串: Pause
[QTranslate] 原始字符串: Print
[QTranslate] 原始字符串: SysReq
[QTranslate] 原始字符串: Home
[QTranslate] 原始字符串: End
[QTranslate] 原始字符串: Left
[QTranslate] 原始字符串: Up
[QString::FromUtf8] 原始字符串: Alt+Shift+Up
[QString::FromUtf8] 原始字符串: Shift-Alt-Down
[QTranslate] 原始字符串: Ctrl
[QTranslate] 原始字符串: Shift
[QTranslate] 原始字符串: Alt
[QTranslate] 原始字符串: Meta
[QTranslate] 原始字符串: Num
[QTranslate] 原始字符串: Space
[QTranslate] 原始字符串: Esc
[QTranslate] 原始字符串: Tab
[QTranslate] 原始字符串: Backtab
[QTranslate] 原始字符串: Backspace
[QTranslate] 原始字符串: Return
[QTranslate] 原始字符串: Enter
[QTranslate] 原始字符串: Ins
[QTranslate] 原始字符串: Del
[QTranslate] 原始字符串: Pause
[QTranslate] 原始字符串: Print
[QTranslate] 原始字符串: SysReq
[QTranslate] 原始字符串: Home
[QTranslate] 原始字符串: End
[QTranslate] 原始字符串: Left
[QTranslate] 原始字符串: Up
[QTranslate] 原始字符串: Right
[QTranslate] 原始字符串: Down
[QString::FromUtf8] 原始字符串: Alt+Shift+Down
[QString::FromUtf8] 原始字符串: Space
[QTranslate] 原始字符串: Ctrl
[QTranslate] 原始字符串: Shift
[QTranslate] 原始字符串: Alt
[QTranslate] 原始字符串: Meta
[QTranslate] 原始字符串: Num
[QTranslate] 原始字符串: Space
[QString::FromUtf8] 原始字符串: Space
[QString::FromUtf8] 原始字符串: C
[QTranslate] 原始字符串: Ctrl
[QTranslate] 原始字符串: Shift
[QTranslate] 原始字符串: Alt
[QTranslate] 原始字符串: Meta
[QTranslate] 原始字符串: Num
[QString::FromUtf8] 原始字符串: C
[QString::FromUtf8] 原始字符串: D
[QTranslate] 原始字符串: Ctrl
[QTranslate] 原始字符串: Shift
[QTranslate] 原始字符串: Alt
[QTranslate] 原始字符串: Meta
[QTranslate] 原始字符串: Num
[QString::FromUtf8] 原始字符串: D
[QString::FromUtf8] 原始字符串: A
[QTranslate] 原始字符串: Ctrl
[QTranslate] 原始字符串: Shift
[QTranslate] 原始字符串: Alt
[QTranslate] 原始字符串: Meta
[QTranslate] 原始字符串: Num
[QString::FromUtf8] 原始字符串: A
[QString::FromUtf8] 原始字符串: Numpad*
[QTranslate] 原始字符串: Ctrl
[QTranslate] 原始字符串: Shift
[QTranslate] 原始字符串: Alt
[QTranslate] 原始字符串: Meta
[QTranslate] 原始字符串: Num
[QString::FromUtf8] 原始字符串: Num+*
[QString::FromUtf8] 原始字符串: *
[QTranslate] 原始字符串: Ctrl
[QTranslate] 原始字符串: Shift
[QTranslate] 原始字符串: Alt
[QTranslate] 原始字符串: Meta
[QTranslate] 原始字符串: Num
[QString::FromUtf8] 原始字符串: *
[QString::FromUtf8] 原始字符串: U
[QTranslate] 原始字符串: Ctrl
[QTranslate] 原始字符串: Shift
[QTranslate] 原始字符串: Alt
[QTranslate] 原始字符串: Meta
[QTranslate] 原始字符串: Num
[QString::FromUtf8] 原始字符串: U
[QString::FromUtf8] 原始字符串: N
[QTranslate] 原始字符串: Ctrl
[QTranslate] 原始字符串: Shift
[QTranslate] 原始字符串: Alt
[QTranslate] 原始字符串: Meta
[QTranslate] 原始字符串: Num
[QString::FromUtf8] 原始字符串: N
[QString::FromUtf8] 原始字符串: P
[QTranslate] 原始字符串: Ctrl
[QTranslate] 原始字符串: Shift
[QTranslate] 原始字符串: Alt
[QTranslate] 原始字符串: Meta
[QTranslate] 原始字符串: Num
[QString::FromUtf8] 原始字符串: P
[QString::FromUtf8] 原始字符串: Alt-P
[QTranslate] 原始字符串: Ctrl
[QTranslate] 原始字符串: Shift
[QTranslate] 原始字符串: Alt
[QTranslate] 原始字符串: Meta
[QTranslate] 原始字符串: Num
[QString::FromUtf8] 原始字符串: Alt+P
[QString::FromUtf8] 原始字符串: Ctrl-K
[QTranslate] 原始字符串: Ctrl
[QTranslate] 原始字符串: Shift
[QTranslate] 原始字符串: Alt
[QTranslate] 原始字符串: Meta
[QTranslate] 原始字符串: Num
[QString::FromUtf8] 原始字符串: Ctrl+K
[QString::FromUtf8] 原始字符串: Y
[QTranslate] 原始字符串: Ctrl
[QTranslate] 原始字符串: Shift
[QTranslate] 原始字符串: Alt
[QTranslate] 原始字符串: Meta
[QTranslate] 原始字符串: Num
[QString::FromUtf8] 原始字符串: Y
[QString::FromUtf8] 原始字符串: :
[QTranslate] 原始字符串: Ctrl
[QTranslate] 原始字符串: Shift
[QTranslate] 原始字符串: Alt
[QTranslate] 原始字符串: Meta
[QTranslate] 原始字符串: Num
[QString::FromUtf8] 原始字符串: :
[QString::FromUtf8] 原始字符串: ;
[QTranslate] 原始字符串: Ctrl
[QTranslate] 原始字符串: Shift
[QTranslate] 原始字符串: Alt
[QTranslate] 原始字符串: Meta
[QTranslate] 原始字符串: Num
[QString::FromUtf8] 原始字符串: ;
[QString::FromUtf8] 原始字符串: ;
[QTranslate] 原始字符串: Ctrl
[QTranslate] 原始字符串: Shift
[QTranslate] 原始字符串: Alt
[QTranslate] 原始字符串: Meta
[QTranslate] 原始字符串: Num
[QString::FromUtf8] 原始字符串: ;
[QString::FromUtf8] 原始字符串: /
[QTranslate] 原始字符串: Ctrl
[QTranslate] 原始字符串: Shift
[QTranslate] 原始字符串: Alt
[QTranslate] 原始字符串: Meta
[QTranslate] 原始字符串: Num
[QString::FromUtf8] 原始字符串: /
[QString::FromUtf8] 原始字符串: Tab
[QTranslate] 原始字符串: Ctrl
[QTranslate] 原始字符串: Shift
[QTranslate] 原始字符串: Alt
[QTranslate] 原始字符串: Meta
[QTranslate] 原始字符串: Num
[QTranslate] 原始字符串: Space
[QTranslate] 原始字符串: Esc
[QTranslate] 原始字符串: Tab
[QString::FromUtf8] 原始字符串: Tab
[QString::FromUtf8] 原始字符串: Ctrl-E
[QTranslate] 原始字符串: Ctrl
[QTranslate] 原始字符串: Shift
[QTranslate] 原始字符串: Alt
[QTranslate] 原始字符串: Meta
[QTranslate] 原始字符串: Num
[QString::FromUtf8] 原始字符串: Ctrl+E
[QString::FromUtf8] 原始字符串: Ctrl-Space
[QTranslate] 原始字符串: Ctrl
[QTranslate] 原始字符串: Shift
[QTranslate] 原始字符串: Alt
[QTranslate] 原始字符串: Meta
[QTranslate] 原始字符串: Num
[QTranslate] 原始字符串: Space
[QString::FromUtf8] 原始字符串: Ctrl+Space
[QString::FromUtf8] 原始字符串: Ins
[QTranslate] 原始字符串: Ctrl
[QTranslate] 原始字符串: Shift
[QTranslate] 原始字符串: Alt
[QTranslate] 原始字符串: Meta
[QTranslate] 原始字符串: Num
[QTranslate] 原始字符串: Space
[QTranslate] 原始字符串: Esc
[QTranslate] 原始字符串: Tab
[QTranslate] 原始字符串: Backtab
[QTranslate] 原始字符串: Backspace
[QTranslate] 原始字符串: Return
[QTranslate] 原始字符串: Enter
[QTranslate] 原始字符串: Ins
[QString::FromUtf8] 原始字符串: Ins
[QString::FromUtf8] 原始字符串: Shift-Ins
[QTranslate] 原始字符串: Ctrl
[QTranslate] 原始字符串: Shift
[QTranslate] 原始字符串: Alt
[QTranslate] 原始字符串: Meta
[QTranslate] 原始字符串: Num
[QTranslate] 原始字符串: Space
[QTranslate] 原始字符串: Esc
[QTranslate] 原始字符串: Tab
[QTranslate] 原始字符串: Backtab
[QTranslate] 原始字符串: Backspace
[QTranslate] 原始字符串: Return
[QTranslate] 原始字符串: Enter
[QTranslate] 原始字符串: Ins
[QString::FromUtf8] 原始字符串: Shift+Ins
[QString::FromUtf8] 原始字符串: #
[QTranslate] 原始字符串: Ctrl
[QTranslate] 原始字符串: Shift
[QTranslate] 原始字符串: Alt
[QTranslate] 原始字符串: Meta
[QTranslate] 原始字符串: Num
[QString::FromUtf8] 原始字符串: #
[QString::FromUtf8] 原始字符串: Q
[QTranslate] 原始字符串: Ctrl
[QTranslate] 原始字符串: Shift
[QTranslate] 原始字符串: Alt
[QTranslate] 原始字符串: Meta
[QTranslate] 原始字符串: Num
[QString::FromUtf8] 原始字符串: Q
[QString::FromUtf8] 原始字符串: H
[QTranslate] 原始字符串: Ctrl
[QTranslate] 原始字符串: Shift
[QTranslate] 原始字符串: Alt
[QTranslate] 原始字符串: Meta
[QTranslate] 原始字符串: Num
[QString::FromUtf8] 原始字符串: H
[QString::FromUtf8] 原始字符串: B
[QTranslate] 原始字符串: Ctrl
[QTranslate] 原始字符串: Shift
[QTranslate] 原始字符串: Alt
[QTranslate] 原始字符串: Meta
[QTranslate] 原始字符串: Num
[QString::FromUtf8] 原始字符串: B
[QString::FromUtf8] 原始字符串: 0
[QTranslate] 原始字符串: Ctrl
[QTranslate] 原始字符串: Shift
[QTranslate] 原始字符串: Alt
[QTranslate] 原始字符串: Meta
[QTranslate] 原始字符串: Num
[QString::FromUtf8] 原始字符串: 0
[QString::FromUtf8] 原始字符串: R
[QTranslate] 原始字符串: Ctrl
[QTranslate] 原始字符串: Shift
[QTranslate] 原始字符串: Alt
[QTranslate] 原始字符串: Meta
[QTranslate] 原始字符串: Num
[QString::FromUtf8] 原始字符串: R
[QString::FromUtf8] 原始字符串: S
[QTranslate] 原始字符串: Ctrl
[QTranslate] 原始字符串: Shift
[QTranslate] 原始字符串: Alt
[QTranslate] 原始字符串: Meta
[QTranslate] 原始字符串: Num
[QString::FromUtf8] 原始字符串: S
[QString::FromUtf8] 原始字符串: O
[QTranslate] 原始字符串: Ctrl
[QTranslate] 原始字符串: Shift
[QTranslate] 原始字符串: Alt
[QTranslate] 原始字符串: Meta
[QTranslate] 原始字符串: Num
[QString::FromUtf8] 原始字符串: O
[QString::FromUtf8] 原始字符串: Alt-R
[QTranslate] 原始字符串: Ctrl
[QTranslate] 原始字符串: Shift
[QTranslate] 原始字符串: Alt
[QTranslate] 原始字符串: Meta
[QTranslate] 原始字符串: Num
[QString::FromUtf8] 原始字符串: Alt+R
[QString::FromUtf8] 原始字符串: Ctrl-R
[QTranslate] 原始字符串: Ctrl
[QTranslate] 原始字符串: Shift
[QTranslate] 原始字符串: Alt
[QTranslate] 原始字符串: Meta
[QTranslate] 原始字符串: Num
[QString::FromUtf8] 原始字符串: Ctrl+R
[QString::FromUtf8] 原始字符串: T
[QTranslate] 原始字符串: Ctrl
[QTranslate] 原始字符串: Shift
[QTranslate] 原始字符串: Alt
[QTranslate] 原始字符串: Meta
[QTranslate] 原始字符串: Num
[QString::FromUtf8] 原始字符串: T
[QString::FromUtf8] 原始字符串: K
[QTranslate] 原始字符串: Ctrl
[QTranslate] 原始字符串: Shift
[QTranslate] 原始字符串: Alt
[QTranslate] 原始字符串: Meta
[QTranslate] 原始字符串: Num
[QString::FromUtf8] 原始字符串: K
[QString::FromUtf8] 原始字符串: M
[QTranslate] 原始字符串: Ctrl
[QTranslate] 原始字符串: Shift
[QTranslate] 原始字符串: Alt
[QTranslate] 原始字符串: Meta
[QTranslate] 原始字符串: Num
[QString::FromUtf8] 原始字符串: M
[QString::FromUtf8] 原始字符串: _
[QTranslate] 原始字符串: Ctrl
[QTranslate] 原始字符串: Shift
[QTranslate] 原始字符串: Alt
[QTranslate] 原始字符串: Meta
[QTranslate] 原始字符串: Num
[QString::FromUtf8] 原始字符串: _
[QString::FromUtf8] 原始字符串: ~
[QTranslate] 原始字符串: Ctrl
[QTranslate] 原始字符串: Shift
[QTranslate] 原始字符串: Alt
[QTranslate] 原始字符串: Meta
[QTranslate] 原始字符串: Num
[QString::FromUtf8] 原始字符串: ~
[QString::FromUtf8] 原始字符串: Shift-F3
[QTranslate] 原始字符串: Ctrl
[QTranslate] 原始字符串: Shift
[QTranslate] 原始字符串: Alt
[QTranslate] 原始字符串: Meta
[QTranslate] 原始字符串: Num
[QString::FromUtf8] 原始字符串: Shift+F3
[QString::FromUtf8] 原始字符串: Shift-F4
[QTranslate] 原始字符串: Ctrl
[QTranslate] 原始字符串: Shift
[QTranslate] 原始字符串: Alt
[QTranslate] 原始字符串: Meta
[QTranslate] 原始字符串: Num
[QString::FromUtf8] 原始字符串: Shift+F4
[QString::FromUtf8] 原始字符串: Shift-F5
[QTranslate] 原始字符串: Ctrl
[QTranslate] 原始字符串: Shift
[QTranslate] 原始字符串: Alt
[QTranslate] 原始字符串: Meta
[QTranslate] 原始字符串: Num
[QString::FromUtf8] 原始字符串: Shift+F5
[QString::FromUtf8] 原始字符串: Shift-F7
[QTranslate] 原始字符串: Ctrl
[QTranslate] 原始字符串: Shift
[QTranslate] 原始字符串: Alt
[QTranslate] 原始字符串: Meta
[QTranslate] 原始字符串: Num
[QString::FromUtf8] 原始字符串: Shift+F7
[QString::FromUtf8] 原始字符串: Shift-F8
[QTranslate] 原始字符串: Ctrl
[QTranslate] 原始字符串: Shift
[QTranslate] 原始字符串: Alt
[QTranslate] 原始字符串: Meta
[QTranslate] 原始字符串: Num
[QString::FromUtf8] 原始字符串: Shift+F8
[QString::FromUtf8] 原始字符串: Shift-X
[QTranslate] 原始字符串: Ctrl
[QTranslate] 原始字符串: Shift
[QTranslate] 原始字符串: Alt
[QTranslate] 原始字符串: Meta
[QTranslate] 原始字符串: Num
[QString::FromUtf8] 原始字符串: Shift+X
[QString::FromUtf8] 原始字符串: Shift-F11
[QTranslate] 原始字符串: Ctrl
[QTranslate] 原始字符串: Shift
[QTranslate] 原始字符串: Alt
[QTranslate] 原始字符串: Meta
[QTranslate] 原始字符串: Num
[QString::FromUtf8] 原始字符串: Shift+F11
[QString::FromUtf8] 原始字符串: Shift-F12
[QTranslate] 原始字符串: Ctrl
[QTranslate] 原始字符串: Shift
[QTranslate] 原始字符串: Alt
[QTranslate] 原始字符串: Meta
[QTranslate] 原始字符串: Num
[QString::FromUtf8] 原始字符串: Shift+F12
[QString::FromUtf8] 原始字符串: Shift-F1
[QTranslate] 原始字符串: Ctrl
[QTranslate] 原始字符串: Shift
[QTranslate] 原始字符串: Alt
[QTranslate] 原始字符串: Meta
[QTranslate] 原始字符串: Num
[QString::FromUtf8] 原始字符串: Shift+F1
[QString::FromUtf8] 原始字符串: ?
[QTranslate] 原始字符串: Ctrl
[QTranslate] 原始字符串: Shift
[QTranslate] 原始字符串: Alt
[QTranslate] 原始字符串: Meta
[QTranslate] 原始字符串: Num
[QString::FromUtf8] 原始字符串: ?
[QString::FromUtf8] 原始字符串: F
[QTranslate] 原始字符串: Ctrl
[QTranslate] 原始字符串: Shift
[QTranslate] 原始字符串: Alt
[QTranslate] 原始字符串: Meta
[QTranslate] 原始字符串: Num
[QString::FromUtf8] 原始字符串: F
[QString::FromUtf8] 原始字符串: .
[QTranslate] 原始字符串: Ctrl
[QTranslate] 原始字符串: Shift
[QTranslate] 原始字符串: Alt
[QTranslate] 原始字符串: Meta
[QTranslate] 原始字符串: Num
[QString::FromUtf8] 原始字符串: .
[QString::FromUtf8] 原始字符串: Ctrl-.
[QTranslate] 原始字符串: Ctrl
[QTranslate] 原始字符串: Shift
[QTranslate] 原始字符串: Alt
[QTranslate] 原始字符串: Meta
[QTranslate] 原始字符串: Num
[QString::FromUtf8] 原始字符串: Ctrl+.
[QString::FromUtf8] 原始字符串: F1
[QString::FromUtf8] 原始字符串: Ctrl+O
[QString::FromUtf8] 原始字符串: Ctrl+F4
[QString::FromUtf8] 原始字符串: Ctrl+W
[QString::FromUtf8] 原始字符串: Ctrl+S
[QString::FromUtf8] 原始字符串: Shift-Ctrl-N
[QTranslate] 原始字符串: Ctrl
[QTranslate] 原始字符串: Shift
[QTranslate] 原始字符串: Alt
[QTranslate] 原始字符串: Meta
[QTranslate] 原始字符串: Num
[QString::FromUtf8] 原始字符串: Ctrl+Shift+N
[QString::FromUtf8] 原始字符串: Alt-X
[QTranslate] 原始字符串: Ctrl
[QTranslate] 原始字符串: Shift
[QTranslate] 原始字符串: Alt
[QTranslate] 原始字符串: Meta
[QTranslate] 原始字符串: Num
[QString::FromUtf8] 原始字符串: Alt+X
[QString::FromUtf8] 原始字符串: Ctrl+Shift+S
[QString::FromUtf8] 原始字符串: Del
[QString::FromUtf8] 原始字符串: Del
[QString::FromUtf8] 原始字符串: Ctrl+N
[QString::FromUtf8] 原始字符串: Del
[QString::FromUtf8] 原始字符串: U
[QTranslate] 原始字符串: Ctrl
[QTranslate] 原始字符串: Shift
[QTranslate] 原始字符串: Alt
[QTranslate] 原始字符串: Meta
[QTranslate] 原始字符串: Num
[QString::FromUtf8] 原始字符串: U
[QString::FromUtf8] 原始字符串: Ctrl+C
[QString::FromUtf8] 原始字符串: Ctrl+Ins
[QString::FromUtf8] 原始字符串: Ctrl+C
[QString::FromUtf8] 原始字符串: Ctrl+Ins
[QString::FromUtf8] 原始字符串: Ctrl+Z
[QString::FromUtf8] 原始字符串: Alt+Backspace
[QString::FromUtf8] 原始字符串: Ctrl+Y
[QString::FromUtf8] 原始字符串: Alt+Shift+Backspace
[QString::FromUtf8] 原始字符串: Ctrl+Shift+Z
[QString::FromUtf8] 原始字符串: Esc
[QTranslate] 原始字符串: Ctrl
[QTranslate] 原始字符串: Shift
[QTranslate] 原始字符串: Alt
[QTranslate] 原始字符串: Meta
[QTranslate] 原始字符串: Num
[QTranslate] 原始字符串: Space
[QTranslate] 原始字符串: Esc
[QString::FromUtf8] 原始字符串: Esc
[QString::FromUtf8] 原始字符串: Alt+Left
[QString::FromUtf8] 原始字符串: Backspace
[QString::FromUtf8] 原始字符串: Ctrl-Enter
[QTranslate] 原始字符串: Ctrl
[QTranslate] 原始字符串: Shift
[QTranslate] 原始字符串: Alt
[QTranslate] 原始字符串: Meta
[QTranslate] 原始字符串: Num
[QTranslate] 原始字符串: Space
[QTranslate] 原始字符串: Esc
[QTranslate] 原始字符串: Tab
[QTranslate] 原始字符串: Backtab
[QTranslate] 原始字符串: Backspace
[QTranslate] 原始字符串: Return
[QTranslate] 原始字符串: Enter
[QString::FromUtf8] 原始字符串: Ctrl+Enter
[QString::FromUtf8] 原始字符串: Alt+Right
[QString::FromUtf8] 原始字符串: Shift+Backspace
[QString::FromUtf8] 原始字符串: Ctrl+F
[QString::FromUtf8] 原始字符串: F3
[QString::FromUtf8] 原始字符串: Ctrl+G
[QString::FromUtf8] 原始字符串: Ctrl+F
[QString::FromUtf8] 原始字符串: F3
[QString::FromUtf8] 原始字符串: Ctrl+G
[QString::FromUtf8] 原始字符串: Ctrl-P
[QTranslate] 原始字符串: Ctrl
[QTranslate] 原始字符串: Shift
[QTranslate] 原始字符串: Alt
[QTranslate] 原始字符串: Meta
[QTranslate] 原始字符串: Num
[QString::FromUtf8] 原始字符串: Ctrl+P
[QString::FromUtf8] 原始字符串: Ctrl-0
[QTranslate] 原始字符串: Ctrl
[QTranslate] 原始字符串: Shift
[QTranslate] 原始字符串: Alt
[QTranslate] 原始字符串: Meta
[QTranslate] 原始字符串: Num
[QString::FromUtf8] 原始字符串: Ctrl+0
[QString::FromUtf8] 原始字符串: W
[QTranslate] 原始字符串: Ctrl
[QTranslate] 原始字符串: Shift
[QTranslate] 原始字符串: Alt
[QTranslate] 原始字符串: Meta
[QTranslate] 原始字符串: Num
[QString::FromUtf8] 原始字符串: W
[QString::FromUtf8] 原始字符串: Ctrl++
[QString::FromUtf8] 原始字符串: Ctrl+-
[QString::FromUtf8] 原始字符串: Ctrl+Tab
[QString::FromUtf8] 原始字符串: Ctrl+F6
[QString::FromUtf8] 原始字符串: Forward
[QString::FromUtf8] 原始字符串: Ctrl+Shift+Backtab
[QString::FromUtf8] 原始字符串: Ctrl+Shift+F6
[QString::FromUtf8] 原始字符串: Back
[QString::FromUtf8] 原始字符串: Alt-1
[QTranslate] 原始字符串: Ctrl
[QTranslate] 原始字符串: Shift
[QTranslate] 原始字符串: Alt
[QTranslate] 原始字符串: Meta
[QTranslate] 原始字符串: Num
[QString::FromUtf8] 原始字符串: Alt+1
[QString::FromUtf8] 原始字符串: Alt-2
[QTranslate] 原始字符串: Ctrl
[QTranslate] 原始字符串: Shift
[QTranslate] 原始字符串: Alt
[QTranslate] 原始字符串: Meta
[QTranslate] 原始字符串: Num
[QString::FromUtf8] 原始字符串: Alt+2
[QString::FromUtf8] 原始字符串: Alt-3
[QTranslate] 原始字符串: Ctrl
[QTranslate] 原始字符串: Shift
[QTranslate] 原始字符串: Alt
[QTranslate] 原始字符串: Meta
[QTranslate] 原始字符串: Num
[QString::FromUtf8] 原始字符串: Alt+3
[QString::FromUtf8] 原始字符串: Alt-4
[QTranslate] 原始字符串: Ctrl
[QTranslate] 原始字符串: Shift
[QTranslate] 原始字符串: Alt
[QTranslate] 原始字符串: Meta
[QTranslate] 原始字符串: Num
[QString::FromUtf8] 原始字符串: Alt+4
[QString::FromUtf8] 原始字符串: Alt-5
[QTranslate] 原始字符串: Ctrl
[QTranslate] 原始字符串: Shift
[QTranslate] 原始字符串: Alt
[QTranslate] 原始字符串: Meta
[QTranslate] 原始字符串: Num
[QString::FromUtf8] 原始字符串: Alt+5
[QString::FromUtf8] 原始字符串: Alt-6
[QTranslate] 原始字符串: Ctrl
[QTranslate] 原始字符串: Shift
[QTranslate] 原始字符串: Alt
[QTranslate] 原始字符串: Meta
[QTranslate] 原始字符串: Num
[QString::FromUtf8] 原始字符串: Alt+6
[QString::FromUtf8] 原始字符串: Alt-7
[QTranslate] 原始字符串: Ctrl
[QTranslate] 原始字符串: Shift
[QTranslate] 原始字符串: Alt
[QTranslate] 原始字符串: Meta
[QTranslate] 原始字符串: Num
[QString::FromUtf8] 原始字符串: Alt+7
[QString::FromUtf8] 原始字符串: Alt-8
[QTranslate] 原始字符串: Ctrl
[QTranslate] 原始字符串: Shift
[QTranslate] 原始字符串: Alt
[QTranslate] 原始字符串: Meta
[QTranslate] 原始字符串: Num
[QString::FromUtf8] 原始字符串: Alt+8
[QString::FromUtf8] 原始字符串: Alt-9
[QTranslate] 原始字符串: Ctrl
[QTranslate] 原始字符串: Shift
[QTranslate] 原始字符串: Alt
[QTranslate] 原始字符串: Meta
[QTranslate] 原始字符串: Num
[QString::FromUtf8] 原始字符串: Alt+9
[QString::FromUtf8] 原始字符串: Ctrl+-
[QString::FromUtf8] 原始字符串: Ctrl-=
[QTranslate] 原始字符串: Ctrl
[QTranslate] 原始字符串: Shift
[QTranslate] 原始字符串: Alt
[QTranslate] 原始字符串: Meta
[QTranslate] 原始字符串: Num
[QString::FromUtf8] 原始字符串: Ctrl+=
[QString::FromUtf8] 原始字符串: Ctrl++
[QString::FromUtf8] 原始字符串: Ctrl-0
[QTranslate] 原始字符串: Ctrl
[QTranslate] 原始字符串: Shift
[QTranslate] 原始字符串: Alt
[QTranslate] 原始字符串: Meta
[QTranslate] 原始字符串: Num
[QString::FromUtf8] 原始字符串: Ctrl+0
[QString::FromUtf8] 原始字符串: Ctrl+N
[QString::FromUtf8] 原始字符串: Ctrl+C
[QString::FromUtf8] 原始字符串: Ctrl+Ins
[QString::FromUtf8] 原始字符串: Del
[QString::FromUtf8] 原始字符串: Ctrl+F
[QString::FromUtf8] 原始字符串: Ctrl+F
[QString::FromUtf8] 原始字符串: Ctrl+F
[QString::FromUtf8] 原始字符串: Ctrl+N
[QString::FromUtf8] 原始字符串: Ctrl+C
[QString::FromUtf8] 原始字符串: Ctrl+Ins
[QString::FromUtf8] 原始字符串: Ctrl+V
[QString::FromUtf8] 原始字符串: Shift+Ins
[QString::FromUtf8] 原始字符串: Ctrl+X
[QString::FromUtf8] 原始字符串: Shift+Del
[QString::FromUtf8] 原始字符串: Del
[QString::FromUtf8] 原始字符串: Ctrl+A
[QString::FromUtf8] 原始字符串: Ctrl+A
[QString::FromUtf8] 原始字符串: Ctrl+Left
[QString::FromUtf8] 原始字符串: Ctrl+Shift+Left
[QString::FromUtf8] 原始字符串: Ctrl+Right
[QString::FromUtf8] 原始字符串: Ctrl+Shift+Right
[QString::FromUtf8] 原始字符串: Right
[QString::FromUtf8] 原始字符串: Shift+Right
[QString::FromUtf8] 原始字符串: Right
[QString::FromUtf8] 原始字符串: Shift+Right
[QString::FromUtf8] 原始字符串: Left
[QString::FromUtf8] 原始字符串: Shift+Left
[QString::FromUtf8] 原始字符串: Left
[QString::FromUtf8] 原始字符串: Shift+Left
[QString::FromUtf8] 原始字符串: Ctrl+Right
[QString::FromUtf8] 原始字符串: Ctrl+Shift+Right
[QString::FromUtf8] 原始字符串: Ctrl+Right
[QString::FromUtf8] 原始字符串: Ctrl+Shift+Right
[QString::FromUtf8] 原始字符串: Ctrl+Left
[QString::FromUtf8] 原始字符串: Ctrl+Shift+Left
[QString::FromUtf8] 原始字符串: Ctrl+Left
[QString::FromUtf8] 原始字符串: Ctrl+Shift+Left
[QString::FromUtf8] 原始字符串: Down
[QString::FromUtf8] 原始字符串: Shift+Down
[QString::FromUtf8] 原始字符串: Down
[QString::FromUtf8] 原始字符串: Shift+Down
[QString::FromUtf8] 原始字符串: Up
[QString::FromUtf8] 原始字符串: Shift+Up
[QString::FromUtf8] 原始字符串: Up
[QString::FromUtf8] 原始字符串: Shift+Up
[QString::FromUtf8] 原始字符串: PgDown
[QString::FromUtf8] 原始字符串: Shift+PgDown
[QString::FromUtf8] 原始字符串: PgDown
[QString::FromUtf8] 原始字符串: Shift+PgDown
[QString::FromUtf8] 原始字符串: PgUp
[QString::FromUtf8] 原始字符串: Shift+PgUp
[QString::FromUtf8] 原始字符串: PgUp
[QString::FromUtf8] 原始字符串: Shift+PgUp
[QString::FromUtf8] 原始字符串: Home
[QString::FromUtf8] 原始字符串: Shift+Home
[QString::FromUtf8] 原始字符串: End
[QString::FromUtf8] 原始字符串: Shift+End
[QString::FromUtf8] 原始字符串: Ctrl+F
[QString::FromUtf8] 原始字符串: F3
[QString::FromUtf8] 原始字符串: Ctrl+G
[QString::FromUtf8] 原始字符串: F11
[QString::FromUtf8] 原始字符串: Alt+Enter
[QString::FromUtf8] 原始字符串: F2
[QTranslate] 原始字符串: Ctrl
[QTranslate] 原始字符串: Shift
[QTranslate] 原始字符串: Alt
[QTranslate] 原始字符串: Meta
[QTranslate] 原始字符串: Num
[QString::FromUtf8] 原始字符串: F2
[QString::FromUtf8] 原始字符串: F7
[QTranslate] 原始字符串: Ctrl
[QTranslate] 原始字符串: Shift
[QTranslate] 原始字符串: Alt
[QTranslate] 原始字符串: Meta
[QTranslate] 原始字符串: Num
[QString::FromUtf8] 原始字符串: F7
[QString::FromUtf8] 原始字符串: F8
[QTranslate] 原始字符串: Ctrl
[QTranslate] 原始字符串: Shift
[QTranslate] 原始字符串: Alt
[QTranslate] 原始字符串: Meta
[QTranslate] 原始字符串: Num
[QString::FromUtf8] 原始字符串: F8
[QString::FromUtf8] 原始字符串: Ctrl-F7
[QTranslate] 原始字符串: Ctrl
[QTranslate] 原始字符串: Shift
[QTranslate] 原始字符串: Alt
[QTranslate] 原始字符串: Meta
[QTranslate] 原始字符串: Num
[QString::FromUtf8] 原始字符串: Ctrl+F7
[QString::FromUtf8] 原始字符串: F4
[QTranslate] 原始字符串: Ctrl
[QTranslate] 原始字符串: Shift
[QTranslate] 原始字符串: Alt
[QTranslate] 原始字符串: Meta
[QTranslate] 原始字符串: Num
[QString::FromUtf8] 原始字符串: F4
[QString::FromUtf8] 原始字符串: F9
[QTranslate] 原始字符串: Ctrl
[QTranslate] 原始字符串: Shift
[QTranslate] 原始字符串: Alt
[QTranslate] 原始字符串: Meta
[QTranslate] 原始字符串: Num
[QString::FromUtf8] 原始字符串: F9
[QString::FromUtf8] 原始字符串: F2
[QTranslate] 原始字符串: Ctrl
[QTranslate] 原始字符串: Shift
[QTranslate] 原始字符串: Alt
[QTranslate] 原始字符串: Meta
[QTranslate] 原始字符串: Num
[QString::FromUtf8] 原始字符串: F2
[QString::FromUtf8] 原始字符串: Esc
[QTranslate] 原始字符串: Ctrl
[QTranslate] 原始字符串: Shift
[QTranslate] 原始字符串: Alt
[QTranslate] 原始字符串: Meta
[QTranslate] 原始字符串: Num
[QTranslate] 原始字符串: Space
[QTranslate] 原始字符串: Esc
[QString::FromUtf8] 原始字符串: Esc
[QString::FromUtf8] 原始字符串: 1
[QTranslate] 原始字符串: Ctrl
[QTranslate] 原始字符串: Shift
[QTranslate] 原始字符串: Alt
[QTranslate] 原始字符串: Meta
[QTranslate] 原始字符串: Num
[QString::FromUtf8] 原始字符串: 1
[QString::FromUtf8] 原始字符串: 2
[QTranslate] 原始字符串: Ctrl
[QTranslate] 原始字符串: Shift
[QTranslate] 原始字符串: Alt
[QTranslate] 原始字符串: Meta
[QTranslate] 原始字符串: Num
[QString::FromUtf8] 原始字符串: 2
[QString::FromUtf8] 原始字符串: 4
[QTranslate] 原始字符串: Ctrl
[QTranslate] 原始字符串: Shift
[QTranslate] 原始字符串: Alt
[QTranslate] 原始字符串: Meta
[QTranslate] 原始字符串: Num
[QString::FromUtf8] 原始字符串: 4
[QString::FromUtf8] 原始字符串: 8
[QTranslate] 原始字符串: Ctrl
[QTranslate] 原始字符串: Shift
[QTranslate] 原始字符串: Alt
[QTranslate] 原始字符串: Meta
[QTranslate] 原始字符串: Num
[QString::FromUtf8] 原始字符串: 8
[QString::FromUtf8] 原始字符串: f
[QTranslate] 原始字符串: Ctrl
[QTranslate] 原始字符串: Shift
[QTranslate] 原始字符串: Alt
[QTranslate] 原始字符串: Meta
[QTranslate] 原始字符串: Num
[QString::FromUtf8] 原始字符串: F
[QString::FromUtf8] 原始字符串: d
[QTranslate] 原始字符串: Ctrl
[QTranslate] 原始字符串: Shift
[QTranslate] 原始字符串: Alt
[QTranslate] 原始字符串: Meta
[QTranslate] 原始字符串: Num
[QString::FromUtf8] 原始字符串: D
[QString::FromUtf8] 原始字符串: l
[QTranslate] 原始字符串: Ctrl
[QTranslate] 原始字符串: Shift
[QTranslate] 原始字符串: Alt
[QTranslate] 原始字符串: Meta
[QTranslate] 原始字符串: Num
[QString::FromUtf8] 原始字符串: L
[QString::FromUtf8] 原始字符串: h
[QTranslate] 原始字符串: Ctrl
[QTranslate] 原始字符串: Shift
[QTranslate] 原始字符串: Alt
[QTranslate] 原始字符串: Meta
[QTranslate] 原始字符串: Num
[QString::FromUtf8] 原始字符串: H
[QString::FromUtf8] 原始字符串: u
[QTranslate] 原始字符串: Ctrl
[QTranslate] 原始字符串: Shift
[QTranslate] 原始字符串: Alt
[QTranslate] 原始字符串: Meta
[QTranslate] 原始字符串: Num
[QString::FromUtf8] 原始字符串: U
[QString::FromUtf8] 原始字符串: s
[QTranslate] 原始字符串: Ctrl
[QTranslate] 原始字符串: Shift
[QTranslate] 原始字符串: Alt
[QTranslate] 原始字符串: Meta
[QTranslate] 原始字符串: Num
[QString::FromUtf8] 原始字符串: S
[QString::FromUtf8] 原始字符串: Ins
[QTranslate] 原始字符串: Ctrl
[QTranslate] 原始字符串: Shift
[QTranslate] 原始字符串: Alt
[QTranslate] 原始字符串: Meta
[QTranslate] 原始字符串: Num
[QTranslate] 原始字符串: Space
[QTranslate] 原始字符串: Esc
[QTranslate] 原始字符串: Tab
[QTranslate] 原始字符串: Backtab
[QTranslate] 原始字符串: Backspace
[QTranslate] 原始字符串: Return
[QTranslate] 原始字符串: Enter
[QTranslate] 原始字符串: Ins
[QString::FromUtf8] 原始字符串: Ins
[QString::FromUtf8] 原始字符串: Del
[QTranslate] 原始字符串: Ctrl
[QTranslate] 原始字符串: Shift
[QTranslate] 原始字符串: Alt
[QTranslate] 原始字符串: Meta
[QTranslate] 原始字符串: Num
[QTranslate] 原始字符串: Space
[QTranslate] 原始字符串: Esc
[QTranslate] 原始字符串: Tab
[QTranslate] 原始字符串: Backtab
[QTranslate] 原始字符串: Backspace
[QTranslate] 原始字符串: Return
[QTranslate] 原始字符串: Enter
[QTranslate] 原始字符串: Ins
[QTranslate] 原始字符串: Del
[QString::FromUtf8] 原始字符串: Del
[QString::FromUtf8] 原始字符串: Ctrl+e
[QTranslate] 原始字符串: Ctrl
[QTranslate] 原始字符串: Shift
[QTranslate] 原始字符串: Alt
[QTranslate] 原始字符串: Meta
[QTranslate] 原始字符串: Num
[QString::FromUtf8] 原始字符串: Ctrl+E
[QString::FromUtf8] 原始字符串: Ctrl+F
[QString::FromUtf8] 原始字符串: F3
[QString::FromUtf8] 原始字符串: Ctrl+G
[QString::FromUtf8] 原始字符串: Ctrl+F
[QString::FromUtf8] 原始字符串: e
[QTranslate] 原始字符串: Ctrl
[QTranslate] 原始字符串: Shift
[QTranslate] 原始字符串: Alt
[QTranslate] 原始字符串: Meta
[QTranslate] 原始字符串: Num
[QString::FromUtf8] 原始字符串: E
[QString::FromUtf8] 原始字符串: 0
[QTranslate] 原始字符串: Ctrl
[QTranslate] 原始字符串: Shift
[QTranslate] 原始字符串: Alt
[QTranslate] 原始字符串: Meta
[QTranslate] 原始字符串: Num
[QString::FromUtf8] 原始字符串: 0
[QString::FromUtf8] 原始字符串: Space
[QTranslate] 原始字符串: Ctrl
[QTranslate] 原始字符串: Shift
[QTranslate] 原始字符串: Alt
[QTranslate] 原始字符串: Meta
[QTranslate] 原始字符串: Num
[QTranslate] 原始字符串: Space
[QString::FromUtf8] 原始字符串: Space
[QString::FromUtf8] 原始字符串: +
[QTranslate] 原始字符串: Ctrl
[QTranslate] 原始字符串: Shift
[QTranslate] 原始字符串: Alt
[QTranslate] 原始字符串: Meta
[QTranslate] 原始字符串: Num
[QString::FromUtf8] 原始字符串: +
[QString::FromUtf8] 原始字符串: -
[QTranslate] 原始字符串: Ctrl
[QTranslate] 原始字符串: Shift
[QTranslate] 原始字符串: Alt
[QTranslate] 原始字符串: Meta
[QTranslate] 原始字符串: Num
[QString::FromUtf8] 原始字符串: -
[QString::FromUtf8] 原始字符串: Enter
[QTranslate] 原始字符串: Ctrl
[QTranslate] 原始字符串: Shift
[QTranslate] 原始字符串: Alt
[QTranslate] 原始字符串: Meta
[QTranslate] 原始字符串: Num
[QTranslate] 原始字符串: Space
[QTranslate] 原始字符串: Esc
[QTranslate] 原始字符串: Tab
[QTranslate] 原始字符串: Backtab
[QTranslate] 原始字符串: Backspace
[QTranslate] 原始字符串: Return
[QTranslate] 原始字符串: Enter
[QString::FromUtf8] 原始字符串: Enter
[QString::FromUtf8] 原始字符串: Tab
[QTranslate] 原始字符串: Ctrl
[QTranslate] 原始字符串: Shift
[QTranslate] 原始字符串: Alt
[QTranslate] 原始字符串: Meta
[QTranslate] 原始字符串: Num
[QTranslate] 原始字符串: Space
[QTranslate] 原始字符串: Esc
[QTranslate] 原始字符串: Tab
[QString::FromUtf8] 原始字符串: Tab
[QString::FromUtf8] 原始字符串: Backtab
[QTranslate] 原始字符串: Ctrl
[QTranslate] 原始字符串: Shift
[QTranslate] 原始字符串: Alt
[QTranslate] 原始字符串: Meta
[QTranslate] 原始字符串: Num
[QTranslate] 原始字符串: Space
[QTranslate] 原始字符串: Esc
[QTranslate] 原始字符串: Tab
[QTranslate] 原始字符串: Backtab
[QString::FromUtf8] 原始字符串: Backtab
[QString::FromUtf8] 原始字符串: 0
[QTranslate] 原始字符串: Ctrl
[QTranslate] 原始字符串: Shift
[QTranslate] 原始字符串: Alt
[QTranslate] 原始字符串: Meta
[QTranslate] 原始字符串: Num
[QString::FromUtf8] 原始字符串: 0
[QString::FromUtf8] 原始字符串: 0
[QTranslate] 原始字符串: Ctrl
[QTranslate] 原始字符串: Shift
[QTranslate] 原始字符串: Alt
[QTranslate] 原始字符串: Meta
[QTranslate] 原始字符串: Num
[QString::FromUtf8] 原始字符串: 0
[QString::FromUtf8] 原始字符串: Ctrl+F
[QString::FromUtf8] 原始字符串: Shift+Delete
[QTranslate] 原始字符串: Ctrl
[QTranslate] 原始字符串: Shift
[QTranslate] 原始字符串: Alt
[QTranslate] 原始字符串: Meta
[QTranslate] 原始字符串: Num
[QTranslate] 原始字符串: Space
[QTranslate] 原始字符串: Esc
[QTranslate] 原始字符串: Tab
[QTranslate] 原始字符串: Backtab
[QTranslate] 原始字符串: Backspace
[QTranslate] 原始字符串: Return
[QTranslate] 原始字符串: Enter
[QTranslate] 原始字符串: Ins
[QTranslate] 原始字符串: Del
[QTranslate] 原始字符串: Pause
[QTranslate] 原始字符串: Print
[QTranslate] 原始字符串: SysReq
[QTranslate] 原始字符串: Home
[QTranslate] 原始字符串: End
[QTranslate] 原始字符串: Left
[QTranslate] 原始字符串: Up
[QTranslate] 原始字符串: Right
[QTranslate] 原始字符串: Down
[QTranslate] 原始字符串: PgUp
[QTranslate] 原始字符串: PgDown
[QTranslate] 原始字符串: CapsLock
[QTranslate] 原始字符串: NumLock
[QTranslate] 原始字符串: ScrollLock
[QTranslate] 原始字符串: Menu
[QTranslate] 原始字符串: Help
[QTranslate] 精确匹配: 帮助
[QTranslate] 原始字符串: Back
[QTranslate] 原始字符串: Forward
[QTranslate] 原始字符串: Stop
[QTranslate] 原始字符串: Refresh
[QTranslate] 原始字符串: Volume Down
[QTranslate] 原始字符串: Volume Mute
[QTranslate] 原始字符串: Volume Up
[QTranslate] 原始字符串: Bass Boost
[QTranslate] 原始字符串: Bass Up
[QTranslate] 原始字符串: Bass Down
[QTranslate] 原始字符串: Treble Up
[QTranslate] 原始字符串: Treble Down
[QTranslate] 原始字符串: Media Play
[QTranslate] 原始字符串: Media Stop
[QTranslate] 原始字符串: Media Previous
[QTranslate] 原始字符串: Media Next
[QTranslate] 原始字符串: Media Record
[QTranslate] 原始字符串: Media Pause
[QTranslate] 原始字符串: Toggle Media Play/Pause
[QTranslate] 原始字符串: Home Page
[QTranslate] 原始字符串: Favorites
[QTranslate] 原始字符串: Search
[QTranslate] 原始字符串: Standby
[QTranslate] 原始字符串: Open URL
[QTranslate] 原始字符串: Launch Mail
[QTranslate] 原始字符串: Launch Media
[QTranslate] 原始字符串: Launch (0)
[QTranslate] 原始字符串: Launch (1)
[QTranslate] 原始字符串: Launch (2)
[QTranslate] 原始字符串: Launch (3)
[QTranslate] 原始字符串: Launch (4)
[QTranslate] 原始字符串: Launch (5)
[QTranslate] 原始字符串: Launch (6)
[QTranslate] 原始字符串: Launch (7)
[QTranslate] 原始字符串: Launch (8)
[QTranslate] 原始字符串: Launch (9)
[QTranslate] 原始字符串: Launch (A)
[QTranslate] 原始字符串: Launch (B)
[QTranslate] 原始字符串: Launch (C)
[QTranslate] 原始字符串: Launch (D)
[QTranslate] 原始字符串: Launch (E)
[QTranslate] 原始字符串: Launch (F)
[QTranslate] 原始字符串: Launch (G)
[QTranslate] 原始字符串: Launch (H)
[QTranslate] 原始字符串: Monitor Brightness Up
[QTranslate] 原始字符串: Monitor Brightness Down
[QTranslate] 原始字符串: Keyboard Light On/Off
[QTranslate] 原始字符串: Keyboard Brightness Up
[QTranslate] 原始字符串: Keyboard Brightness Down
[QTranslate] 原始字符串: Power Off
[QTranslate] 原始字符串: Wake Up
[QTranslate] 原始字符串: Eject
[QTranslate] 原始字符串: Screensaver
[QTranslate] 原始字符串: WWW
[QTranslate] 原始字符串: Sleep
[QTranslate] 原始字符串: LightBulb
[QTranslate] 原始字符串: Shop
[QTranslate] 原始字符串: History
[QTranslate] 原始字符串: Add Favorite
[QTranslate] 原始字符串: Hot Links
[QTranslate] 原始字符串: Adjust Brightness
[QTranslate] 原始字符串: Finance
[QTranslate] 原始字符串: Community
[QTranslate] 原始字符串: Media Rewind
[QTranslate] 原始字符串: Back Forward
[QTranslate] 原始字符串: Application Left
[QTranslate] 原始字符串: Application Right
[QTranslate] 原始字符串: Book
[QTranslate] 原始字符串: CD
[QTranslate] 原始字符串: Calculator
[QTranslate] 原始字符串: Calendar
[QTranslate] 原始字符串: Clear
[QTranslate] 原始字符串: Clear Grab
[QTranslate] 原始字符串: Close
[QTranslate] 原始字符串: Adjust contrast
[QTranslate] 原始字符串: Copy
[QTranslate] 原始字符串: Cut
[QTranslate] 原始字符串: Display
[QTranslate] 原始字符串: DOS
[QTranslate] 原始字符串: Documents
[QTranslate] 原始字符串: Spreadsheet
[QTranslate] 原始字符串: Browser
[QTranslate] 原始字符串: Game
[QTranslate] 原始字符串: Go
[QTranslate] 原始字符串: iTouch
[QTranslate] 原始字符串: Logoff
[QTranslate] 原始字符串: Market
[QTranslate] 原始字符串: Meeting
[QTranslate] 原始字符串: Memo
[QTranslate] 原始字符串: Keyboard Menu
[QTranslate] 原始字符串: Menu PB
[QTranslate] 原始字符串: My Sites
[QTranslate] 原始字符串: News
[QTranslate] 原始字符串: Home Office
[QTranslate] 原始字符串: Option
[QTranslate] 原始字符串: Paste
[QTranslate] 原始字符串: Phone
[QTranslate] 原始字符串: Reply
[QTranslate] 原始字符串: Reload
[QTranslate] 原始字符串: Rotate Windows
[QTranslate] 原始字符串: Rotation PB
[QTranslate] 原始字符串: Rotation KB
[QTranslate] 原始字符串: Save
[QTranslate] 原始字符串: Send
[QTranslate] 原始字符串: Spellchecker
[QTranslate] 原始字符串: Split Screen
[QTranslate] 原始字符串: Support
[QTranslate] 原始字符串: Task Panel
[QTranslate] 原始字符串: Terminal
[QTranslate] 原始字符串: To-do list
[QTranslate] 原始字符串: Tools
[QTranslate] 原始字符串: Travel
[QTranslate] 原始字符串: Video
[QTranslate] 原始字符串: Word Processor
[QTranslate] 原始字符串: XFer
[QTranslate] 原始字符串: Zoom In
[QTranslate] 原始字符串: Zoom Out
[QTranslate] 原始字符串: Away
[QTranslate] 原始字符串: Messenger
[QTranslate] 原始字符串: WebCam
[QTranslate] 原始字符串: Mail Forward
[QTranslate] 原始字符串: Pictures
[QTranslate] 原始字符串: Music
[QTranslate] 原始字符串: Battery
[QTranslate] 原始字符串: Bluetooth
[QTranslate] 原始字符串: Wireless
[QTranslate] 原始字符串: Ultra Wide Band
[QTranslate] 原始字符串: Media Fast Forward
[QTranslate] 原始字符串: Audio Repeat
[QTranslate] 原始字符串: Audio Random Play
[QTranslate] 原始字符串: Subtitle
[QTranslate] 原始字符串: Audio Cycle Track
[QTranslate] 原始字符串: Time
[QTranslate] 原始字符串: Hibernate
[QTranslate] 原始字符串: View
[QTranslate] 精确匹配: 视图
[QTranslate] 原始字符串: Top Menu
[QTranslate] 原始字符串: Power Down
[QTranslate] 原始字符串: Suspend
[QTranslate] 原始字符串: Microphone Mute
[QTranslate] 原始字符串: Red
[QTranslate] 原始字符串: Green
[QTranslate] 原始字符串: Yellow
[QTranslate] 原始字符串: Blue
[QTranslate] 原始字符串: Channel Up
[QTranslate] 原始字符串: Channel Down
[QTranslate] 原始字符串: Guide
[QTranslate] 原始字符串: Info
[QTranslate] 原始字符串: Settings
[QTranslate] 原始字符串: Microphone Volume Up
[QTranslate] 原始字符串: Microphone Volume Down
[QTranslate] 原始字符串: New
[QTranslate] 原始字符串: Open
[QTranslate] 原始字符串: Find
[QTranslate] 原始字符串: Undo
[QTranslate] 原始字符串: Redo
[QTranslate] 原始字符串: Print Screen
[QTranslate] 原始字符串: Page Up
[QTranslate] 原始字符串: Page Down
[QTranslate] 原始字符串: Caps Lock
[QTranslate] 原始字符串: Num Lock
[QTranslate] 原始字符串: Number Lock
[QTranslate] 原始字符串: Scroll Lock
[QTranslate] 原始字符串: Insert
[QTranslate] 原始字符串: Delete
[QString::FromUtf8] 原始字符串: Shift+Del
[QString::FromUtf8] 原始字符串: Ctrl+C
[QString::FromUtf8] 原始字符串: Ctrl+Ins
[QString::FromUtf8] 原始字符串: /
[QTranslate] 原始字符串: Ctrl
[QTranslate] 原始字符串: Shift
[QTranslate] 原始字符串: Alt
[QTranslate] 原始字符串: Meta
[QTranslate] 原始字符串: Num
[QString::FromUtf8] 原始字符串: /
[QString::FromUtf8] 原始字符串: F3
[QString::FromUtf8] 原始字符串: Ctrl+G
[QString::FromUtf8] 原始字符串: Escape
[QTranslate] 原始字符串: Ctrl
[QTranslate] 原始字符串: Shift
[QTranslate] 原始字符串: Alt
[QTranslate] 原始字符串: Meta
[QTranslate] 原始字符串: Num
[QTranslate] 原始字符串: Space
[QTranslate] 原始字符串: Esc
[QTranslate] 原始字符串: Tab
[QTranslate] 原始字符串: Backtab
[QTranslate] 原始字符串: Backspace
[QTranslate] 原始字符串: Return
[QTranslate] 原始字符串: Enter
[QTranslate] 原始字符串: Ins
[QTranslate] 原始字符串: Del
[QTranslate] 原始字符串: Pause
[QTranslate] 原始字符串: Print
[QTranslate] 原始字符串: SysReq
[QTranslate] 原始字符串: Home
[QTranslate] 原始字符串: End
[QTranslate] 原始字符串: Left
[QTranslate] 原始字符串: Up
[QTranslate] 原始字符串: Right
[QTranslate] 原始字符串: Down
[QTranslate] 原始字符串: PgUp
[QTranslate] 原始字符串: PgDown
[QTranslate] 原始字符串: CapsLock
[QTranslate] 原始字符串: NumLock
[QTranslate] 原始字符串: ScrollLock
[QTranslate] 原始字符串: Menu
[QTranslate] 原始字符串: Help
[QTranslate] 精确匹配: 帮助
[QTranslate] 原始字符串: Back
[QTranslate] 原始字符串: Forward
[QTranslate] 原始字符串: Stop
[QTranslate] 原始字符串: Refresh
[QTranslate] 原始字符串: Volume Down
[QTranslate] 原始字符串: Volume Mute
[QTranslate] 原始字符串: Volume Up
[QTranslate] 原始字符串: Bass Boost
[QTranslate] 原始字符串: Bass Up
[QTranslate] 原始字符串: Bass Down
[QTranslate] 原始字符串: Treble Up
[QTranslate] 原始字符串: Treble Down
[QTranslate] 原始字符串: Media Play
[QTranslate] 原始字符串: Media Stop
[QTranslate] 原始字符串: Media Previous
[QTranslate] 原始字符串: Media Next
[QTranslate] 原始字符串: Media Record
[QTranslate] 原始字符串: Media Pause
[QTranslate] 原始字符串: Toggle Media Play/Pause
[QTranslate] 原始字符串: Home Page
[QTranslate] 原始字符串: Favorites
[QTranslate] 原始字符串: Search
[QTranslate] 原始字符串: Standby
[QTranslate] 原始字符串: Open URL
[QTranslate] 原始字符串: Launch Mail
[QTranslate] 原始字符串: Launch Media
[QTranslate] 原始字符串: Launch (0)
[QTranslate] 原始字符串: Launch (1)
[QTranslate] 原始字符串: Launch (2)
[QTranslate] 原始字符串: Launch (3)
[QTranslate] 原始字符串: Launch (4)
[QTranslate] 原始字符串: Launch (5)
[QTranslate] 原始字符串: Launch (6)
[QTranslate] 原始字符串: Launch (7)
[QTranslate] 原始字符串: Launch (8)
[QTranslate] 原始字符串: Launch (9)
[QTranslate] 原始字符串: Launch (A)
[QTranslate] 原始字符串: Launch (B)
[QTranslate] 原始字符串: Launch (C)
[QTranslate] 原始字符串: Launch (D)
[QTranslate] 原始字符串: Launch (E)
[QTranslate] 原始字符串: Launch (F)
[QTranslate] 原始字符串: Launch (G)
[QTranslate] 原始字符串: Launch (H)
[QTranslate] 原始字符串: Monitor Brightness Up
[QTranslate] 原始字符串: Monitor Brightness Down
[QTranslate] 原始字符串: Keyboard Light On/Off
[QTranslate] 原始字符串: Keyboard Brightness Up
[QTranslate] 原始字符串: Keyboard Brightness Down
[QTranslate] 原始字符串: Power Off
[QTranslate] 原始字符串: Wake Up
[QTranslate] 原始字符串: Eject
[QTranslate] 原始字符串: Screensaver
[QTranslate] 原始字符串: WWW
[QTranslate] 原始字符串: Sleep
[QTranslate] 原始字符串: LightBulb
[QTranslate] 原始字符串: Shop
[QTranslate] 原始字符串: History
[QTranslate] 原始字符串: Add Favorite
[QTranslate] 原始字符串: Hot Links
[QTranslate] 原始字符串: Adjust Brightness
[QTranslate] 原始字符串: Finance
[QTranslate] 原始字符串: Community
[QTranslate] 原始字符串: Media Rewind
[QTranslate] 原始字符串: Back Forward
[QTranslate] 原始字符串: Application Left
[QTranslate] 原始字符串: Application Right
[QTranslate] 原始字符串: Book
[QTranslate] 原始字符串: CD
[QTranslate] 原始字符串: Calculator
[QTranslate] 原始字符串: Calendar
[QTranslate] 原始字符串: Clear
[QTranslate] 原始字符串: Clear Grab
[QTranslate] 原始字符串: Close
[QTranslate] 原始字符串: Adjust contrast
[QTranslate] 原始字符串: Copy
[QTranslate] 原始字符串: Cut
[QTranslate] 原始字符串: Display
[QTranslate] 原始字符串: DOS
[QTranslate] 原始字符串: Documents
[QTranslate] 原始字符串: Spreadsheet
[QTranslate] 原始字符串: Browser
[QTranslate] 原始字符串: Game
[QTranslate] 原始字符串: Go
[QTranslate] 原始字符串: iTouch
[QTranslate] 原始字符串: Logoff
[QTranslate] 原始字符串: Market
[QTranslate] 原始字符串: Meeting
[QTranslate] 原始字符串: Memo
[QTranslate] 原始字符串: Keyboard Menu
[QTranslate] 原始字符串: Menu PB
[QTranslate] 原始字符串: My Sites
[QTranslate] 原始字符串: News
[QTranslate] 原始字符串: Home Office
[QTranslate] 原始字符串: Option
[QTranslate] 原始字符串: Paste
[QTranslate] 原始字符串: Phone
[QTranslate] 原始字符串: Reply
[QTranslate] 原始字符串: Reload
[QTranslate] 原始字符串: Rotate Windows
[QTranslate] 原始字符串: Rotation PB
[QTranslate] 原始字符串: Rotation KB
[QTranslate] 原始字符串: Save
[QTranslate] 原始字符串: Send
[QTranslate] 原始字符串: Spellchecker
[QTranslate] 原始字符串: Split Screen
[QTranslate] 原始字符串: Support
[QTranslate] 原始字符串: Task Panel
[QTranslate] 原始字符串: Terminal
[QTranslate] 原始字符串: To-do list
[QTranslate] 原始字符串: Tools
[QTranslate] 原始字符串: Travel
[QTranslate] 原始字符串: Video
[QTranslate] 原始字符串: Word Processor
[QTranslate] 原始字符串: XFer
[QTranslate] 原始字符串: Zoom In
[QTranslate] 原始字符串: Zoom Out
[QTranslate] 原始字符串: Away
[QTranslate] 原始字符串: Messenger
[QTranslate] 原始字符串: WebCam
[QTranslate] 原始字符串: Mail Forward
[QTranslate] 原始字符串: Pictures
[QTranslate] 原始字符串: Music
[QTranslate] 原始字符串: Battery
[QTranslate] 原始字符串: Bluetooth
[QTranslate] 原始字符串: Wireless
[QTranslate] 原始字符串: Ultra Wide Band
[QTranslate] 原始字符串: Media Fast Forward
[QTranslate] 原始字符串: Audio Repeat
[QTranslate] 原始字符串: Audio Random Play
[QTranslate] 原始字符串: Subtitle
[QTranslate] 原始字符串: Audio Cycle Track
[QTranslate] 原始字符串: Time
[QTranslate] 原始字符串: Hibernate
[QTranslate] 原始字符串: View
[QTranslate] 精确匹配: 视图
[QTranslate] 原始字符串: Top Menu
[QTranslate] 原始字符串: Power Down
[QTranslate] 原始字符串: Suspend
[QTranslate] 原始字符串: Microphone Mute
[QTranslate] 原始字符串: Red
[QTranslate] 原始字符串: Green
[QTranslate] 原始字符串: Yellow
[QTranslate] 原始字符串: Blue
[QTranslate] 原始字符串: Channel Up
[QTranslate] 原始字符串: Channel Down
[QTranslate] 原始字符串: Guide
[QTranslate] 原始字符串: Info
[QTranslate] 原始字符串: Settings
[QTranslate] 原始字符串: Microphone Volume Up
[QTranslate] 原始字符串: Microphone Volume Down
[QTranslate] 原始字符串: New
[QTranslate] 原始字符串: Open
[QTranslate] 原始字符串: Find
[QTranslate] 原始字符串: Undo
[QTranslate] 原始字符串: Redo
[QTranslate] 原始字符串: Print Screen
[QTranslate] 原始字符串: Page Up
[QTranslate] 原始字符串: Page Down
[QTranslate] 原始字符串: Caps Lock
[QTranslate] 原始字符串: Num Lock
[QTranslate] 原始字符串: Number Lock
[QTranslate] 原始字符串: Scroll Lock
[QTranslate] 原始字符串: Insert
[QTranslate] 原始字符串: Delete
[QTranslate] 原始字符串: Escape
[QString::FromUtf8] 原始字符串: Esc
[QString::FromUtf8] 原始字符串: *.exe
[QString::FromUtf8] 原始字符串: PE Executables
[QString::FromUtf8] 原始字符串: EXE_WIN
[QString::FromUtf8] 原始字符串: *.dll
[QString::FromUtf8] 原始字符串: PE Dynamic Libraries
[QString::FromUtf8] 原始字符串: DLL_WIN
[QString::FromUtf8] 原始字符串: *.sys;*.vxd;*.386;*.drv
[QString::FromUtf8] 原始字符串: PE/LE/NE Device Drivers
[QString::FromUtf8] 原始字符串: DRV_WIN
[QString::FromUtf8] 原始字符串: *.obj
[QString::FromUtf8] 原始字符串: COFF/OMF Object Files
[QString::FromUtf8] 原始字符串: OBJ_WIN
[QString::FromUtf8] 原始字符串: *.lib
[QString::FromUtf8] 原始字符串: COFF/OMF Static Libraries
[QString::FromUtf8] 原始字符串: LIB_WIN
[QString::FromUtf8] 原始字符串: *.exe
[QString::FromUtf8] 原始字符串: MZ/LE/DJGPP-COFF/Watcom-W32RUN Executables
[QString::FromUtf8] 原始字符串: EXE_DOS
[QString::FromUtf8] 原始字符串: *.sys
[QString::FromUtf8] 原始字符串: .sys Device Drivers
[QString::FromUtf8] 原始字符串: DRV_DOS
[QString::FromUtf8] 原始字符串: *.obj
[QString::FromUtf8] 原始字符串: OMF Object Files
[QString::FromUtf8] 原始字符串: OBJ_DOS
[QString::FromUtf8] 原始字符串: *.lib
[QString::FromUtf8] 原始字符串: OMF Static Libraries
[QString::FromUtf8] 原始字符串: LIB_DOS
[QString::FromUtf8] 原始字符串: *.exp
[QString::FromUtf8] 原始字符串: .exp PharLap Protected Mode Executables
[QString::FromUtf8] 原始字符串: EXE_PHARLAP
[QString::FromUtf8] 原始字符串: *
[QString::FromUtf8] 原始字符串: ELF/COFF/A.OUT/QNX/SOM Executables
[QString::FromUtf8] 原始字符串: EXE_UNIX
[QString::FromUtf8] 原始字符串: *.so;*.so.*
[QString::FromUtf8] 原始字符串: ELF/COFF Dynamic Libraries
[QString::FromUtf8] 原始字符串: DLL_UNIX
[QString::FromUtf8] 原始字符串: *.o
[QString::FromUtf8] 原始字符串: ELF/COFF/SOM Object Files
[QString::FromUtf8] 原始字符串: OBJ_UNIX
[QString::FromUtf8] 原始字符串: *.a
[QString::FromUtf8] 原始字符串: ELF/COFF Static Libraries
[QString::FromUtf8] 原始字符串: LIB_UNIX
[QString::FromUtf8] 原始字符串: *.sl
[QString::FromUtf8] 原始字符串: .sl HP-UX SOM Dynamic Libraries
[QString::FromUtf8] 原始字符串: DLL_HPUX
[QString::FromUtf8] 原始字符串: *
[QString::FromUtf8] 原始字符串: Mac OS X Mach-O Executables
[QString::FromUtf8] 原始字符串: EXE_MACOSX
[QString::FromUtf8] 原始字符串: *.dylib
[QString::FromUtf8] 原始字符串: Mac OS X Mach-O Dynamic Libraries
[QString::FromUtf8] 原始字符串: DLL_MACOSX
[QString::FromUtf8] 原始字符串: *
[QString::FromUtf8] 原始字符串: Mac OS PEF Executables
[QString::FromUtf8] 原始字符串: EXE_MACOS
[QString::FromUtf8] 原始字符串: *.o
[QString::FromUtf8] 原始字符串: Mac OS X Mach-O Object Files
[QString::FromUtf8] 原始字符串: OBJ_MACOSX
[QString::FromUtf8] 原始字符串: *.a
[QString::FromUtf8] 原始字符串: Mac OS X Mach-O Static Libraries
[QString::FromUtf8] 原始字符串: LIB_MACOSX
[QString::FromUtf8] 原始字符串: *.cla*;*.cls
[QString::FromUtf8] 原始字符串: Java Class Files
[QString::FromUtf8] 原始字符串: CLASS_JAVA
[QString::FromUtf8] 原始字符串: *.jar;*.zip
[QString::FromUtf8] 原始字符串: .jar/.zip Java Archives
[QString::FromUtf8] 原始字符串: ZIP_JAVA
[QString::FromUtf8] 原始字符串: *.exe
[QString::FromUtf8] 原始字符串: .NET Executables
[QString::FromUtf8] 原始字符串: EXE_NET
[QString::FromUtf8] 原始字符串: *.dll
[QString::FromUtf8] 原始字符串: .NET Dynamic Libraries
[QString::FromUtf8] 原始字符串: DLL_NET
[QString::FromUtf8] 原始字符串: *.wasm
[QString::FromUtf8] 原始字符串: WebAssembly Modules
[QString::FromUtf8] 原始字符串: OBJ_WASM
[QString::FromUtf8] 原始字符串: *.exe
[QString::FromUtf8] 原始字符串: OS/2 LX Executables
[QString::FromUtf8] 原始字符串: EXE_OS2
[QString::FromUtf8] 原始字符串: *.nlm;*.lan;*.dsk
[QString::FromUtf8] 原始字符串: NetWare Loadable Modules
[QString::FromUtf8] 原始字符串: DRV_NETWARE
[QString::FromUtf8] 原始字符串: *
[QString::FromUtf8] 原始字符串: BeOS ELF/PEF Executables
[QString::FromUtf8] 原始字符串: EXE_BEOS
[QString::FromUtf8] 原始字符串: *
[QString::FromUtf8] 原始字符串: Amiga Hunk Files
[QString::FromUtf8] 原始字符串: AMIGA
[QString::FromUtf8] 原始字符串: *.geo
[QString::FromUtf8] 原始字符串: GeoWorks GEOS Files
[QString::FromUtf8] 原始字符串: GEOS
[QString::FromUtf8] 原始字符串: *
[QString::FromUtf8] 原始字符串: OS-9 Object Files
[QString::FromUtf8] 原始字符串: OS9
[QString::FromUtf8] 原始字符串: *.cmd
[QString::FromUtf8] 原始字符串: .cmd Motorola FLEX OS Executables
[QString::FromUtf8] 原始字符串: EXE_FLEX
[QString::FromUtf8] 原始字符串: *.sav
[QString::FromUtf8] 原始字符串: .sav PDP-11/RT-11 Executables
[QString::FromUtf8] 原始字符串: EXE_RT11
[QString::FromUtf8] 原始字符串: *.axf
[QString::FromUtf8] 原始字符串: .axf ARM Executables
[QString::FromUtf8] 原始字符串: EXE_ARM
[QString::FromUtf8] 原始字符串: *.o
[QString::FromUtf8] 原始字符串: ARM Object Files
[QString::FromUtf8] 原始字符串: OBJ_ARM
[QString::FromUtf8] 原始字符串: *.app
[QString::FromUtf8] 原始字符串: .app Symbian EPOC Executables
[QString::FromUtf8] 原始字符串: EXE_EPOC
[QString::FromUtf8] 原始字符串: *.sis
[QString::FromUtf8] 原始字符串: .sis Symbian EPOC Installation Files
[QString::FromUtf8] 原始字符串: SIS_EPOC
[QString::FromUtf8] 原始字符串: *.prc
[QString::FromUtf8] 原始字符串: .prc Palm Pilot Executables
[QString::FromUtf8] 原始字符串: EXE_PALM
[QString::FromUtf8] 原始字符串: *.xbe
[QString::FromUtf8] 原始字符串: .xbe Xbox Executables
[QString::FromUtf8] 原始字符串: EXE_XBOX
[QString::FromUtf8] 原始字符串: *.v64
[QString::FromUtf8] 原始字符串: .v64 Nintendo ROM Images
[QString::FromUtf8] 原始字符串: EXE_N64
[QString::FromUtf8] 原始字符串: *.bin
[QString::FromUtf8] 原始字符串: .bin Nintendo GameBoy ROM Images
[QString::FromUtf8] 原始字符串: ROM_NGB
[QString::FromUtf8] 原始字符串: *.bin
[QString::FromUtf8] 原始字符串: .bin Sony PlayStation BIOS Images
[QString::FromUtf8] 原始字符串: BIN_SPSX
[QString::FromUtf8] 原始字符串: *.psx
[QString::FromUtf8] 原始字符串: .psx Sony PlayStation Executables
[QString::FromUtf8] 原始字符串: EXE_SPSX
[QString::FromUtf8] 原始字符串: *.obj;*.o
[QString::FromUtf8] 原始字符串: Sony PlayStation Object Files
[QString::FromUtf8] 原始字符串: OBJ_SPSX
[QString::FromUtf8] 原始字符串: *.elf
[QString::FromUtf8] 原始字符串: .elf Sega Dreamcast ELF Executables
[QString::FromUtf8] 原始字符串: EXE_SDC
[QString::FromUtf8] 原始字符串: *.hex
[QString::FromUtf8] 原始字符串: .hex Intel/MOS Hexadecimal Files
[QString::FromUtf8] 原始字符串: INTEL_HEX
[QString::FromUtf8] 原始字符串: *.s19
[QString::FromUtf8] 原始字符串: .s19 Motorola S-record Hexadecimal Files
[QString::FromUtf8] 原始字符串: S19_HEX
[QString::FromUtf8] 原始字符串: *.obj
[QString::FromUtf8] 原始字符串: Intel OMF-386 Object Files
[QString::FromUtf8] 原始字符串: OBJ_INTEL
[QString::FromUtf8] 原始字符串: *.p
[QString::FromUtf8] 原始字符串: .p MAS Macro Assembler Code Files
[QString::FromUtf8] 原始字符串: MAS
[QString::FromUtf8] 原始字符串: *.sbn
[QString::FromUtf8] 原始字符串: .sbn Structured Binary Format Files
[QString::FromUtf8] 原始字符串: SBN
[QString::FromUtf8] 原始字符串: *.bin;*.raw
[QString::FromUtf8] 原始字符串: Binary/Raw Files
[QString::FromUtf8] 原始字符串: RAW_BIN
[QString::FromUtf8] 原始字符串: *.rom
[QString::FromUtf8] 原始字符串: ROM Images
[QString::FromUtf8] 原始字符串: ROM_BIN
[QString::FromUtf8] 原始字符串: *.dmp;*.dump;*.mdmp
[QString::FromUtf8] 原始字符串: Dump Files
[QString::FromUtf8] 原始字符串: DUMP_BIN
[QString::FromUtf8] 原始字符串: *
[QString::FromUtf8] 原始字符串: All Files
[QString::FromUtf8] 原始字符串: ALL
[QString::FromUtf8] 原始字符串: *.i64;*.id0
[QString::FromUtf8] 原始字符串: IDA Databases
[QString::FromUtf8] 原始字符串: IDB
[QString::FromUtf8] 原始字符串: Executable Files
[QString::FromUtf8] 原始字符串: EXE
[QString::FromUtf8] 原始字符串: Dynamic Libraries
[QString::FromUtf8] 原始字符串: DLL
[QString::FromUtf8] 原始字符串: Drivers
[QString::FromUtf8] 原始字符串: DRV
[QString::FromUtf8] 原始字符串: Object Files and Libraries
[QString::FromUtf8] 原始字符串: OBJLIB
[QString::FromUtf8] 原始字符串: Java Files
[QString::FromUtf8] 原始字符串: JAVA
[QString::FromUtf8] 原始字符串: .NET Files
[QString::FromUtf8] 原始字符串: NET
[QString::FromUtf8] 原始字符串: ARM Files
[QString::FromUtf8] 原始字符串: ARM
[QString::FromUtf8] 原始字符串: Symbian EPOC Files
[QString::FromUtf8] 原始字符串: EPOC
[QString::FromUtf8] 原始字符串: Sony PlayStation Files
[QString::FromUtf8] 原始字符串: SPSX
[QString::FromUtf8] 原始字符串: Hexadecimal Files
[QString::FromUtf8] 原始字符串: HEX
[QString::FromUtf8] 原始字符串: All known file extensions
[QString::FromUtf8] 原始字符串: KNOWN
[QString::FromUtf8] 原始字符串: Add breakpoint
[QString::FromUtf8] 原始字符串: Delete breakpoint
[QString::FromUtf8] 原始字符串: Enable breakpoint
[QString::FromUtf8] 原始字符串: Disable breakpoint
[QString::FromUtf8] 原始字符串: &Refresh
[QString::FromUtf8] 原始字符串: Hex display
[QString::FromUtf8] 原始字符串: Jump to...
[QString::FromUtf8] 原始字符串: Copy value
[QString::FromUtf8] 原始字符串: Copy location
[QString::FromUtf8] 原始字符串: Copy line
[QString::FromUtf8] 原始字符串: Copy content
[QString::FromUtf8] 原始字符串: &Add watch
[QString::FromUtf8] 原始字符串: Ins
[QTranslate] 原始字符串: Ctrl
[QTranslate] 原始字符串: Shift
[QTranslate] 原始字符串: Alt
[QTranslate] 原始字符串: Meta
[QTranslate] 原始字符串: Num
[QTranslate] 原始字符串: Space
[QTranslate] 原始字符串: Esc
[QTranslate] 原始字符串: Tab
[QTranslate] 原始字符串: Backtab
[QTranslate] 原始字符串: Backspace
[QTranslate] 原始字符串: Return
[QTranslate] 原始字符串: Enter
[QTranslate] 原始字符串: Ins
[QString::FromUtf8] 原始字符串: &Delete watch
[QString::FromUtf8] 原始字符串: Del
[QTranslate] 原始字符串: Ctrl
[QTranslate] 原始字符串: Shift
[QTranslate] 原始字符串: Alt
[QTranslate] 原始字符串: Meta
[QTranslate] 原始字符串: Num
[QTranslate] 原始字符串: Space
[QTranslate] 原始字符串: Esc
[QTranslate] 原始字符串: Tab
[QTranslate] 原始字符串: Backtab
[QTranslate] 原始字符串: Backspace
[QTranslate] 原始字符串: Return
[QTranslate] 原始字符串: Enter
[QTranslate] 原始字符串: Ins
[QTranslate] 原始字符串: Del
[QString::FromUtf8] 原始字符串: &Edit
[QString::FromUtf8] 精确匹配: 编辑(&E)
[QString::FromUtf8] 原始字符串: Ctrl+E
[QTranslate] 原始字符串: Ctrl
[QTranslate] 原始字符串: Shift
[QTranslate] 原始字符串: Alt
[QTranslate] 原始字符串: Meta
[QTranslate] 原始字符串: Num
[QString::FromUtf8] 原始字符串: Search...
[QString::FromUtf8] 原始字符串: Alt+T
[QTranslate] 原始字符串: Ctrl
[QTranslate] 原始字符串: Shift
[QTranslate] 原始字符串: Alt
[QTranslate] 原始字符串: Meta
[QTranslate] 原始字符串: Num
[QString::FromUtf8] 原始字符串: Search Again
[QString::FromUtf8] 原始字符串: Ctrl+T
[QTranslate] 原始字符串: Ctrl
[QTranslate] 原始字符串: Shift
[QTranslate] 原始字符串: Alt
[QTranslate] 原始字符串: Meta
[QTranslate] 原始字符串: Num
[QString::FromUtf8] 原始字符串: Edit...
[QString::FromUtf8] 原始字符串: F2
[QTranslate] 原始字符串: Ctrl
[QTranslate] 原始字符串: Shift
[QTranslate] 原始字符串: Alt
[QTranslate] 原始字符串: Meta
[QTranslate] 原始字符串: Num
[QString::FromUtf8] 原始字符串: Cancel changes
[QString::FromUtf8] 原始字符串: Esc
[QTranslate] 原始字符串: Ctrl
[QTranslate] 原始字符串: Shift
[QTranslate] 原始字符串: Alt
[QTranslate] 原始字符串: Meta
[QTranslate] 原始字符串: Num
[QTranslate] 原始字符串: Space
[QTranslate] 原始字符串: Esc
[QString::FromUtf8] 原始字符串: Jump to 
[QString::FromUtf8] 原始字符串: Jump to 
[QString::FromUtf8] 原始字符串: Follow in disassembly
[QString::FromUtf8] 原始字符串: Follow in hex dump
[QString::FromUtf8] 原始字符串: &1-byte Integer
[QString::FromUtf8] 原始字符串: 1
[QTranslate] 原始字符串: Ctrl
[QTranslate] 原始字符串: Shift
[QTranslate] 原始字符串: Alt
[QTranslate] 原始字符串: Meta
[QTranslate] 原始字符串: Num
[QString::FromUtf8] 原始字符串: &2-byte Integer
[QString::FromUtf8] 原始字符串: 2
[QTranslate] 原始字符串: Ctrl
[QTranslate] 原始字符串: Shift
[QTranslate] 原始字符串: Alt
[QTranslate] 原始字符串: Meta
[QTranslate] 原始字符串: Num
[QString::FromUtf8] 原始字符串: &4-byte Integer
[QString::FromUtf8] 原始字符串: 4
[QTranslate] 原始字符串: Ctrl
[QTranslate] 原始字符串: Shift
[QTranslate] 原始字符串: Alt
[QTranslate] 原始字符串: Meta
[QTranslate] 原始字符串: Num
[QString::FromUtf8] 原始字符串: &8-byte Integer
[QString::FromUtf8] 原始字符串: 8
[QTranslate] 原始字符串: Ctrl
[QTranslate] 原始字符串: Shift
[QTranslate] 原始字符串: Alt
[QTranslate] 原始字符串: Meta
[QTranslate] 原始字符串: Num
[QString::FromUtf8] 原始字符串: Single &Float (32-bit)
[QString::FromUtf8] 原始字符串: F
[QTranslate] 原始字符串: Ctrl
[QTranslate] 原始字符串: Shift
[QTranslate] 原始字符串: Alt
[QTranslate] 原始字符串: Meta
[QTranslate] 原始字符串: Num
[QString::FromUtf8] 原始字符串: &Double Float (64-bit)
[QString::FromUtf8] 原始字符串: D
[QTranslate] 原始字符串: Ctrl
[QTranslate] 原始字符串: Shift
[QTranslate] 原始字符串: Alt
[QTranslate] 原始字符串: Meta
[QTranslate] 原始字符串: Num
[QString::FromUtf8] 原始字符串: &Long Double (80-bit)
[QString::FromUtf8] 原始字符串: L
[QTranslate] 原始字符串: Ctrl
[QTranslate] 原始字符串: Shift
[QTranslate] 原始字符串: Alt
[QTranslate] 原始字符串: Meta
[QTranslate] 原始字符串: Num
[QString::FromUtf8] 原始字符串: Addresses with dereferencing
[QString::FromUtf8] 原始字符串: Addresses with names
[QString::FromUtf8] 原始字符串: Addresses with text
[QString::FromUtf8] 原始字符串: &Hexadecimal
[QString::FromUtf8] 原始字符串: H
[QTranslate] 原始字符串: Ctrl
[QTranslate] 原始字符串: Shift
[QTranslate] 原始字符串: Alt
[QTranslate] 原始字符串: Meta
[QTranslate] 原始字符串: Num
[QString::FromUtf8] 原始字符串: &Unsigned
[QString::FromUtf8] 原始字符串: U
[QTranslate] 原始字符串: Ctrl
[QTranslate] 原始字符串: Shift
[QTranslate] 原始字符串: Alt
[QTranslate] 原始字符串: Meta
[QTranslate] 原始字符串: Num
[QString::FromUtf8] 原始字符串: &Signed
[QString::FromUtf8] 原始字符串: S
[QTranslate] 原始字符串: Ctrl
[QTranslate] 原始字符串: Shift
[QTranslate] 原始字符串: Alt
[QTranslate] 原始字符串: Meta
[QTranslate] 原始字符串: Num
[QString::FromUtf8] 原始字符串: Auto
[QString::FromUtf8] 原始字符串: 1
[QString::FromUtf8] 原始字符串: 2
[QString::FromUtf8] 原始字符串: 4
[QString::FromUtf8] 原始字符串: 8
[QString::FromUtf8] 原始字符串: 16
[QString::FromUtf8] 原始字符串: 32
[QString::FromUtf8] 原始字符串: 64
[QString::FromUtf8] 原始字符串: Show
[QString::FromUtf8] 原始字符串: Add encoding...
[QString::FromUtf8] 原始字符串: Save &to file...
[QString::FromUtf8] 原始字符串: Copy to CLI
[QString::FromUtf8] 原始字符串: Ctrl+P
[QTranslate] 原始字符串: Ctrl
[QTranslate] 原始字符串: Shift
[QTranslate] 原始字符串: Alt
[QTranslate] 原始字符串: Meta
[QTranslate] 原始字符串: Num
[QString::FromUtf8] 原始字符串: &Execute
[QString::FromUtf8] 原始字符串: Enter
[QTranslate] 原始字符串: Ctrl
[QTranslate] 原始字符串: Shift
[QTranslate] 原始字符串: Alt
[QTranslate] 原始字符串: Meta
[QTranslate] 原始字符串: Num
[QTranslate] 原始字符串: Space
[QTranslate] 原始字符串: Esc
[QTranslate] 原始字符串: Tab
[QTranslate] 原始字符串: Backtab
[QTranslate] 原始字符串: Backspace
[QTranslate] 原始字符串: Return
[QTranslate] 原始字符串: Enter
[QTranslate] 原始字符串: Ctrl
[QTranslate] 原始字符串: Shift
[QTranslate] 原始字符串: Alt
[QTranslate] 原始字符串: Meta
[QTranslate] 原始字符串: Num
[QTranslate] 原始字符串: Space
[QTranslate] 原始字符串: Esc
[QTranslate] 原始字符串: Tab
[QTranslate] 原始字符串: Backtab
[QTranslate] 原始字符串: Backspace
[QTranslate] 原始字符串: Return
[QString::FromUtf8] 原始字符串: Comp&lete
[QString::FromUtf8] 原始字符串: Tab
[QTranslate] 原始字符串: Ctrl
[QTranslate] 原始字符串: Shift
[QTranslate] 原始字符串: Alt
[QTranslate] 原始字符串: Meta
[QTranslate] 原始字符串: Num
[QTranslate] 原始字符串: Space
[QTranslate] 原始字符串: Esc
[QTranslate] 原始字符串: Tab
[QString::FromUtf8] 原始字符串: Back complete
[QString::FromUtf8] 原始字符串: Backtab
[QTranslate] 原始字符串: Ctrl
[QTranslate] 原始字符串: Shift
[QTranslate] 原始字符串: Alt
[QTranslate] 原始字符串: Meta
[QTranslate] 原始字符串: Num
[QTranslate] 原始字符串: Space
[QTranslate] 原始字符串: Esc
[QTranslate] 原始字符串: Tab
[QTranslate] 原始字符串: Backtab
[QString::FromUtf8] 原始字符串: &Next CLI
[QString::FromUtf8] 原始字符串: Ctrl+Down
[QTranslate] 原始字符串: Ctrl
[QTranslate] 原始字符串: Shift
[QTranslate] 原始字符串: Alt
[QTranslate] 原始字符串: Meta
[QTranslate] 原始字符串: Num
[QTranslate] 原始字符串: Space
[QTranslate] 原始字符串: Esc
[QTranslate] 原始字符串: Tab
[QTranslate] 原始字符串: Backtab
[QTranslate] 原始字符串: Backspace
[QTranslate] 原始字符串: Return
[QTranslate] 原始字符串: Enter
[QTranslate] 原始字符串: Ins
[QTranslate] 原始字符串: Del
[QTranslate] 原始字符串: Pause
[QTranslate] 原始字符串: Print
[QTranslate] 原始字符串: SysReq
[QTranslate] 原始字符串: Home
[QTranslate] 原始字符串: End
[QTranslate] 原始字符串: Left
[QTranslate] 原始字符串: Up
[QTranslate] 原始字符串: Right
[QTranslate] 原始字符串: Down
[QString::FromUtf8] 原始字符串: &Previous CLI
[QString::FromUtf8] 原始字符串: Ctrl+Up
[QTranslate] 原始字符串: Ctrl
[QTranslate] 原始字符串: Shift
[QTranslate] 原始字符串: Alt
[QTranslate] 原始字符串: Meta
[QTranslate] 原始字符串: Num
[QTranslate] 原始字符串: Space
[QTranslate] 原始字符串: Esc
[QTranslate] 原始字符串: Tab
[QTranslate] 原始字符串: Backtab
[QTranslate] 原始字符串: Backspace
[QTranslate] 原始字符串: Return
[QTranslate] 原始字符串: Enter
[QTranslate] 原始字符串: Ins
[QTranslate] 原始字符串: Del
[QTranslate] 原始字符串: Pause
[QTranslate] 原始字符串: Print
[QTranslate] 原始字符串: SysReq
[QTranslate] 原始字符串: Home
[QTranslate] 原始字符串: End
[QTranslate] 原始字符串: Left
[QTranslate] 原始字符串: Up
[QString::FromUtf8] 原始字符串: Dump history
[QString::FromUtf8] 原始字符串: Quick &filter
[QString::FromUtf8] 原始字符串: Ctrl+F
[QTranslate] 原始字符串: Ctrl
[QTranslate] 原始字符串: Shift
[QTranslate] 原始字符串: Alt
[QTranslate] 原始字符串: Meta
[QTranslate] 原始字符串: Num
[QString::FromUtf8] 原始字符串: &Select all
[QString::FromUtf8] 原始字符串: &Deselect all
[QString::FromUtf8] 原始字符串: &Add missing fields
[QString::FromUtf8] 原始字符串: Fit whole program
[QString::FromUtf8] 原始字符串: 1 bytes
[QString::FromUtf8] 原始字符串: 4 bytes
[QString::FromUtf8] 原始字符串: 16 bytes
[QString::FromUtf8] 原始字符串: 64 bytes
[QString::FromUtf8] 原始字符串: 256 bytes
[QString::FromUtf8] 原始字符串: 1024 bytes
[QString::FromUtf8] 原始字符串: 4096 bytes
[QString::FromUtf8] 原始字符串: 16384 bytes
[QString::FromUtf8] 原始字符串: Zoom in
[QString::FromUtf8] 原始字符串: Zoom out
[QString::FromUtf8] 原始字符串: Refresh
[QString::FromUtf8] 原始字符串: Legend visible
[QString::FromUtf8] 原始字符串: Additional display visible
[QString::FromUtf8] 原始字符串: Edit exceptions
[QString::FromUtf8] 原始字符串: Reload exceptions
[QString::FromUtf8] 原始字符串: Set tab size
[QString::FromUtf8] 原始字符串: &File
[QString::FromUtf8] 精确匹配: 文件(&F)
[QString::FromUtf8] 原始字符串: File
[QString::FromUtf8] 原始字符串: &Load file
[QString::FromUtf8] 原始字符串: &Produce file
[QString::FromUtf8] 原始字符串: &Edit
[QString::FromUtf8] 精确匹配: 编辑(&E)
[QString::FromUtf8] 原始字符串: Live:Edit
[QString::FromUtf8] 原始字符串: Searc&h
[QString::FromUtf8] 精确匹配: 搜索(&H)
[QString::FromUtf8] 原始字符串: Live:Search
[QString::FromUtf8] 原始字符串: &Jump
[QString::FromUtf8] 精确匹配: 跳转(&J)
[QString::FromUtf8] 原始字符串: Live:Jump
[QString::FromUtf8] 原始字符串: &Edit
[QString::FromUtf8] 精确匹配: 编辑(&E)
[QString::FromUtf8] 原始字符串: Default:Edit
[QString::FromUtf8] 原始字符串: St&rings
[QString::FromUtf8] 原始字符串: Strings
[QString::FromUtf8] 原始字符串: &Operand type
[QString::FromUtf8] 原始字符串: &Offset
[QString::FromUtf8] 原始字符串: OpTypeOffset
[QString::FromUtf8] 原始字符串: &Number
[QString::FromUtf8] 原始字符串: OpTypeNumber
[QString::FromUtf8] 原始字符串: Co&mments
[QString::FromUtf8] 原始字符串: &Segments
[QString::FromUtf8] 原始字符串: S&tructs
[QString::FromUtf8] 原始字符串: &Functions
[QString::FromUtf8] 原始字符串: &Patch program
[QString::FromUtf8] 原始字符串: Ot&her
[QString::FromUtf8] 原始字符串: Plu&gins
[QString::FromUtf8] 原始字符串: Plugins
[QString::FromUtf8] 原始字符串: &Jump
[QString::FromUtf8] 精确匹配: 跳转(&J)
[QString::FromUtf8] 原始字符串: Default:Jump
[QString::FromUtf8] 原始字符串: Searc&h
[QString::FromUtf8] 精确匹配: 搜索(&H)
[QString::FromUtf8] 原始字符串: Default:Search
[QString::FromUtf8] 原始字符串: Lock highlight
[QString::FromUtf8] 原始字符串: LockHighlightMenu
[QString::FromUtf8] 原始字符串: &View
[QString::FromUtf8] 精确匹配: 视图(&V)
[QString::FromUtf8] 原始字符串: View
[QString::FromUtf8] 精确匹配: 视图
[QString::FromUtf8] 原始字符串: &Open subviews
[QString::FromUtf8] 原始字符串: Subviews
[QString::FromUtf8] 原始字符串: Misc. tools
[QString::FromUtf8] 原始字符串: MiscTools
[QString::FromUtf8] 原始字符串: &Graphs
[QString::FromUtf8] 原始字符串: &Toolbars
[QString::FromUtf8] 原始字符串: Toolbars
[QString::FromUtf8] 原始字符串: Teams
[QString::FromUtf8] 原始字符串: Teams
[QString::FromUtf8] 原始字符串: DebuggerSelected
[QString::FromUtf8] 原始字符串: &Debugger windows
[QString::FromUtf8] 原始字符串: DebuggerWindows
[QString::FromUtf8] 原始字符串: &Breakpoints
[QString::FromUtf8] 原始字符串: &Watches
[QString::FromUtf8] 原始字符串: Tracin&g
[QString::FromUtf8] 原始字符串: DebuggerUnselected
[QString::FromUtf8] 原始字符串: DebuggerRunToAndAttach
[QString::FromUtf8] 原始字符串: &Run
[QString::FromUtf8] 原始字符串: DebuggerRunTo
[QString::FromUtf8] 原始字符串: &Attach
[QString::FromUtf8] 原始字符串: DebuggerAttach
[QString::FromUtf8] 原始字符串: Lumi&na
[QString::FromUtf8] 精确匹配: Lumina(&N)
[QString::FromUtf8] 原始字符串: Lumina
[QString::FromUtf8] 原始字符串: &Secondary server
[QString::FromUtf8] 原始字符串: &Options
[QString::FromUtf8] 精确匹配: 选项(&O)
[QString::FromUtf8] 原始字符串: Options
[QString::FromUtf8] 原始字符串: &Windows
[QString::FromUtf8] 精确匹配: 窗口(&W)
[QString::FromUtf8] 原始字符串: Windows
[QString::FromUtf8] 原始字符串: Help
[QString::FromUtf8] 精确匹配: 帮助
[QString::FromUtf8] 原始字符串: Help
[QString::FromUtf8] 精确匹配: 帮助
[QString::FromUtf8] 原始字符串: A&PI Documentation
[QString::FromUtf8] 原始字符串: APIDoc
[QString::FromUtf8] 原始字符串: &Edit
[QString::FromUtf8] 精确匹配: 编辑(&E)
[QString::FromUtf8] 原始字符串: Types_S:Edit
[QString::FromUtf8] 原始字符串: &Field type
[QString::FromUtf8] 原始字符串: Types_S:FieldType
[QString::FromUtf8] 原始字符串: &Offset
[QString::FromUtf8] 原始字符串: &Number
[QString::FromUtf8] 原始字符串: &Edit
[QString::FromUtf8] 精确匹配: 编辑(&E)
[QString::FromUtf8] 原始字符串: Types_E:Edit
[QString::FromUtf8] 原始字符串: &Edit
[QString::FromUtf8] 精确匹配: 编辑(&E)
[QString::FromUtf8] 原始字符串: Types_T:Edit
[QString::FromUtf8] 原始字符串: &Edit
[QString::FromUtf8] 精确匹配: 编辑(&E)
[QString::FromUtf8] 原始字符串: Types_F:Edit
[QString::FromUtf8] 原始字符串: &Jump
[QString::FromUtf8] 精确匹配: 跳转(&J)
[QString::FromUtf8] 原始字符串: Types_S:Jump
[QString::FromUtf8] 原始字符串: &Jump
[QString::FromUtf8] 精确匹配: 跳转(&J)
[QString::FromUtf8] 原始字符串: Types_E:Jump
[QString::FromUtf8] 原始字符串: &Jump
[QString::FromUtf8] 精确匹配: 跳转(&J)
[QString::FromUtf8] 原始字符串: Types_T:Jump
[QString::FromUtf8] 原始字符串: &Jump
[QString::FromUtf8] 精确匹配: 跳转(&J)
[QString::FromUtf8] 原始字符串: Types_F:Jump
[QString::FromUtf8] 原始字符串: Searc&h
[QString::FromUtf8] 精确匹配: 搜索(&H)
[QString::FromUtf8] 原始字符串: Types_S:Search
[QString::FromUtf8] 原始字符串: Searc&h
[QString::FromUtf8] 精确匹配: 搜索(&H)
[QString::FromUtf8] 原始字符串: Types_E:Search
[QString::FromUtf8] 原始字符串: Searc&h
[QString::FromUtf8] 精确匹配: 搜索(&H)
[QString::FromUtf8] 原始字符串: Types_T:Search
[QString::FromUtf8] 原始字符串: Searc&h
[QString::FromUtf8] 精确匹配: 搜索(&H)
[QString::FromUtf8] 原始字符串: Types_F:Search
[QString::FromUtf8] 原始字符串: &Edit
[QString::FromUtf8] 精确匹配: 编辑(&E)
[QString::FromUtf8] 原始字符串: TCpuRegs:Edit
[QString::FromUtf8] 原始字符串: &Jump
[QString::FromUtf8] 精确匹配: 跳转(&J)
[QString::FromUtf8] 原始字符串: TCpuRegs:Jump
[QString::FromUtf8] 原始字符串: &Edit
[QString::FromUtf8] 精确匹配: 编辑(&E)
[QString::FromUtf8] 原始字符串: Database notepad:Edit
[QString::FromUtf8] 原始字符串: &Edit
[QString::FromUtf8] 精确匹配: 编辑(&E)
[QString::FromUtf8] 原始字符串: Chooser:Edit
[QString::FromUtf8] 原始字符串: Searc&h
[QString::FromUtf8] 精确匹配: 搜索(&H)
[QString::FromUtf8] 原始字符串: Chooser:Search
[QString::FromUtf8] 原始字符串: &Edit
[QString::FromUtf8] 精确匹配: 编辑(&E)
[QString::FromUtf8] 原始字符串: Tree:Edit
[QString::FromUtf8] 原始字符串: Searc&h
[QString::FromUtf8] 精确匹配: 搜索(&H)
[QString::FromUtf8] 原始字符串: Tree:Search
[QString::FromUtf8] 原始字符串: &File
[QString::FromUtf8] 精确匹配: 文件(&F)
[QString::FromUtf8] 原始字符串: diffmerge:File
[QString::FromUtf8] 原始字符串: &Edit
[QString::FromUtf8] 精确匹配: 编辑(&E)
[QString::FromUtf8] 原始字符串: diffmerge:Edit
[QString::FromUtf8] 原始字符串: &Jump
[QString::FromUtf8] 精确匹配: 跳转(&J)
[QString::FromUtf8] 原始字符串: diffmerge:Jump
[QString::FromUtf8] 原始字符串: Default:Jump
[QString::FromUtf8] 原始字符串: Searc&h
[QString::FromUtf8] 精确匹配: 搜索(&H)
[QString::FromUtf8] 原始字符串: diffmerge:Search
[QString::FromUtf8] 原始字符串: Default:Search
[QString::FromUtf8] 原始字符串: &Windows
[QString::FromUtf8] 精确匹配: 窗口(&W)
[QString::FromUtf8] 原始字符串: diffmerge:Windows
[QString::FromUtf8] 原始字符串: Windows
[QString::FromUtf8] 原始字符串: &Help
[QString::FromUtf8] 精确匹配: 帮助(&H)
[QString::FromUtf8] 原始字符串: diffmerge:Help
[QString::FromUtf8] 原始字符串: Help
[QString::FromUtf8] 精确匹配: 帮助
[QString::FromUtf8] 原始字符串: APIDoc
[QString::FromUtf8] 原始字符串: Live:Edit
[QString::FromUtf8] 原始字符串: Live:Search
[QString::FromUtf8] 原始字符串: Live:Jump
[QString::FromUtf8] 原始字符串: File
[QString::FromUtf8] 原始字符串: Live:Edit
[QString::FromUtf8] 原始字符串: Live:Search
[QString::FromUtf8] 原始字符串: Live:Jump
[QString::FromUtf8] 原始字符串: Default:Edit
[QString::FromUtf8] 原始字符串: Default:Search
[QString::FromUtf8] 原始字符串: Default:Jump
[QString::FromUtf8] 原始字符串: Subviews
[QString::FromUtf8] 原始字符串: DebuggerWindows
[QString::FromUtf8] 原始字符串: DebuggerSelected
[QString::FromUtf8] 原始字符串: DebuggerUnselected
[QString::FromUtf8] 原始字符串: DebuggerRunToAndAttach
[QString::FromUtf8] 原始字符串: DebuggerRunTo
[QString::FromUtf8] 原始字符串: DebuggerAttach
[QString::FromUtf8] 原始字符串: Lumina
[QString::FromUtf8] 原始字符串: Plugins
[QString::FromUtf8] 原始字符串: Chooser:Edit
[QString::FromUtf8] 原始字符串: Chooser:Search
[QString::FromUtf8] 原始字符串: Tree:Edit
[QString::FromUtf8] 原始字符串: Tree:Search
[QString::FromUtf8] 原始字符串: Types_S:Edit
[QString::FromUtf8] 原始字符串: Types_E:Edit
[QString::FromUtf8] 原始字符串: Types_T:Edit
[QString::FromUtf8] 原始字符串: Types_F:Edit
[QString::FromUtf8] 原始字符串: Types_S:Jump
[QString::FromUtf8] 原始字符串: Types_E:Jump
[QString::FromUtf8] 原始字符串: Types_T:Jump
[QString::FromUtf8] 原始字符串: Types_F:Edit
[QString::FromUtf8] 原始字符串: Types_S:Search
[QString::FromUtf8] 原始字符串: Types_E:Search
[QString::FromUtf8] 原始字符串: Types_T:Search
[QString::FromUtf8] 原始字符串: Types_F:Edit
[QString::FromUtf8] 原始字符串: LockHighlightMenu
[QString::FromUtf8] 原始字符串: File
[QString::FromUtf8] 原始字符串: Types_S:Edit
[QString::FromUtf8] 原始字符串: Toolbars
[QString::FromUtf8] 原始字符串: Options
[QTranslate] 原始字符串: File
[QString::FromUtf8] 原始字符串: File
[QString::FromUtf8] 原始字符串: FileToolBar
[QTranslate] 原始字符串: Jump
[QString::FromUtf8] 原始字符串: Jump
[QString::FromUtf8] 原始字符串: JumpToolBar
[QTranslate] 原始字符串: Search
[QString::FromUtf8] 原始字符串: Search
[QString::FromUtf8] 原始字符串: SearchToolBar
[QString::FromUtf8] 原始字符串: LockHighlightMenu
[QTranslate] 原始字符串: Hide/Unhide
[QString::FromUtf8] 原始字符串: Hide/Unhide
[QString::FromUtf8] 原始字符串: HideToolBar
[QTranslate] 原始字符串: Analysis
[QString::FromUtf8] 原始字符串: Analysis
[QString::FromUtf8] 原始字符串: AnalysisToolBar
[QTranslate] 原始字符串: Views
[QString::FromUtf8] 原始字符串: Views
[QString::FromUtf8] 原始字符串: ViewsToolBar
[QTranslate] 原始字符串: Graph view
[QString::FromUtf8] 原始字符串: Graph view
[QString::FromUtf8] 原始字符串: GraphViewToolBar
[QTranslate] 原始字符串: Lists
[QString::FromUtf8] 原始字符串: Lists
[QString::FromUtf8] 原始字符串: ListsToolBar
[QTranslate] 原始字符串: Signatures/Types
[QString::FromUtf8] 原始字符串: Signatures/Types
[QString::FromUtf8] 原始字符串: SignTypesToolBar
[QTranslate] 原始字符串: Types
[QString::FromUtf8] 原始字符串: Types
[QString::FromUtf8] 原始字符串: TypesToolBar
[QTranslate] 原始字符串: Cross references
[QString::FromUtf8] 原始字符串: Cross references
[QString::FromUtf8] 原始字符串: CrossReferencesToolBar
[QTranslate] 原始字符串: Segments
[QString::FromUtf8] 原始字符串: Segments
[QString::FromUtf8] 原始字符串: SegmentsToolBar
[QTranslate] 原始字符串: Edit
[QString::FromUtf8] 原始字符串: Edit
[QString::FromUtf8] 原始字符串: EditToolBar
[QString::FromUtf8] 原始字符串: Strings
[QTranslate] 原始字符串: Operand type
[QString::FromUtf8] 原始字符串: Operand type
[QString::FromUtf8] 原始字符串: OperandTypeToolBar
[QString::FromUtf8] 原始字符串: OpTypeOffset
[QString::FromUtf8] 原始字符串: OpTypeNumber
[QTranslate] 原始字符串: Utilities
[QString::FromUtf8] 原始字符串: Utilities
[QString::FromUtf8] 原始字符串: UtilitiesToolBar
[QTranslate] 原始字符串: Functions
[QString::FromUtf8] 原始字符串: Functions
[QString::FromUtf8] 原始字符串: FunctionsToolBar
[QTranslate] 原始字符串: Local Types
[QString::FromUtf8] 原始字符串: Local Types
[QString::FromUtf8] 原始字符串: LocalTypesToolBar
[QTranslate] 原始字符串: Comments
[QString::FromUtf8] 原始字符串: Comments
[QString::FromUtf8] 原始字符串: CommentsToolBar
[QTranslate] 原始字符串: Debug
[QString::FromUtf8] 原始字符串: Debug
[QString::FromUtf8] 原始字符串: DebugToolBar
[QTranslate] 原始字符串: Debugger commands
[QString::FromUtf8] 原始字符串: Debugger commands
[QString::FromUtf8] 原始字符串: DbgCommandsToolBar
[QTranslate] 原始字符串: Breakpoints
[QString::FromUtf8] 原始字符串: Breakpoints
[QString::FromUtf8] 原始字符串: BreakpointsToolBar
[QTranslate] 原始字符串: Watches
[QString::FromUtf8] 原始字符串: Watches
[QString::FromUtf8] 原始字符串: WatchesToolBar
[QTranslate] 原始字符串: Tracing
[QString::FromUtf8] 原始字符串: Tracing
[QString::FromUtf8] 原始字符串: TracingToolBar
[QTranslate] 原始字符串: Merge
[QString::FromUtf8] 原始字符串: Merge
[QString::FromUtf8] 原始字符串: MergeToolBar
[QTranslate] 原始字符串: Diff
[QString::FromUtf8] 原始字符串: Diff
[QString::FromUtf8] 原始字符串: DiffToolBar
[QString::FromUtf8] 原始字符串: Alt-F5
[QTranslate] 原始字符串: Ctrl
[QTranslate] 原始字符串: Shift
[QTranslate] 原始字符串: Alt
[QTranslate] 原始字符串: Meta
[QTranslate] 原始字符串: Num
[QString::FromUtf8] 原始字符串: Alt+F5
[QString::FromUtf8] 原始字符串: Python
[QString::FromUtf8] 原始字符串: Enter any Python expression
[QString::FromUtf8] 原始字符串: Open IDA Feeds
[QString::FromUtf8] 原始字符串: IDA Feeds Plugin
[QString::FromUtf8] 原始字符串: Ctrl-Shift-F5
[QTranslate] 原始字符串: Ctrl
[QTranslate] 原始字符串: Shift
[QTranslate] 原始字符串: Alt
[QTranslate] 原始字符串: Meta
[QTranslate] 原始字符串: Num
[QString::FromUtf8] 原始字符串: Ctrl+Shift+F5
[QString::FromUtf8] 原始字符串: Alt+L
[QTranslate] 原始字符串: Ctrl
[QTranslate] 原始字符串: Shift
[QTranslate] 原始字符串: Alt
[QTranslate] 原始字符串: Meta
[QTranslate] 原始字符串: Num
[QString::FromUtf8] 原始字符串: Alt+B
[QTranslate] 原始字符串: Ctrl
[QTranslate] 原始字符串: Shift
[QTranslate] 原始字符串: Alt
[QTranslate] 原始字符串: Meta
[QTranslate] 原始字符串: Num
[QString::FromUtf8] 原始字符串: Alt+I
[QTranslate] 原始字符串: Ctrl
[QTranslate] 原始字符串: Shift
[QTranslate] 原始字符串: Alt
[QTranslate] 原始字符串: Meta
[QTranslate] 原始字符串: Num
[QString::FromUtf8] 原始字符串: Alt+T
[QTranslate] 原始字符串: Ctrl
[QTranslate] 原始字符串: Shift
[QTranslate] 原始字符串: Alt
[QTranslate] 原始字符串: Meta
[QTranslate] 原始字符串: Num
[QString::FromUtf8] 原始字符串: ~
[QTranslate] 原始字符串: Ctrl
[QTranslate] 原始字符串: Shift
[QTranslate] 原始字符串: Alt
[QTranslate] 原始字符串: Meta
[QTranslate] 原始字符串: Num
[QString::FromUtf8] 原始字符串: F2
[QTranslate] 原始字符串: Ctrl
[QTranslate] 原始字符串: Shift
[QTranslate] 原始字符串: Alt
[QTranslate] 原始字符串: Meta
[QTranslate] 原始字符串: Num
[QString::FromUtf8] 原始字符串: Ctrl+Alt+B
[QTranslate] 原始字符串: Ctrl
[QTranslate] 原始字符串: Shift
[QTranslate] 原始字符串: Alt
[QTranslate] 原始字符串: Meta
[QTranslate] 原始字符串: Num
[QString::FromUtf8] 原始字符串: Ctrl+Shift+F2
[QTranslate] 原始字符串: Ctrl
[QTranslate] 原始字符串: Shift
[QTranslate] 原始字符串: Alt
[QTranslate] 原始字符串: Meta
[QTranslate] 原始字符串: Num
[QString::FromUtf8] 原始字符串: ?
[QTranslate] 原始字符串: Ctrl
[QTranslate] 原始字符串: Shift
[QTranslate] 原始字符串: Alt
[QTranslate] 原始字符串: Meta
[QTranslate] 原始字符串: Num
[QString::FromUtf8] 原始字符串: Num+Clear
[QTranslate] 原始字符串: Ctrl
[QTranslate] 原始字符串: Shift
[QTranslate] 原始字符串: Alt
[QTranslate] 原始字符串: Meta
[QTranslate] 原始字符串: Num
[QTranslate] 原始字符串: Space
[QTranslate] 原始字符串: Esc
[QTranslate] 原始字符串: Tab
[QTranslate] 原始字符串: Backtab
[QTranslate] 原始字符串: Backspace
[QTranslate] 原始字符串: Return
[QTranslate] 原始字符串: Enter
[QTranslate] 原始字符串: Ins
[QTranslate] 原始字符串: Del
[QTranslate] 原始字符串: Pause
[QTranslate] 原始字符串: Print
[QTranslate] 原始字符串: SysReq
[QTranslate] 原始字符串: Home
[QTranslate] 原始字符串: End
[QTranslate] 原始字符串: Left
[QTranslate] 原始字符串: Up
[QTranslate] 原始字符串: Right
[QTranslate] 原始字符串: Down
[QTranslate] 原始字符串: PgUp
[QTranslate] 原始字符串: PgDown
[QTranslate] 原始字符串: CapsLock
[QTranslate] 原始字符串: NumLock
[QTranslate] 原始字符串: ScrollLock
[QTranslate] 原始字符串: Menu
[QTranslate] 原始字符串: Help
[QTranslate] 精确匹配: 帮助
[QTranslate] 原始字符串: Back
[QTranslate] 原始字符串: Forward
[QTranslate] 原始字符串: Stop
[QTranslate] 原始字符串: Refresh
[QTranslate] 原始字符串: Volume Down
[QTranslate] 原始字符串: Volume Mute
[QTranslate] 原始字符串: Volume Up
[QTranslate] 原始字符串: Bass Boost
[QTranslate] 原始字符串: Bass Up
[QTranslate] 原始字符串: Bass Down
[QTranslate] 原始字符串: Treble Up
[QTranslate] 原始字符串: Treble Down
[QTranslate] 原始字符串: Media Play
[QTranslate] 原始字符串: Media Stop
[QTranslate] 原始字符串: Media Previous
[QTranslate] 原始字符串: Media Next
[QTranslate] 原始字符串: Media Record
[QTranslate] 原始字符串: Media Pause
[QTranslate] 原始字符串: Toggle Media Play/Pause
[QTranslate] 原始字符串: Home Page
[QTranslate] 原始字符串: Favorites
[QTranslate] 原始字符串: Search
[QTranslate] 原始字符串: Standby
[QTranslate] 原始字符串: Open URL
[QTranslate] 原始字符串: Launch Mail
[QTranslate] 原始字符串: Launch Media
[QTranslate] 原始字符串: Launch (0)
[QTranslate] 原始字符串: Launch (1)
[QTranslate] 原始字符串: Launch (2)
[QTranslate] 原始字符串: Launch (3)
[QTranslate] 原始字符串: Launch (4)
[QTranslate] 原始字符串: Launch (5)
[QTranslate] 原始字符串: Launch (6)
[QTranslate] 原始字符串: Launch (7)
[QTranslate] 原始字符串: Launch (8)
[QTranslate] 原始字符串: Launch (9)
[QTranslate] 原始字符串: Launch (A)
[QTranslate] 原始字符串: Launch (B)
[QTranslate] 原始字符串: Launch (C)
[QTranslate] 原始字符串: Launch (D)
[QTranslate] 原始字符串: Launch (E)
[QTranslate] 原始字符串: Launch (F)
[QTranslate] 原始字符串: Launch (G)
[QTranslate] 原始字符串: Launch (H)
[QTranslate] 原始字符串: Monitor Brightness Up
[QTranslate] 原始字符串: Monitor Brightness Down
[QTranslate] 原始字符串: Keyboard Light On/Off
[QTranslate] 原始字符串: Keyboard Brightness Up
[QTranslate] 原始字符串: Keyboard Brightness Down
[QTranslate] 原始字符串: Power Off
[QTranslate] 原始字符串: Wake Up
[QTranslate] 原始字符串: Eject
[QTranslate] 原始字符串: Screensaver
[QTranslate] 原始字符串: WWW
[QTranslate] 原始字符串: Sleep
[QTranslate] 原始字符串: LightBulb
[QTranslate] 原始字符串: Shop
[QTranslate] 原始字符串: History
[QTranslate] 原始字符串: Add Favorite
[QTranslate] 原始字符串: Hot Links
[QTranslate] 原始字符串: Adjust Brightness
[QTranslate] 原始字符串: Finance
[QTranslate] 原始字符串: Community
[QTranslate] 原始字符串: Media Rewind
[QTranslate] 原始字符串: Back Forward
[QTranslate] 原始字符串: Application Left
[QTranslate] 原始字符串: Application Right
[QTranslate] 原始字符串: Book
[QTranslate] 原始字符串: CD
[QTranslate] 原始字符串: Calculator
[QTranslate] 原始字符串: Calendar
[QTranslate] 原始字符串: Clear
[QString::FromUtf8] 原始字符串: Clear
[QTranslate] 原始字符串: Ctrl
[QTranslate] 原始字符串: Shift
[QTranslate] 原始字符串: Alt
[QTranslate] 原始字符串: Meta
[QTranslate] 原始字符串: Num
[QTranslate] 原始字符串: Space
[QTranslate] 原始字符串: Esc
[QTranslate] 原始字符串: Tab
[QTranslate] 原始字符串: Backtab
[QTranslate] 原始字符串: Backspace
[QTranslate] 原始字符串: Return
[QTranslate] 原始字符串: Enter
[QTranslate] 原始字符串: Ins
[QTranslate] 原始字符串: Del
[QTranslate] 原始字符串: Pause
[QTranslate] 原始字符串: Print
[QTranslate] 原始字符串: SysReq
[QTranslate] 原始字符串: Home
[QTranslate] 原始字符串: End
[QTranslate] 原始字符串: Left
[QTranslate] 原始字符串: Up
[QTranslate] 原始字符串: Right
[QTranslate] 原始字符串: Down
[QTranslate] 原始字符串: PgUp
[QTranslate] 原始字符串: PgDown
[QTranslate] 原始字符串: CapsLock
[QTranslate] 原始字符串: NumLock
[QTranslate] 原始字符串: ScrollLock
[QTranslate] 原始字符串: Menu
[QTranslate] 原始字符串: Help
[QTranslate] 精确匹配: 帮助
[QTranslate] 原始字符串: Back
[QTranslate] 原始字符串: Forward
[QTranslate] 原始字符串: Stop
[QTranslate] 原始字符串: Refresh
[QTranslate] 原始字符串: Volume Down
[QTranslate] 原始字符串: Volume Mute
[QTranslate] 原始字符串: Volume Up
[QTranslate] 原始字符串: Bass Boost
[QTranslate] 原始字符串: Bass Up
[QTranslate] 原始字符串: Bass Down
[QTranslate] 原始字符串: Treble Up
[QTranslate] 原始字符串: Treble Down
[QTranslate] 原始字符串: Media Play
[QTranslate] 原始字符串: Media Stop
[QTranslate] 原始字符串: Media Previous
[QTranslate] 原始字符串: Media Next
[QTranslate] 原始字符串: Media Record
[QTranslate] 原始字符串: Media Pause
[QTranslate] 原始字符串: Toggle Media Play/Pause
[QTranslate] 原始字符串: Home Page
[QTranslate] 原始字符串: Favorites
[QTranslate] 原始字符串: Search
[QTranslate] 原始字符串: Standby
[QTranslate] 原始字符串: Open URL
[QTranslate] 原始字符串: Launch Mail
[QTranslate] 原始字符串: Launch Media
[QTranslate] 原始字符串: Launch (0)
[QTranslate] 原始字符串: Launch (1)
[QTranslate] 原始字符串: Launch (2)
[QTranslate] 原始字符串: Launch (3)
[QTranslate] 原始字符串: Launch (4)
[QTranslate] 原始字符串: Launch (5)
[QTranslate] 原始字符串: Launch (6)
[QTranslate] 原始字符串: Launch (7)
[QTranslate] 原始字符串: Launch (8)
[QTranslate] 原始字符串: Launch (9)
[QTranslate] 原始字符串: Launch (A)
[QTranslate] 原始字符串: Launch (B)
[QTranslate] 原始字符串: Launch (C)
[QTranslate] 原始字符串: Launch (D)
[QTranslate] 原始字符串: Launch (E)
[QTranslate] 原始字符串: Launch (F)
[QTranslate] 原始字符串: Launch (G)
[QTranslate] 原始字符串: Launch (H)
[QTranslate] 原始字符串: Monitor Brightness Up
[QTranslate] 原始字符串: Monitor Brightness Down
[QTranslate] 原始字符串: Keyboard Light On/Off
[QTranslate] 原始字符串: Keyboard Brightness Up
[QTranslate] 原始字符串: Keyboard Brightness Down
[QTranslate] 原始字符串: Power Off
[QTranslate] 原始字符串: Wake Up
[QTranslate] 原始字符串: Eject
[QTranslate] 原始字符串: Screensaver
[QTranslate] 原始字符串: WWW
[QTranslate] 原始字符串: Sleep
[QTranslate] 原始字符串: LightBulb
[QTranslate] 原始字符串: Shop
[QTranslate] 原始字符串: History
[QTranslate] 原始字符串: Add Favorite
[QTranslate] 原始字符串: Hot Links
[QTranslate] 原始字符串: Adjust Brightness
[QTranslate] 原始字符串: Finance
[QTranslate] 原始字符串: Community
[QTranslate] 原始字符串: Media Rewind
[QTranslate] 原始字符串: Back Forward
[QTranslate] 原始字符串: Application Left
[QTranslate] 原始字符串: Application Right
[QTranslate] 原始字符串: Book
[QTranslate] 原始字符串: CD
[QTranslate] 原始字符串: Calculator
[QTranslate] 原始字符串: Calendar
[QTranslate] 原始字符串: Clear
[QString::FromUtf8] 原始字符串: Ctrl+Shift+C
[QTranslate] 原始字符串: Ctrl
[QTranslate] 原始字符串: Shift
[QTranslate] 原始字符串: Alt
[QTranslate] 原始字符串: Meta
[QTranslate] 原始字符串: Num
[QString::FromUtf8] 原始字符串: _
[QTranslate] 原始字符串: Ctrl
[QTranslate] 原始字符串: Shift
[QTranslate] 原始字符串: Alt
[QTranslate] 原始字符串: Meta
[QTranslate] 原始字符串: Num
[QString::FromUtf8] 原始字符串: Alt+K
[QTranslate] 原始字符串: Ctrl
[QTranslate] 原始字符串: Shift
[QTranslate] 原始字符串: Alt
[QTranslate] 原始字符串: Meta
[QTranslate] 原始字符串: Num
[QString::FromUtf8] 原始字符串: Alt+F3
[QTranslate] 原始字符串: Ctrl
[QTranslate] 原始字符串: Shift
[QTranslate] 原始字符串: Alt
[QTranslate] 原始字符串: Meta
[QTranslate] 原始字符串: Num
[QString::FromUtf8] 原始字符串: Ctrl+Shift+P
[QTranslate] 原始字符串: Ctrl
[QTranslate] 原始字符串: Shift
[QTranslate] 原始字符串: Alt
[QTranslate] 原始字符串: Meta
[QTranslate] 原始字符串: Num
[QString::FromUtf8] 原始字符串: Ctrl+Alt+C
[QTranslate] 原始字符串: Ctrl
[QTranslate] 原始字符串: Shift
[QTranslate] 原始字符串: Alt
[QTranslate] 原始字符串: Meta
[QTranslate] 原始字符串: Num
[QString::FromUtf8] 原始字符串: Alt+Q
[QTranslate] 原始字符串: Ctrl
[QTranslate] 原始字符串: Shift
[QTranslate] 原始字符串: Alt
[QTranslate] 原始字符串: Meta
[QTranslate] 原始字符串: Num
[QString::FromUtf8] 原始字符串: Del
[QTranslate] 原始字符串: Ctrl
[QTranslate] 原始字符串: Shift
[QTranslate] 原始字符串: Alt
[QTranslate] 原始字符串: Meta
[QTranslate] 原始字符串: Num
[QTranslate] 原始字符串: Space
[QTranslate] 原始字符串: Esc
[QTranslate] 原始字符串: Tab
[QTranslate] 原始字符串: Backtab
[QTranslate] 原始字符串: Backspace
[QTranslate] 原始字符串: Return
[QTranslate] 原始字符串: Enter
[QTranslate] 原始字符串: Ins
[QTranslate] 原始字符串: Del
[QString::FromUtf8] 原始字符串: Ctrl+C
[QTranslate] 原始字符串: Ctrl
[QTranslate] 原始字符串: Shift
[QTranslate] 原始字符串: Alt
[QTranslate] 原始字符串: Meta
[QTranslate] 原始字符串: Num
[QString::FromUtf8] 原始字符串: Ctrl+Ins
[QTranslate] 原始字符串: Ctrl
[QTranslate] 原始字符串: Shift
[QTranslate] 原始字符串: Alt
[QTranslate] 原始字符串: Meta
[QTranslate] 原始字符串: Num
[QTranslate] 原始字符串: Space
[QTranslate] 原始字符串: Esc
[QTranslate] 原始字符串: Tab
[QTranslate] 原始字符串: Backtab
[QTranslate] 原始字符串: Backspace
[QTranslate] 原始字符串: Return
[QTranslate] 原始字符串: Enter
[QTranslate] 原始字符串: Ins
[QString::FromUtf8] 原始字符串: Alt+P
[QTranslate] 原始字符串: Ctrl
[QTranslate] 原始字符串: Shift
[QTranslate] 原始字符串: Alt
[QTranslate] 原始字符串: Meta
[QTranslate] 原始字符串: Num
[QString::FromUtf8] 原始字符串: Alt+S
[QTranslate] 原始字符串: Ctrl
[QTranslate] 原始字符串: Shift
[QTranslate] 原始字符串: Alt
[QTranslate] 原始字符串: Meta
[QTranslate] 原始字符串: Num
[QString::FromUtf8] 原始字符串: Alt+F7
[QTranslate] 原始字符串: Ctrl
[QTranslate] 原始字符串: Shift
[QTranslate] 原始字符串: Alt
[QTranslate] 原始字符串: Meta
[QTranslate] 原始字符串: Num
[QString::FromUtf8] 原始字符串: Shift+F2
[QTranslate] 原始字符串: Ctrl
[QTranslate] 原始字符串: Shift
[QTranslate] 原始字符串: Alt
[QTranslate] 原始字符串: Meta
[QTranslate] 原始字符串: Num
[QString::FromUtf8] 原始字符串: Shift+E
[QTranslate] 原始字符串: Ctrl
[QTranslate] 原始字符串: Shift
[QTranslate] 原始字符串: Alt
[QTranslate] 原始字符串: Meta
[QTranslate] 原始字符串: Num
[QString::FromUtf8] 原始字符串: .
[QTranslate] 原始字符串: Ctrl
[QTranslate] 原始字符串: Shift
[QTranslate] 原始字符串: Alt
[QTranslate] 原始字符串: Meta
[QTranslate] 原始字符串: Num
[QString::FromUtf8] 原始字符串: Ctrl+.
[QTranslate] 原始字符串: Ctrl
[QTranslate] 原始字符串: Shift
[QTranslate] 原始字符串: Alt
[QTranslate] 原始字符串: Meta
[QTranslate] 原始字符串: Num
[QString::FromUtf8] 原始字符串: F11
[QTranslate] 原始字符串: Ctrl
[QTranslate] 原始字符串: Shift
[QTranslate] 原始字符串: Alt
[QTranslate] 原始字符串: Meta
[QTranslate] 原始字符串: Num
[QString::FromUtf8] 原始字符串: E
[QTranslate] 原始字符串: Ctrl
[QTranslate] 原始字符串: Shift
[QTranslate] 原始字符串: Alt
[QTranslate] 原始字符串: Meta
[QTranslate] 原始字符串: Num
[QString::FromUtf8] 原始字符串: Num++
[QTranslate] 原始字符串: Ctrl
[QTranslate] 原始字符串: Shift
[QTranslate] 原始字符串: Alt
[QTranslate] 原始字符串: Meta
[QTranslate] 原始字符串: Num
[QString::FromUtf8] 原始字符串: +
[QTranslate] 原始字符串: Ctrl
[QTranslate] 原始字符串: Shift
[QTranslate] 原始字符串: Alt
[QTranslate] 原始字符串: Meta
[QTranslate] 原始字符串: Num
[QString::FromUtf8] 原始字符串: Num+-
[QTranslate] 原始字符串: Ctrl
[QTranslate] 原始字符串: Shift
[QTranslate] 原始字符串: Alt
[QTranslate] 原始字符串: Meta
[QTranslate] 原始字符串: Num
[QString::FromUtf8] 原始字符串: 1
[QTranslate] 原始字符串: Ctrl
[QTranslate] 原始字符串: Shift
[QTranslate] 原始字符串: Alt
[QTranslate] 原始字符串: Meta
[QTranslate] 原始字符串: Num
[QString::FromUtf8] 原始字符串: W
[QTranslate] 原始字符串: Ctrl
[QTranslate] 原始字符串: Shift
[QTranslate] 原始字符串: Alt
[QTranslate] 原始字符串: Meta
[QTranslate] 原始字符串: Num
[QString::FromUtf8] 原始字符串: Ctrl++
[QTranslate] 原始字符串: Ctrl
[QTranslate] 原始字符串: Shift
[QTranslate] 原始字符串: Alt
[QTranslate] 原始字符串: Meta
[QTranslate] 原始字符串: Num
[QString::FromUtf8] 原始字符串: Ctrl+Shift+Num++
[QTranslate] 原始字符串: Ctrl
[QTranslate] 原始字符串: Shift
[QTranslate] 原始字符串: Alt
[QTranslate] 原始字符串: Meta
[QTranslate] 原始字符串: Num
[QString::FromUtf8] 原始字符串: Ctrl+-
[QTranslate] 原始字符串: Ctrl
[QTranslate] 原始字符串: Shift
[QTranslate] 原始字符串: Alt
[QTranslate] 原始字符串: Meta
[QTranslate] 原始字符串: Num
[QString::FromUtf8] 原始字符串: Ctrl+Shift+Num+-
[QTranslate] 原始字符串: Ctrl
[QTranslate] 原始字符串: Shift
[QTranslate] 原始字符串: Alt
[QTranslate] 原始字符串: Meta
[QTranslate] 原始字符串: Num
[QString::FromUtf8] 原始字符串: Ctrl+Num+-
[QTranslate] 原始字符串: Ctrl
[QTranslate] 原始字符串: Shift
[QTranslate] 原始字符串: Alt
[QTranslate] 原始字符串: Meta
[QTranslate] 原始字符串: Num
[QString::FromUtf8] 原始字符串: G
[QTranslate] 原始字符串: Ctrl
[QTranslate] 原始字符串: Shift
[QTranslate] 原始字符串: Alt
[QTranslate] 原始字符串: Meta
[QTranslate] 原始字符串: Num
[QString::FromUtf8] 原始字符串: Ctrl+B
[QTranslate] 原始字符串: Ctrl
[QTranslate] 原始字符串: Shift
[QTranslate] 原始字符串: Alt
[QTranslate] 原始字符串: Meta
[QTranslate] 原始字符串: Num
[QString::FromUtf8] 原始字符串: Alt+C
[QTranslate] 原始字符串: Ctrl
[QTranslate] 原始字符串: Shift
[QTranslate] 原始字符串: Alt
[QTranslate] 原始字符串: Meta
[QTranslate] 原始字符串: Num
[QString::FromUtf8] 原始字符串: Ctrl+D
[QTranslate] 原始字符串: Ctrl
[QTranslate] 原始字符串: Shift
[QTranslate] 原始字符串: Alt
[QTranslate] 原始字符串: Meta
[QTranslate] 原始字符串: Num
[QString::FromUtf8] 原始字符串: Enter
[QTranslate] 原始字符串: Ctrl
[QTranslate] 原始字符串: Shift
[QTranslate] 原始字符串: Alt
[QTranslate] 原始字符串: Meta
[QTranslate] 原始字符串: Num
[QTranslate] 原始字符串: Space
[QTranslate] 原始字符串: Esc
[QTranslate] 原始字符串: Tab
[QTranslate] 原始字符串: Backtab
[QTranslate] 原始字符串: Backspace
[QTranslate] 原始字符串: Return
[QTranslate] 原始字符串: Enter
[QTranslate] 原始字符串: Ctrl
[QTranslate] 原始字符串: Shift
[QTranslate] 原始字符串: Alt
[QTranslate] 原始字符串: Meta
[QTranslate] 原始字符串: Num
[QTranslate] 原始字符串: Space
[QTranslate] 原始字符串: Esc
[QTranslate] 原始字符串: Tab
[QTranslate] 原始字符串: Backtab
[QTranslate] 原始字符串: Backspace
[QTranslate] 原始字符串: Return
[QString::FromUtf8] 原始字符串: Alt+Enter
[QTranslate] 原始字符串: Ctrl
[QTranslate] 原始字符串: Shift
[QTranslate] 原始字符串: Alt
[QTranslate] 原始字符串: Meta
[QTranslate] 原始字符串: Num
[QTranslate] 原始字符串: Space
[QTranslate] 原始字符串: Esc
[QTranslate] 原始字符串: Tab
[QTranslate] 原始字符串: Backtab
[QTranslate] 原始字符串: Backspace
[QTranslate] 原始字符串: Return
[QTranslate] 原始字符串: Enter
[QTranslate] 原始字符串: Ctrl
[QTranslate] 原始字符串: Shift
[QTranslate] 原始字符串: Alt
[QTranslate] 原始字符串: Meta
[QTranslate] 原始字符串: Num
[QTranslate] 原始字符串: Space
[QTranslate] 原始字符串: Esc
[QTranslate] 原始字符串: Tab
[QTranslate] 原始字符串: Backtab
[QTranslate] 原始字符串: Backspace
[QTranslate] 原始字符串: Return
[QString::FromUtf8] 原始字符串: Ctrl+E
[QTranslate] 原始字符串: Ctrl
[QTranslate] 原始字符串: Shift
[QTranslate] 原始字符串: Alt
[QTranslate] 原始字符串: Meta
[QTranslate] 原始字符串: Num
[QString::FromUtf8] 原始字符串: Ctrl+F
[QTranslate] 原始字符串: Ctrl
[QTranslate] 原始字符串: Shift
[QTranslate] 原始字符串: Alt
[QTranslate] 原始字符串: Meta
[QTranslate] 原始字符串: Num
[QString::FromUtf8] 原始字符串: Ctrl+A
[QTranslate] 原始字符串: Ctrl
[QTranslate] 原始字符串: Shift
[QTranslate] 原始字符串: Alt
[QTranslate] 原始字符串: Meta
[QTranslate] 原始字符串: Num
[QString::FromUtf8] 原始字符串: Ctrl+P
[QTranslate] 原始字符串: Ctrl
[QTranslate] 原始字符串: Shift
[QTranslate] 原始字符串: Alt
[QTranslate] 原始字符串: Meta
[QTranslate] 原始字符串: Num
[QString::FromUtf8] 原始字符串: Ctrl+Shift+Down
[QTranslate] 原始字符串: Ctrl
[QTranslate] 原始字符串: Shift
[QTranslate] 原始字符串: Alt
[QTranslate] 原始字符串: Meta
[QTranslate] 原始字符串: Num
[QTranslate] 原始字符串: Space
[QTranslate] 原始字符串: Esc
[QTranslate] 原始字符串: Tab
[QTranslate] 原始字符串: Backtab
[QTranslate] 原始字符串: Backspace
[QTranslate] 原始字符串: Return
[QTranslate] 原始字符串: Enter
[QTranslate] 原始字符串: Ins
[QTranslate] 原始字符串: Del
[QTranslate] 原始字符串: Pause
[QTranslate] 原始字符串: Print
[QTranslate] 原始字符串: SysReq
[QTranslate] 原始字符串: Home
[QTranslate] 原始字符串: End
[QTranslate] 原始字符串: Left
[QTranslate] 原始字符串: Up
[QTranslate] 原始字符串: Right
[QTranslate] 原始字符串: Down
[QString::FromUtf8] 原始字符串: Ctrl+Shift+Up
[QTranslate] 原始字符串: Ctrl
[QTranslate] 原始字符串: Shift
[QTranslate] 原始字符串: Alt
[QTranslate] 原始字符串: Meta
[QTranslate] 原始字符串: Num
[QTranslate] 原始字符串: Space
[QTranslate] 原始字符串: Esc
[QTranslate] 原始字符串: Tab
[QTranslate] 原始字符串: Backtab
[QTranslate] 原始字符串: Backspace
[QTranslate] 原始字符串: Return
[QTranslate] 原始字符串: Enter
[QTranslate] 原始字符串: Ins
[QTranslate] 原始字符串: Del
[QTranslate] 原始字符串: Pause
[QTranslate] 原始字符串: Print
[QTranslate] 原始字符串: SysReq
[QTranslate] 原始字符串: Home
[QTranslate] 原始字符串: End
[QTranslate] 原始字符串: Left
[QTranslate] 原始字符串: Up
[QString::FromUtf8] 原始字符串: Ctrl+I
[QTranslate] 原始字符串: Ctrl
[QTranslate] 原始字符串: Shift
[QTranslate] 原始字符串: Alt
[QTranslate] 原始字符串: Meta
[QTranslate] 原始字符串: Num
[QString::FromUtf8] 原始字符串: Ctrl+L
[QTranslate] 原始字符串: Ctrl
[QTranslate] 原始字符串: Shift
[QTranslate] 原始字符串: Alt
[QTranslate] 原始字符串: Meta
[QTranslate] 原始字符串: Num
[QString::FromUtf8] 原始字符串: X
[QTranslate] 原始字符串: Ctrl
[QTranslate] 原始字符串: Shift
[QTranslate] 原始字符串: Alt
[QTranslate] 原始字符串: Meta
[QTranslate] 原始字符串: Num
[QString::FromUtf8] 原始字符串: Ctrl+M
[QTranslate] 原始字符串: Ctrl
[QTranslate] 原始字符串: Shift
[QTranslate] 原始字符串: Alt
[QTranslate] 原始字符串: Meta
[QTranslate] 原始字符串: Num
[QString::FromUtf8] 原始字符串: Ctrl+Q
[QTranslate] 原始字符串: Ctrl
[QTranslate] 原始字符串: Shift
[QTranslate] 原始字符串: Alt
[QTranslate] 原始字符串: Meta
[QTranslate] 原始字符串: Num
[QString::FromUtf8] 原始字符串: Ctrl+S
[QTranslate] 原始字符串: Ctrl
[QTranslate] 原始字符串: Shift
[QTranslate] 原始字符串: Alt
[QTranslate] 原始字符串: Meta
[QTranslate] 原始字符串: Num
[QString::FromUtf8] 原始字符串: Ctrl+G
[QTranslate] 原始字符串: Ctrl
[QTranslate] 原始字符串: Shift
[QTranslate] 原始字符串: Alt
[QTranslate] 原始字符串: Meta
[QTranslate] 原始字符串: Num
[QString::FromUtf8] 原始字符串: Ctrl+V
[QTranslate] 原始字符串: Ctrl
[QTranslate] 原始字符串: Shift
[QTranslate] 原始字符串: Alt
[QTranslate] 原始字符串: Meta
[QTranslate] 原始字符串: Num
[QString::FromUtf8] 原始字符串: Ctrl+T
[QTranslate] 原始字符串: Ctrl
[QTranslate] 原始字符串: Shift
[QTranslate] 原始字符串: Alt
[QTranslate] 原始字符串: Meta
[QTranslate] 原始字符串: Num
[QString::FromUtf8] 原始字符串: Ctrl+U
[QTranslate] 原始字符串: Ctrl
[QTranslate] 原始字符串: Shift
[QTranslate] 原始字符串: Alt
[QTranslate] 原始字符串: Meta
[QTranslate] 原始字符串: Num
[QString::FromUtf8] 原始字符串: Ctrl+X
[QTranslate] 原始字符串: Ctrl
[QTranslate] 原始字符串: Shift
[QTranslate] 原始字符串: Alt
[QTranslate] 原始字符串: Meta
[QTranslate] 原始字符串: Num
[QString::FromUtf8] 原始字符串: Ctrl+J
[QTranslate] 原始字符串: Ctrl
[QTranslate] 原始字符串: Shift
[QTranslate] 原始字符串: Alt
[QTranslate] 原始字符串: Meta
[QTranslate] 原始字符串: Num
[QString::FromUtf8] 原始字符串: Ctrl+F9
[QTranslate] 原始字符串: Ctrl
[QTranslate] 原始字符串: Shift
[QTranslate] 原始字符串: Alt
[QTranslate] 原始字符串: Meta
[QTranslate] 原始字符串: Num
[QString::FromUtf8] 原始字符串: Ctrl+Alt+0
[QTranslate] 原始字符串: Ctrl
[QTranslate] 原始字符串: Shift
[QTranslate] 原始字符串: Alt
[QTranslate] 原始字符串: Meta
[QTranslate] 原始字符串: Num
[QString::FromUtf8] 原始字符串: Ctrl+Alt+1
[QTranslate] 原始字符串: Ctrl
[QTranslate] 原始字符串: Shift
[QTranslate] 原始字符串: Alt
[QTranslate] 原始字符串: Meta
[QTranslate] 原始字符串: Num
[QString::FromUtf8] 原始字符串: Ctrl+Alt+2
[QTranslate] 原始字符串: Ctrl
[QTranslate] 原始字符串: Shift
[QTranslate] 原始字符串: Alt
[QTranslate] 原始字符串: Meta
[QTranslate] 原始字符串: Num
[QString::FromUtf8] 原始字符串: Ctrl+Alt+3
[QTranslate] 原始字符串: Ctrl
[QTranslate] 原始字符串: Shift
[QTranslate] 原始字符串: Alt
[QTranslate] 原始字符串: Meta
[QTranslate] 原始字符串: Num
[QString::FromUtf8] 原始字符串: Ctrl+Alt+4
[QTranslate] 原始字符串: Ctrl
[QTranslate] 原始字符串: Shift
[QTranslate] 原始字符串: Alt
[QTranslate] 原始字符串: Meta
[QTranslate] 原始字符串: Num
[QString::FromUtf8] 原始字符串: Ctrl+Alt+5
[QTranslate] 原始字符串: Ctrl
[QTranslate] 原始字符串: Shift
[QTranslate] 原始字符串: Alt
[QTranslate] 原始字符串: Meta
[QTranslate] 原始字符串: Num
[QString::FromUtf8] 原始字符串: Ctrl+Alt+6
[QTranslate] 原始字符串: Ctrl
[QTranslate] 原始字符串: Shift
[QTranslate] 原始字符串: Alt
[QTranslate] 原始字符串: Meta
[QTranslate] 原始字符串: Num
[QString::FromUtf8] 原始字符串: Ctrl+Alt+7
[QTranslate] 原始字符串: Ctrl
[QTranslate] 原始字符串: Shift
[QTranslate] 原始字符串: Alt
[QTranslate] 原始字符串: Meta
[QTranslate] 原始字符串: Num
[QString::FromUtf8] 原始字符串: Ctrl+Alt+8
[QTranslate] 原始字符串: Ctrl
[QTranslate] 原始字符串: Shift
[QTranslate] 原始字符串: Alt
[QTranslate] 原始字符串: Meta
[QTranslate] 原始字符串: Num
[QString::FromUtf8] 原始字符串: L
[QTranslate] 原始字符串: Ctrl
[QTranslate] 原始字符串: Shift
[QTranslate] 原始字符串: Alt
[QTranslate] 原始字符串: Meta
[QTranslate] 原始字符串: Num
[QString::FromUtf8] 原始字符串: Num+*
[QTranslate] 原始字符串: Ctrl
[QTranslate] 原始字符串: Shift
[QTranslate] 原始字符串: Alt
[QTranslate] 原始字符串: Meta
[QTranslate] 原始字符串: Num
[QString::FromUtf8] 原始字符串: *
[QTranslate] 原始字符串: Ctrl
[QTranslate] 原始字符串: Shift
[QTranslate] 原始字符串: Alt
[QTranslate] 原始字符串: Meta
[QTranslate] 原始字符串: Num
[QString::FromUtf8] 原始字符串: A
[QTranslate] 原始字符串: Ctrl
[QTranslate] 原始字符串: Shift
[QTranslate] 原始字符串: Alt
[QTranslate] 原始字符串: Meta
[QTranslate] 原始字符串: Num
[QString::FromUtf8] 原始字符串: C
[QTranslate] 原始字符串: Ctrl
[QTranslate] 原始字符串: Shift
[QTranslate] 原始字符串: Alt
[QTranslate] 原始字符串: Meta
[QTranslate] 原始字符串: Num
[QString::FromUtf8] 原始字符串: :
[QTranslate] 原始字符串: Ctrl
[QTranslate] 原始字符串: Shift
[QTranslate] 原始字符串: Alt
[QTranslate] 原始字符串: Meta
[QTranslate] 原始字符串: Num
[QString::FromUtf8] 原始字符串: D
[QTranslate] 原始字符串: Ctrl
[QTranslate] 原始字符串: Shift
[QTranslate] 原始字符串: Alt
[QTranslate] 原始字符串: Meta
[QTranslate] 原始字符串: Num
[QString::FromUtf8] 原始字符串: Ins
[QTranslate] 原始字符串: Ctrl
[QTranslate] 原始字符串: Shift
[QTranslate] 原始字符串: Alt
[QTranslate] 原始字符串: Meta
[QTranslate] 原始字符串: Num
[QTranslate] 原始字符串: Space
[QTranslate] 原始字符串: Esc
[QTranslate] 原始字符串: Tab
[QTranslate] 原始字符串: Backtab
[QTranslate] 原始字符串: Backspace
[QTranslate] 原始字符串: Return
[QTranslate] 原始字符串: Enter
[QTranslate] 原始字符串: Ins
[QString::FromUtf8] 原始字符串: Shift+Ins
[QTranslate] 原始字符串: Ctrl
[QTranslate] 原始字符串: Shift
[QTranslate] 原始字符串: Alt
[QTranslate] 原始字符串: Meta
[QTranslate] 原始字符串: Num
[QTranslate] 原始字符串: Space
[QTranslate] 原始字符串: Esc
[QTranslate] 原始字符串: Tab
[QTranslate] 原始字符串: Backtab
[QTranslate] 原始字符串: Backspace
[QTranslate] 原始字符串: Return
[QTranslate] 原始字符串: Enter
[QTranslate] 原始字符串: Ins
[QString::FromUtf8] 原始字符串: P
[QTranslate] 原始字符串: Ctrl
[QTranslate] 原始字符串: Shift
[QTranslate] 原始字符串: Alt
[QTranslate] 原始字符串: Meta
[QTranslate] 原始字符串: Num
[QString::FromUtf8] 原始字符串: N
[QTranslate] 原始字符串: Ctrl
[QTranslate] 原始字符串: Shift
[QTranslate] 原始字符串: Alt
[QTranslate] 原始字符串: Meta
[QTranslate] 原始字符串: Num
[QString::FromUtf8] 原始字符串: ;
[QTranslate] 原始字符串: Ctrl
[QTranslate] 原始字符串: Shift
[QTranslate] 原始字符串: Alt
[QTranslate] 原始字符串: Meta
[QTranslate] 原始字符串: Num
[QString::FromUtf8] 原始字符串: U
[QTranslate] 原始字符串: Ctrl
[QTranslate] 原始字符串: Shift
[QTranslate] 原始字符串: Alt
[QTranslate] 原始字符串: Meta
[QTranslate] 原始字符串: Num
[QString::FromUtf8] 原始字符串: ;
[QTranslate] 原始字符串: Ctrl
[QTranslate] 原始字符串: Shift
[QTranslate] 原始字符串: Alt
[QTranslate] 原始字符串: Meta
[QTranslate] 原始字符串: Num
[QString::FromUtf8] 原始字符串: /
[QTranslate] 原始字符串: Ctrl
[QTranslate] 原始字符串: Shift
[QTranslate] 原始字符串: Alt
[QTranslate] 原始字符串: Meta
[QTranslate] 原始字符串: Num
[QString::FromUtf8] 原始字符串: Tab
[QTranslate] 原始字符串: Ctrl
[QTranslate] 原始字符串: Shift
[QTranslate] 原始字符串: Alt
[QTranslate] 原始字符串: Meta
[QTranslate] 原始字符串: Num
[QTranslate] 原始字符串: Space
[QTranslate] 原始字符串: Esc
[QTranslate] 原始字符串: Tab
[QString::FromUtf8] 原始字符串: Ins
[QTranslate] 原始字符串: Ctrl
[QTranslate] 原始字符串: Shift
[QTranslate] 原始字符串: Alt
[QTranslate] 原始字符串: Meta
[QTranslate] 原始字符串: Num
[QTranslate] 原始字符串: Space
[QTranslate] 原始字符串: Esc
[QTranslate] 原始字符串: Tab
[QTranslate] 原始字符串: Backtab
[QTranslate] 原始字符串: Backspace
[QTranslate] 原始字符串: Return
[QTranslate] 原始字符串: Enter
[QTranslate] 原始字符串: Ins
[QString::FromUtf8] 原始字符串: Del
[QTranslate] 原始字符串: Ctrl
[QTranslate] 原始字符串: Shift
[QTranslate] 原始字符串: Alt
[QTranslate] 原始字符串: Meta
[QTranslate] 原始字符串: Num
[QTranslate] 原始字符串: Space
[QTranslate] 原始字符串: Esc
[QTranslate] 原始字符串: Tab
[QTranslate] 原始字符串: Backtab
[QTranslate] 原始字符串: Backspace
[QTranslate] 原始字符串: Return
[QTranslate] 原始字符串: Enter
[QTranslate] 原始字符串: Ins
[QTranslate] 原始字符串: Del
[QString::FromUtf8] 原始字符串: U
[QTranslate] 原始字符串: Ctrl
[QTranslate] 原始字符串: Shift
[QTranslate] 原始字符串: Alt
[QTranslate] 原始字符串: Meta
[QTranslate] 原始字符串: Num
[QString::FromUtf8] 原始字符串: I
[QTranslate] 原始字符串: Ctrl
[QTranslate] 原始字符串: Shift
[QTranslate] 原始字符串: Alt
[QTranslate] 原始字符串: Meta
[QTranslate] 原始字符串: Num
[QString::FromUtf8] 原始字符串: L
[QTranslate] 原始字符串: Ctrl
[QTranslate] 原始字符串: Shift
[QTranslate] 原始字符串: Alt
[QTranslate] 原始字符串: Meta
[QTranslate] 原始字符串: Num
[QString::FromUtf8] 原始字符串: Ctrl+P
[QTranslate] 原始字符串: Ctrl
[QTranslate] 原始字符串: Shift
[QTranslate] 原始字符串: Alt
[QTranslate] 原始字符串: Meta
[QTranslate] 原始字符串: Num
[QString::FromUtf8] 原始字符串: Ctrl+E
[QTranslate] 原始字符串: Ctrl
[QTranslate] 原始字符串: Shift
[QTranslate] 原始字符串: Alt
[QTranslate] 原始字符串: Meta
[QTranslate] 原始字符串: Num
[QString::FromUtf8] 原始字符串: Ctrl+N
[QTranslate] 原始字符串: Ctrl
[QTranslate] 原始字符串: Shift
[QTranslate] 原始字符串: Alt
[QTranslate] 原始字符串: Meta
[QTranslate] 原始字符串: Num
[QString::FromUtf8] 原始字符串: Alt+F2
[QTranslate] 原始字符串: Ctrl
[QTranslate] 原始字符串: Shift
[QTranslate] 原始字符串: Alt
[QTranslate] 原始字符串: Meta
[QTranslate] 原始字符串: Num
[QString::FromUtf8] 原始字符串: Alt+F1
[QTranslate] 原始字符串: Ctrl
[QTranslate] 原始字符串: Shift
[QTranslate] 原始字符串: Alt
[QTranslate] 原始字符串: Meta
[QTranslate] 原始字符串: Num
[QString::FromUtf8] 原始字符串: Alt+M
[QTranslate] 原始字符串: Ctrl
[QTranslate] 原始字符串: Shift
[QTranslate] 原始字符串: Alt
[QTranslate] 原始字符串: Meta
[QTranslate] 原始字符串: Num
[QString::FromUtf8] 原始字符串: Ctrl+Down
[QTranslate] 原始字符串: Ctrl
[QTranslate] 原始字符串: Shift
[QTranslate] 原始字符串: Alt
[QTranslate] 原始字符串: Meta
[QTranslate] 原始字符串: Num
[QTranslate] 原始字符串: Space
[QTranslate] 原始字符串: Esc
[QTranslate] 原始字符串: Tab
[QTranslate] 原始字符串: Backtab
[QTranslate] 原始字符串: Backspace
[QTranslate] 原始字符串: Return
[QTranslate] 原始字符串: Enter
[QTranslate] 原始字符串: Ins
[QTranslate] 原始字符串: Del
[QTranslate] 原始字符串: Pause
[QTranslate] 原始字符串: Print
[QTranslate] 原始字符串: SysReq
[QTranslate] 原始字符串: Home
[QTranslate] 原始字符串: End
[QTranslate] 原始字符串: Left
[QTranslate] 原始字符串: Up
[QTranslate] 原始字符串: Right
[QTranslate] 原始字符串: Down
[QString::FromUtf8] 原始字符串: Ctrl+Up
[QTranslate] 原始字符串: Ctrl
[QTranslate] 原始字符串: Shift
[QTranslate] 原始字符串: Alt
[QTranslate] 原始字符串: Meta
[QTranslate] 原始字符串: Num
[QTranslate] 原始字符串: Space
[QTranslate] 原始字符串: Esc
[QTranslate] 原始字符串: Tab
[QTranslate] 原始字符串: Backtab
[QTranslate] 原始字符串: Backspace
[QTranslate] 原始字符串: Return
[QTranslate] 原始字符串: Enter
[QTranslate] 原始字符串: Ins
[QTranslate] 原始字符串: Del
[QTranslate] 原始字符串: Pause
[QTranslate] 原始字符串: Print
[QTranslate] 原始字符串: SysReq
[QTranslate] 原始字符串: Home
[QTranslate] 原始字符串: End
[QTranslate] 原始字符串: Left
[QTranslate] 原始字符串: Up
[QString::FromUtf8] 原始字符串: Ctrl+Down
[QTranslate] 原始字符串: Ctrl
[QTranslate] 原始字符串: Shift
[QTranslate] 原始字符串: Alt
[QTranslate] 原始字符串: Meta
[QTranslate] 原始字符串: Num
[QTranslate] 原始字符串: Space
[QTranslate] 原始字符串: Esc
[QTranslate] 原始字符串: Tab
[QTranslate] 原始字符串: Backtab
[QTranslate] 原始字符串: Backspace
[QTranslate] 原始字符串: Return
[QTranslate] 原始字符串: Enter
[QTranslate] 原始字符串: Ins
[QTranslate] 原始字符串: Del
[QTranslate] 原始字符串: Pause
[QTranslate] 原始字符串: Print
[QTranslate] 原始字符串: SysReq
[QTranslate] 原始字符串: Home
[QTranslate] 原始字符串: End
[QTranslate] 原始字符串: Left
[QTranslate] 原始字符串: Up
[QTranslate] 原始字符串: Right
[QTranslate] 原始字符串: Down
[QString::FromUtf8] 原始字符串: Ctrl+Up
[QTranslate] 原始字符串: Ctrl
[QTranslate] 原始字符串: Shift
[QTranslate] 原始字符串: Alt
[QTranslate] 原始字符串: Meta
[QTranslate] 原始字符串: Num
[QTranslate] 原始字符串: Space
[QTranslate] 原始字符串: Esc
[QTranslate] 原始字符串: Tab
[QTranslate] 原始字符串: Backtab
[QTranslate] 原始字符串: Backspace
[QTranslate] 原始字符串: Return
[QTranslate] 原始字符串: Enter
[QTranslate] 原始字符串: Ins
[QTranslate] 原始字符串: Del
[QTranslate] 原始字符串: Pause
[QTranslate] 原始字符串: Print
[QTranslate] 原始字符串: SysReq
[QTranslate] 原始字符串: Home
[QTranslate] 原始字符串: End
[QTranslate] 原始字符串: Left
[QTranslate] 原始字符串: Up
[QString::FromUtf8] 原始字符串: F6
[QTranslate] 原始字符串: Ctrl
[QTranslate] 原始字符串: Shift
[QTranslate] 原始字符串: Alt
[QTranslate] 原始字符串: Meta
[QTranslate] 原始字符串: Num
[QString::FromUtf8] 原始字符串: Alt+R
[QTranslate] 原始字符串: Ctrl
[QTranslate] 原始字符串: Shift
[QTranslate] 原始字符串: Alt
[QTranslate] 原始字符串: Meta
[QTranslate] 原始字符串: Num
[QString::FromUtf8] 原始字符串: B
[QTranslate] 原始字符串: Ctrl
[QTranslate] 原始字符串: Shift
[QTranslate] 原始字符串: Alt
[QTranslate] 原始字符串: Meta
[QTranslate] 原始字符串: Num
[QString::FromUtf8] 原始字符串: R
[QTranslate] 原始字符串: Ctrl
[QTranslate] 原始字符串: Shift
[QTranslate] 原始字符串: Alt
[QTranslate] 原始字符串: Meta
[QTranslate] 原始字符串: Num
[QString::FromUtf8] 原始字符串: H
[QTranslate] 原始字符串: Ctrl
[QTranslate] 原始字符串: Shift
[QTranslate] 原始字符串: Alt
[QTranslate] 原始字符串: Meta
[QTranslate] 原始字符串: Num
[QString::FromUtf8] 原始字符串: M
[QTranslate] 原始字符串: Ctrl
[QTranslate] 原始字符串: Shift
[QTranslate] 原始字符串: Alt
[QTranslate] 原始字符串: Meta
[QTranslate] 原始字符串: Num
[QString::FromUtf8] 原始字符串: Q
[QTranslate] 原始字符串: Ctrl
[QTranslate] 原始字符串: Shift
[QTranslate] 原始字符串: Alt
[QTranslate] 原始字符串: Meta
[QTranslate] 原始字符串: Num
[QString::FromUtf8] 原始字符串: #
[QTranslate] 原始字符串: Ctrl
[QTranslate] 原始字符串: Shift
[QTranslate] 原始字符串: Alt
[QTranslate] 原始字符串: Meta
[QTranslate] 原始字符串: Num
[QString::FromUtf8] 原始字符串: O
[QTranslate] 原始字符串: Ctrl
[QTranslate] 原始字符串: Shift
[QTranslate] 原始字符串: Alt
[QTranslate] 原始字符串: Meta
[QTranslate] 原始字符串: Num
[QString::FromUtf8] 原始字符串: Ctrl+O
[QTranslate] 原始字符串: Ctrl
[QTranslate] 原始字符串: Shift
[QTranslate] 原始字符串: Alt
[QTranslate] 原始字符串: Meta
[QTranslate] 原始字符串: Num
[QString::FromUtf8] 原始字符串: S
[QTranslate] 原始字符串: Ctrl
[QTranslate] 原始字符串: Shift
[QTranslate] 原始字符串: Alt
[QTranslate] 原始字符串: Meta
[QTranslate] 原始字符串: Num
[QString::FromUtf8] 原始字符串: K
[QTranslate] 原始字符串: Ctrl
[QTranslate] 原始字符串: Shift
[QTranslate] 原始字符串: Alt
[QTranslate] 原始字符串: Meta
[QTranslate] 原始字符串: Num
[QString::FromUtf8] 原始字符串: T
[QTranslate] 原始字符串: Ctrl
[QTranslate] 原始字符串: Shift
[QTranslate] 原始字符串: Alt
[QTranslate] 原始字符串: Meta
[QTranslate] 原始字符串: Num
[QString::FromUtf8] 原始字符串: Ctrl+R
[QTranslate] 原始字符串: Ctrl
[QTranslate] 原始字符串: Shift
[QTranslate] 原始字符串: Alt
[QTranslate] 原始字符串: Meta
[QTranslate] 原始字符串: Num
[QString::FromUtf8] 原始字符串: Shift+F3
[QTranslate] 原始字符串: Ctrl
[QTranslate] 原始字符串: Shift
[QTranslate] 原始字符串: Alt
[QTranslate] 原始字符串: Meta
[QTranslate] 原始字符串: Num
[QString::FromUtf8] 原始字符串: Shift+F1
[QTranslate] 原始字符串: Ctrl
[QTranslate] 原始字符串: Shift
[QTranslate] 原始字符串: Alt
[QTranslate] 原始字符串: Meta
[QTranslate] 原始字符串: Num
[QString::FromUtf8] 原始字符串: Shift+F4
[QTranslate] 原始字符串: Ctrl
[QTranslate] 原始字符串: Shift
[QTranslate] 原始字符串: Alt
[QTranslate] 原始字符串: Meta
[QTranslate] 原始字符串: Num
[QString::FromUtf8] 原始字符串: Alt+T
[QTranslate] 原始字符串: Ctrl
[QTranslate] 原始字符串: Shift
[QTranslate] 原始字符串: Alt
[QTranslate] 原始字符串: Meta
[QTranslate] 原始字符串: Num
[QString::FromUtf8] 原始字符串: Ctrl+T
[QTranslate] 原始字符串: Ctrl
[QTranslate] 原始字符串: Shift
[QTranslate] 原始字符串: Alt
[QTranslate] 原始字符串: Meta
[QTranslate] 原始字符串: Num
[QString::FromUtf8] 原始字符串: Ctrl+Alt+G
[QTranslate] 原始字符串: Ctrl
[QTranslate] 原始字符串: Shift
[QTranslate] 原始字符串: Alt
[QTranslate] 原始字符串: Meta
[QTranslate] 原始字符串: Num
[QString::FromUtf8] 原始字符串: Shift+F8
[QTranslate] 原始字符串: Ctrl
[QTranslate] 原始字符串: Shift
[QTranslate] 原始字符串: Alt
[QTranslate] 原始字符串: Meta
[QTranslate] 原始字符串: Num
[QString::FromUtf8] 原始字符串: Shift+F7
[QTranslate] 原始字符串: Ctrl
[QTranslate] 原始字符串: Shift
[QTranslate] 原始字符串: Alt
[QTranslate] 原始字符串: Meta
[QTranslate] 原始字符串: Num
[QString::FromUtf8] 原始字符串: Shift+F5
[QTranslate] 原始字符串: Ctrl
[QTranslate] 原始字符串: Shift
[QTranslate] 原始字符串: Alt
[QTranslate] 原始字符串: Meta
[QTranslate] 原始字符串: Num
[QString::FromUtf8] 原始字符串: Ctrl+K
[QTranslate] 原始字符串: Ctrl
[QTranslate] 原始字符串: Shift
[QTranslate] 原始字符串: Alt
[QTranslate] 原始字符串: Meta
[QTranslate] 原始字符串: Num
[QString::FromUtf8] 原始字符串: Shift+F12
[QTranslate] 原始字符串: Ctrl
[QTranslate] 原始字符串: Shift
[QTranslate] 原始字符串: Alt
[QTranslate] 原始字符串: Meta
[QTranslate] 原始字符串: Num
[QString::FromUtf8] 原始字符串: Shift+F11
[QTranslate] 原始字符串: Ctrl
[QTranslate] 原始字符串: Shift
[QTranslate] 原始字符串: Alt
[QTranslate] 原始字符串: Meta
[QTranslate] 原始字符串: Num
[QString::FromUtf8] 原始字符串: Shift+X
[QTranslate] 原始字符串: Ctrl
[QTranslate] 原始字符串: Shift
[QTranslate] 原始字符串: Alt
[QTranslate] 原始字符串: Meta
[QTranslate] 原始字符串: Num
[QString::FromUtf8] 原始字符串: Ctrl+F
[QTranslate] 原始字符串: Ctrl
[QTranslate] 原始字符串: Shift
[QTranslate] 原始字符串: Alt
[QTranslate] 原始字符串: Meta
[QTranslate] 原始字符串: Num
[QString::FromUtf8] 原始字符串: Shift+Del
[QTranslate] 原始字符串: Ctrl
[QTranslate] 原始字符串: Shift
[QTranslate] 原始字符串: Alt
[QTranslate] 原始字符串: Meta
[QTranslate] 原始字符串: Num
[QTranslate] 原始字符串: Space
[QTranslate] 原始字符串: Esc
[QTranslate] 原始字符串: Tab
[QTranslate] 原始字符串: Backtab
[QTranslate] 原始字符串: Backspace
[QTranslate] 原始字符串: Return
[QTranslate] 原始字符串: Enter
[QTranslate] 原始字符串: Ins
[QTranslate] 原始字符串: Del
[QString::FromUtf8] 原始字符串: Ctrl+C
[QTranslate] 原始字符串: Ctrl
[QTranslate] 原始字符串: Shift
[QTranslate] 原始字符串: Alt
[QTranslate] 原始字符串: Meta
[QTranslate] 原始字符串: Num
[QString::FromUtf8] 原始字符串: Ctrl+Ins
[QTranslate] 原始字符串: Ctrl
[QTranslate] 原始字符串: Shift
[QTranslate] 原始字符串: Alt
[QTranslate] 原始字符串: Meta
[QTranslate] 原始字符串: Num
[QTranslate] 原始字符串: Space
[QTranslate] 原始字符串: Esc
[QTranslate] 原始字符串: Tab
[QTranslate] 原始字符串: Backtab
[QTranslate] 原始字符串: Backspace
[QTranslate] 原始字符串: Return
[QTranslate] 原始字符串: Enter
[QTranslate] 原始字符串: Ins
[QString::FromUtf8] 原始字符串: /
[QTranslate] 原始字符串: Ctrl
[QTranslate] 原始字符串: Shift
[QTranslate] 原始字符串: Alt
[QTranslate] 原始字符串: Meta
[QTranslate] 原始字符串: Num
[QString::FromUtf8] 原始字符串: F3
[QTranslate] 原始字符串: Ctrl
[QTranslate] 原始字符串: Shift
[QTranslate] 原始字符串: Alt
[QTranslate] 原始字符串: Meta
[QTranslate] 原始字符串: Num
[QString::FromUtf8] 原始字符串: Esc
[QTranslate] 原始字符串: Ctrl
[QTranslate] 原始字符串: Shift
[QTranslate] 原始字符串: Alt
[QTranslate] 原始字符串: Meta
[QTranslate] 原始字符串: Num
[QTranslate] 原始字符串: Space
[QTranslate] 原始字符串: Esc
[QString::FromUtf8] 原始字符串: Ctrl+Shift+M
[QTranslate] 原始字符串: Ctrl
[QTranslate] 原始字符串: Shift
[QTranslate] 原始字符串: Alt
[QTranslate] 原始字符串: Meta
[QTranslate] 原始字符串: Num
[QString::FromUtf8] 原始字符串: Alt+0
[QTranslate] 原始字符串: Ctrl
[QTranslate] 原始字符串: Shift
[QTranslate] 原始字符串: Alt
[QTranslate] 原始字符串: Meta
[QTranslate] 原始字符串: Num
[QString::FromUtf8] 原始字符串: Ctrl+Alt+P
[QTranslate] 原始字符串: Ctrl
[QTranslate] 原始字符串: Shift
[QTranslate] 原始字符串: Alt
[QTranslate] 原始字符串: Meta
[QTranslate] 原始字符串: Num
[QString::FromUtf8] 原始字符串: Shift+F6
[QTranslate] 原始字符串: Ctrl
[QTranslate] 原始字符串: Shift
[QTranslate] 原始字符串: Alt
[QTranslate] 原始字符串: Meta
[QTranslate] 原始字符串: Num
[QString::FromUtf8] 原始字符串: Ctrl+F2
[QTranslate] 原始字符串: Ctrl
[QTranslate] 原始字符串: Shift
[QTranslate] 原始字符串: Alt
[QTranslate] 原始字符串: Meta
[QTranslate] 原始字符串: Num
[QString::FromUtf8] 原始字符串: F9
[QTranslate] 原始字符串: Ctrl
[QTranslate] 原始字符串: Shift
[QTranslate] 原始字符串: Alt
[QTranslate] 原始字符串: Meta
[QTranslate] 原始字符串: Num
[QString::FromUtf8] 原始字符串: Alt+F10
[QTranslate] 原始字符串: Ctrl
[QTranslate] 原始字符串: Shift
[QTranslate] 原始字符串: Alt
[QTranslate] 原始字符串: Meta
[QTranslate] 原始字符串: Num
[QString::FromUtf8] 原始字符串: Ctrl+2
[QTranslate] 原始字符串: Ctrl
[QTranslate] 原始字符串: Shift
[QTranslate] 原始字符串: Alt
[QTranslate] 原始字符串: Meta
[QTranslate] 原始字符串: Num
[QString::FromUtf8] 原始字符串: Ctrl+3
[QTranslate] 原始字符串: Ctrl
[QTranslate] 原始字符串: Shift
[QTranslate] 原始字符串: Alt
[QTranslate] 原始字符串: Meta
[QTranslate] 原始字符串: Num
[QString::FromUtf8] 原始字符串: Ctrl+1
[QTranslate] 原始字符串: Ctrl
[QTranslate] 原始字符串: Shift
[QTranslate] 原始字符串: Alt
[QTranslate] 原始字符串: Meta
[QTranslate] 原始字符串: Num
[QString::FromUtf8] 原始字符串: Alt+X
[QTranslate] 原始字符串: Ctrl
[QTranslate] 原始字符串: Shift
[QTranslate] 原始字符串: Alt
[QTranslate] 原始字符串: Meta
[QTranslate] 原始字符串: Num
[QString::FromUtf8] 原始字符串: Alt+F9
[QTranslate] 原始字符串: Ctrl
[QTranslate] 原始字符串: Shift
[QTranslate] 原始字符串: Alt
[QTranslate] 原始字符串: Meta
[QTranslate] 原始字符串: Num
[QString::FromUtf8] 原始字符串: V
[QTranslate] 原始字符串: Ctrl
[QTranslate] 原始字符串: Shift
[QTranslate] 原始字符串: Alt
[QTranslate] 原始字符串: Meta
[QTranslate] 原始字符串: Num
[QString::FromUtf8] 原始字符串: Ctrl+Shift+R
[QTranslate] 原始字符串: Ctrl
[QTranslate] 原始字符串: Shift
[QTranslate] 原始字符串: Alt
[QTranslate] 原始字符串: Meta
[QTranslate] 原始字符串: Num
[QString::FromUtf8] 原始字符串: Esc
[QTranslate] 原始字符串: Ctrl
[QTranslate] 原始字符串: Shift
[QTranslate] 原始字符串: Alt
[QTranslate] 原始字符串: Meta
[QTranslate] 原始字符串: Num
[QTranslate] 原始字符串: Space
[QTranslate] 原始字符串: Esc
[QString::FromUtf8] 原始字符串: Ctrl+W
[QTranslate] 原始字符串: Ctrl
[QTranslate] 原始字符串: Shift
[QTranslate] 原始字符串: Alt
[QTranslate] 原始字符串: Meta
[QTranslate] 原始字符串: Num
[QString::FromUtf8] 原始字符串: Ctrl+Shift+W
[QTranslate] 原始字符串: Ctrl
[QTranslate] 原始字符串: Shift
[QTranslate] 原始字符串: Alt
[QTranslate] 原始字符串: Meta
[QTranslate] 原始字符串: Num
[QString::FromUtf8] 原始字符串: Shift+Enter
[QTranslate] 原始字符串: Ctrl
[QTranslate] 原始字符串: Shift
[QTranslate] 原始字符串: Alt
[QTranslate] 原始字符串: Meta
[QTranslate] 原始字符串: Num
[QTranslate] 原始字符串: Space
[QTranslate] 原始字符串: Esc
[QTranslate] 原始字符串: Tab
[QTranslate] 原始字符串: Backtab
[QTranslate] 原始字符串: Backspace
[QTranslate] 原始字符串: Return
[QTranslate] 原始字符串: Enter
[QTranslate] 原始字符串: Ctrl
[QTranslate] 原始字符串: Shift
[QTranslate] 原始字符串: Alt
[QTranslate] 原始字符串: Meta
[QTranslate] 原始字符串: Num
[QTranslate] 原始字符串: Space
[QTranslate] 原始字符串: Esc
[QTranslate] 原始字符串: Tab
[QTranslate] 原始字符串: Backtab
[QTranslate] 原始字符串: Backspace
[QTranslate] 原始字符串: Return
[QString::FromUtf8] 原始字符串: Alt+Y
[QTranslate] 原始字符串: Ctrl
[QTranslate] 原始字符串: Shift
[QTranslate] 原始字符串: Alt
[QTranslate] 原始字符串: Meta
[QTranslate] 原始字符串: Num
[QString::FromUtf8] 原始字符串: Alt+A
[QTranslate] 原始字符串: Ctrl
[QTranslate] 原始字符串: Shift
[QTranslate] 原始字符串: Alt
[QTranslate] 原始字符串: Meta
[QTranslate] 原始字符串: Num
[QString::FromUtf8] 原始字符串: Ctrl+=
[QTranslate] 原始字符串: Ctrl
[QTranslate] 原始字符串: Shift
[QTranslate] 原始字符串: Alt
[QTranslate] 原始字符串: Meta
[QTranslate] 原始字符串: Num
[QString::FromUtf8] 原始字符串: Ctrl++
[QTranslate] 原始字符串: Ctrl
[QTranslate] 原始字符串: Shift
[QTranslate] 原始字符串: Alt
[QTranslate] 原始字符串: Meta
[QTranslate] 原始字符串: Num
[QString::FromUtf8] 原始字符串: Ctrl+-
[QTranslate] 原始字符串: Ctrl
[QTranslate] 原始字符串: Shift
[QTranslate] 原始字符串: Alt
[QTranslate] 原始字符串: Meta
[QTranslate] 原始字符串: Num
[QString::FromUtf8] 原始字符串: Ctrl+0
[QTranslate] 原始字符串: Ctrl
[QTranslate] 原始字符串: Shift
[QTranslate] 原始字符串: Alt
[QTranslate] 原始字符串: Meta
[QTranslate] 原始字符串: Num
[QString::FromUtf8] 原始字符串: Alt+G
[QTranslate] 原始字符串: Ctrl
[QTranslate] 原始字符串: Shift
[QTranslate] 原始字符串: Alt
[QTranslate] 原始字符串: Meta
[QTranslate] 原始字符串: Num
[QString::FromUtf8] 原始字符串: Y
[QTranslate] 原始字符串: Ctrl
[QTranslate] 原始字符串: Shift
[QTranslate] 原始字符串: Alt
[QTranslate] 原始字符串: Meta
[QTranslate] 原始字符串: Num
[QString::FromUtf8] 原始字符串: Alt+D
[QTranslate] 原始字符串: Ctrl
[QTranslate] 原始字符串: Shift
[QTranslate] 原始字符串: Alt
[QTranslate] 原始字符串: Meta
[QTranslate] 原始字符串: Num
[QString::FromUtf8] 原始字符串: F
[QTranslate] 原始字符串: Ctrl
[QTranslate] 原始字符串: Shift
[QTranslate] 原始字符串: Alt
[QTranslate] 原始字符串: Meta
[QTranslate] 原始字符串: Num
[QString::FromUtf8] 原始字符串: F1
[QTranslate] 原始字符串: Ctrl
[QTranslate] 原始字符串: Shift
[QTranslate] 原始字符串: Alt
[QTranslate] 原始字符串: Meta
[QTranslate] 原始字符串: Num
[QString::FromUtf8] 原始字符串: Ctrl+Space
[QTranslate] 原始字符串: Ctrl
[QTranslate] 原始字符串: Shift
[QTranslate] 原始字符串: Alt
[QTranslate] 原始字符串: Meta
[QTranslate] 原始字符串: Num
[QTranslate] 原始字符串: Space
[QString::FromUtf8] 原始字符串: Ctrl+Shift+T
[QTranslate] 原始字符串: Ctrl
[QTranslate] 原始字符串: Shift
[QTranslate] 原始字符串: Alt
[QTranslate] 原始字符串: Meta
[QTranslate] 原始字符串: Num
[QString::FromUtf8] 原始字符串: Ctrl+S
[QTranslate] 原始字符串: Ctrl
[QTranslate] 原始字符串: Shift
[QTranslate] 原始字符串: Alt
[QTranslate] 原始字符串: Meta
[QTranslate] 原始字符串: Num
[QString::FromUtf8] 原始字符串: Ctrl+Alt+S
[QTranslate] 原始字符串: Ctrl
[QTranslate] 原始字符串: Shift
[QTranslate] 原始字符串: Alt
[QTranslate] 原始字符串: Meta
[QTranslate] 原始字符串: Num
[QString::FromUtf8] 原始字符串: F4
[QTranslate] 原始字符串: Ctrl
[QTranslate] 原始字符串: Shift
[QTranslate] 原始字符串: Alt
[QTranslate] 原始字符串: Meta
[QTranslate] 原始字符串: Num
[QString::FromUtf8] 原始字符串: Ctrl+F7
[QTranslate] 原始字符串: Ctrl
[QTranslate] 原始字符串: Shift
[QTranslate] 原始字符串: Alt
[QTranslate] 原始字符串: Meta
[QTranslate] 原始字符串: Num
[QString::FromUtf8] 原始字符串: Ctrl+N
[QTranslate] 原始字符串: Ctrl
[QTranslate] 原始字符串: Shift
[QTranslate] 原始字符串: Alt
[QTranslate] 原始字符串: Meta
[QTranslate] 原始字符串: Num
[QString::FromUtf8] 原始字符串: F7
[QTranslate] 原始字符串: Ctrl
[QTranslate] 原始字符串: Shift
[QTranslate] 原始字符串: Alt
[QTranslate] 原始字符串: Meta
[QTranslate] 原始字符串: Num
[QString::FromUtf8] 原始字符串: F8
[QTranslate] 原始字符串: Ctrl
[QTranslate] 原始字符串: Shift
[QTranslate] 原始字符串: Alt
[QTranslate] 原始字符串: Meta
[QTranslate] 原始字符串: Num
[QString::FromUtf8] 原始字符串: 0
[QTranslate] 原始字符串: Ctrl
[QTranslate] 原始字符串: Shift
[QTranslate] 原始字符串: Alt
[QTranslate] 原始字符串: Meta
[QTranslate] 原始字符串: Num
[QString::FromUtf8] 原始字符串: Space
[QTranslate] 原始字符串: Ctrl
[QTranslate] 原始字符串: Shift
[QTranslate] 原始字符串: Alt
[QTranslate] 原始字符串: Meta
[QTranslate] 原始字符串: Num
[QTranslate] 原始字符串: Space
[QString::FromUtf8] 原始字符串: Ctrl+Num++
[QTranslate] 原始字符串: Ctrl
[QTranslate] 原始字符串: Shift
[QTranslate] 原始字符串: Alt
[QTranslate] 原始字符串: Meta
[QTranslate] 原始字符串: Num
[QString::FromUtf8] 原始字符串: Ctrl+Enter
[QTranslate] 原始字符串: Ctrl
[QTranslate] 原始字符串: Shift
[QTranslate] 原始字符串: Alt
[QTranslate] 原始字符串: Meta
[QTranslate] 原始字符串: Num
[QTranslate] 原始字符串: Space
[QTranslate] 原始字符串: Esc
[QTranslate] 原始字符串: Tab
[QTranslate] 原始字符串: Backtab
[QTranslate] 原始字符串: Backspace
[QTranslate] 原始字符串: Return
[QTranslate] 原始字符串: Enter
[QTranslate] 原始字符串: Ctrl
[QTranslate] 原始字符串: Shift
[QTranslate] 原始字符串: Alt
[QTranslate] 原始字符串: Meta
[QTranslate] 原始字符串: Num
[QTranslate] 原始字符串: Space
[QTranslate] 原始字符串: Esc
[QTranslate] 原始字符串: Tab
[QTranslate] 原始字符串: Backtab
[QTranslate] 原始字符串: Backspace
[QTranslate] 原始字符串: Return
[QString::FromUtf8] 原始字符串: Alt+1
[QTranslate] 原始字符串: Ctrl
[QTranslate] 原始字符串: Shift
[QTranslate] 原始字符串: Alt
[QTranslate] 原始字符串: Meta
[QTranslate] 原始字符串: Num
[QString::FromUtf8] 原始字符串: Alt+2
[QTranslate] 原始字符串: Ctrl
[QTranslate] 原始字符串: Shift
[QTranslate] 原始字符串: Alt
[QTranslate] 原始字符串: Meta
[QTranslate] 原始字符串: Num
[QString::FromUtf8] 原始字符串: Alt+3
[QTranslate] 原始字符串: Ctrl
[QTranslate] 原始字符串: Shift
[QTranslate] 原始字符串: Alt
[QTranslate] 原始字符串: Meta
[QTranslate] 原始字符串: Num
[QString::FromUtf8] 原始字符串: Alt+4
[QTranslate] 原始字符串: Ctrl
[QTranslate] 原始字符串: Shift
[QTranslate] 原始字符串: Alt
[QTranslate] 原始字符串: Meta
[QTranslate] 原始字符串: Num
[QString::FromUtf8] 原始字符串: Alt+5
[QTranslate] 原始字符串: Ctrl
[QTranslate] 原始字符串: Shift
[QTranslate] 原始字符串: Alt
[QTranslate] 原始字符串: Meta
[QTranslate] 原始字符串: Num
[QString::FromUtf8] 原始字符串: Alt+6
[QTranslate] 原始字符串: Ctrl
[QTranslate] 原始字符串: Shift
[QTranslate] 原始字符串: Alt
[QTranslate] 原始字符串: Meta
[QTranslate] 原始字符串: Num
[QString::FromUtf8] 原始字符串: Alt+7
[QTranslate] 原始字符串: Ctrl
[QTranslate] 原始字符串: Shift
[QTranslate] 原始字符串: Alt
[QTranslate] 原始字符串: Meta
[QTranslate] 原始字符串: Num
[QString::FromUtf8] 原始字符串: Alt+8
[QTranslate] 原始字符串: Ctrl
[QTranslate] 原始字符串: Shift
[QTranslate] 原始字符串: Alt
[QTranslate] 原始字符串: Meta
[QTranslate] 原始字符串: Num
[QString::FromUtf8] 原始字符串: Alt+9
[QTranslate] 原始字符串: Ctrl
[QTranslate] 原始字符串: Shift
[QTranslate] 原始字符串: Alt
[QTranslate] 原始字符串: Meta
[QTranslate] 原始字符串: Num
[QString::FromUtf8] 原始字符串: Ctrl+Tab
[QTranslate] 原始字符串: Ctrl
[QTranslate] 原始字符串: Shift
[QTranslate] 原始字符串: Alt
[QTranslate] 原始字符串: Meta
[QTranslate] 原始字符串: Num
[QTranslate] 原始字符串: Space
[QTranslate] 原始字符串: Esc
[QTranslate] 原始字符串: Tab
[QString::FromUtf8] 原始字符串: Ctrl+Shift+Tab
[QTranslate] 原始字符串: Ctrl
[QTranslate] 原始字符串: Shift
[QTranslate] 原始字符串: Alt
[QTranslate] 原始字符串: Meta
[QTranslate] 原始字符串: Num
[QTranslate] 原始字符串: Space
[QTranslate] 原始字符串: Esc
[QTranslate] 原始字符串: Tab
[QString::FromUtf8] 原始字符串: Ctrl+PgUp
[QTranslate] 原始字符串: Ctrl
[QTranslate] 原始字符串: Shift
[QTranslate] 原始字符串: Alt
[QTranslate] 原始字符串: Meta
[QTranslate] 原始字符串: Num
[QTranslate] 原始字符串: Space
[QTranslate] 原始字符串: Esc
[QTranslate] 原始字符串: Tab
[QTranslate] 原始字符串: Backtab
[QTranslate] 原始字符串: Backspace
[QTranslate] 原始字符串: Return
[QTranslate] 原始字符串: Enter
[QTranslate] 原始字符串: Ins
[QTranslate] 原始字符串: Del
[QTranslate] 原始字符串: Pause
[QTranslate] 原始字符串: Print
[QTranslate] 原始字符串: SysReq
[QTranslate] 原始字符串: Home
[QTranslate] 原始字符串: End
[QTranslate] 原始字符串: Left
[QTranslate] 原始字符串: Up
[QTranslate] 原始字符串: Right
[QTranslate] 原始字符串: Down
[QTranslate] 原始字符串: PgUp
[QString::FromUtf8] 原始字符串: Ctrl+Shift+PgUp
[QTranslate] 原始字符串: Ctrl
[QTranslate] 原始字符串: Shift
[QTranslate] 原始字符串: Alt
[QTranslate] 原始字符串: Meta
[QTranslate] 原始字符串: Num
[QTranslate] 原始字符串: Space
[QTranslate] 原始字符串: Esc
[QTranslate] 原始字符串: Tab
[QTranslate] 原始字符串: Backtab
[QTranslate] 原始字符串: Backspace
[QTranslate] 原始字符串: Return
[QTranslate] 原始字符串: Enter
[QTranslate] 原始字符串: Ins
[QTranslate] 原始字符串: Del
[QTranslate] 原始字符串: Pause
[QTranslate] 原始字符串: Print
[QTranslate] 原始字符串: SysReq
[QTranslate] 原始字符串: Home
[QTranslate] 原始字符串: End
[QTranslate] 原始字符串: Left
[QTranslate] 原始字符串: Up
[QTranslate] 原始字符串: Right
[QTranslate] 原始字符串: Down
[QTranslate] 原始字符串: PgUp
[QString::FromUtf8] 原始字符串: Ctrl+PgDown
[QTranslate] 原始字符串: Ctrl
[QTranslate] 原始字符串: Shift
[QTranslate] 原始字符串: Alt
[QTranslate] 原始字符串: Meta
[QTranslate] 原始字符串: Num
[QTranslate] 原始字符串: Space
[QTranslate] 原始字符串: Esc
[QTranslate] 原始字符串: Tab
[QTranslate] 原始字符串: Backtab
[QTranslate] 原始字符串: Backspace
[QTranslate] 原始字符串: Return
[QTranslate] 原始字符串: Enter
[QTranslate] 原始字符串: Ins
[QTranslate] 原始字符串: Del
[QTranslate] 原始字符串: Pause
[QTranslate] 原始字符串: Print
[QTranslate] 原始字符串: SysReq
[QTranslate] 原始字符串: Home
[QTranslate] 原始字符串: End
[QTranslate] 原始字符串: Left
[QTranslate] 原始字符串: Up
[QTranslate] 原始字符串: Right
[QTranslate] 原始字符串: Down
[QTranslate] 原始字符串: PgUp
[QTranslate] 原始字符串: PgDown
[QString::FromUtf8] 原始字符串: Ctrl+Shift+PgDown
[QTranslate] 原始字符串: Ctrl
[QTranslate] 原始字符串: Shift
[QTranslate] 原始字符串: Alt
[QTranslate] 原始字符串: Meta
[QTranslate] 原始字符串: Num
[QTranslate] 原始字符串: Space
[QTranslate] 原始字符串: Esc
[QTranslate] 原始字符串: Tab
[QTranslate] 原始字符串: Backtab
[QTranslate] 原始字符串: Backspace
[QTranslate] 原始字符串: Return
[QTranslate] 原始字符串: Enter
[QTranslate] 原始字符串: Ins
[QTranslate] 原始字符串: Del
[QTranslate] 原始字符串: Pause
[QTranslate] 原始字符串: Print
[QTranslate] 原始字符串: SysReq
[QTranslate] 原始字符串: Home
[QTranslate] 原始字符串: End
[QTranslate] 原始字符串: Left
[QTranslate] 原始字符串: Up
[QTranslate] 原始字符串: Right
[QTranslate] 原始字符串: Down
[QTranslate] 原始字符串: PgUp
[QTranslate] 原始字符串: PgDown
[QString::FromUtf8] 原始字符串: Home
[QTranslate] 原始字符串: Ctrl
[QTranslate] 原始字符串: Shift
[QTranslate] 原始字符串: Alt
[QTranslate] 原始字符串: Meta
[QTranslate] 原始字符串: Num
[QTranslate] 原始字符串: Space
[QTranslate] 原始字符串: Esc
[QTranslate] 原始字符串: Tab
[QTranslate] 原始字符串: Backtab
[QTranslate] 原始字符串: Backspace
[QTranslate] 原始字符串: Return
[QTranslate] 原始字符串: Enter
[QTranslate] 原始字符串: Ins
[QTranslate] 原始字符串: Del
[QTranslate] 原始字符串: Pause
[QTranslate] 原始字符串: Print
[QTranslate] 原始字符串: SysReq
[QTranslate] 原始字符串: Home
[QString::FromUtf8] 原始字符串: Shift+Home
[QTranslate] 原始字符串: Ctrl
[QTranslate] 原始字符串: Shift
[QTranslate] 原始字符串: Alt
[QTranslate] 原始字符串: Meta
[QTranslate] 原始字符串: Num
[QTranslate] 原始字符串: Space
[QTranslate] 原始字符串: Esc
[QTranslate] 原始字符串: Tab
[QTranslate] 原始字符串: Backtab
[QTranslate] 原始字符串: Backspace
[QTranslate] 原始字符串: Return
[QTranslate] 原始字符串: Enter
[QTranslate] 原始字符串: Ins
[QTranslate] 原始字符串: Del
[QTranslate] 原始字符串: Pause
[QTranslate] 原始字符串: Print
[QTranslate] 原始字符串: SysReq
[QTranslate] 原始字符串: Home
[QString::FromUtf8] 原始字符串: End
[QTranslate] 原始字符串: Ctrl
[QTranslate] 原始字符串: Shift
[QTranslate] 原始字符串: Alt
[QTranslate] 原始字符串: Meta
[QTranslate] 原始字符串: Num
[QTranslate] 原始字符串: Space
[QTranslate] 原始字符串: Esc
[QTranslate] 原始字符串: Tab
[QTranslate] 原始字符串: Backtab
[QTranslate] 原始字符串: Backspace
[QTranslate] 原始字符串: Return
[QTranslate] 原始字符串: Enter
[QTranslate] 原始字符串: Ins
[QTranslate] 原始字符串: Del
[QTranslate] 原始字符串: Pause
[QTranslate] 原始字符串: Print
[QTranslate] 原始字符串: SysReq
[QTranslate] 原始字符串: Home
[QTranslate] 原始字符串: End
[QString::FromUtf8] 原始字符串: Shift+End
[QTranslate] 原始字符串: Ctrl
[QTranslate] 原始字符串: Shift
[QTranslate] 原始字符串: Alt
[QTranslate] 原始字符串: Meta
[QTranslate] 原始字符串: Num
[QTranslate] 原始字符串: Space
[QTranslate] 原始字符串: Esc
[QTranslate] 原始字符串: Tab
[QTranslate] 原始字符串: Backtab
[QTranslate] 原始字符串: Backspace
[QTranslate] 原始字符串: Return
[QTranslate] 原始字符串: Enter
[QTranslate] 原始字符串: Ins
[QTranslate] 原始字符串: Del
[QTranslate] 原始字符串: Pause
[QTranslate] 原始字符串: Print
[QTranslate] 原始字符串: SysReq
[QTranslate] 原始字符串: Home
[QTranslate] 原始字符串: End
[QString::FromUtf8] 原始字符串: Ctrl+Home
[QTranslate] 原始字符串: Ctrl
[QTranslate] 原始字符串: Shift
[QTranslate] 原始字符串: Alt
[QTranslate] 原始字符串: Meta
[QTranslate] 原始字符串: Num
[QTranslate] 原始字符串: Space
[QTranslate] 原始字符串: Esc
[QTranslate] 原始字符串: Tab
[QTranslate] 原始字符串: Backtab
[QTranslate] 原始字符串: Backspace
[QTranslate] 原始字符串: Return
[QTranslate] 原始字符串: Enter
[QTranslate] 原始字符串: Ins
[QTranslate] 原始字符串: Del
[QTranslate] 原始字符串: Pause
[QTranslate] 原始字符串: Print
[QTranslate] 原始字符串: SysReq
[QTranslate] 原始字符串: Home
[QString::FromUtf8] 原始字符串: Ctrl+Shift+Home
[QTranslate] 原始字符串: Ctrl
[QTranslate] 原始字符串: Shift
[QTranslate] 原始字符串: Alt
[QTranslate] 原始字符串: Meta
[QTranslate] 原始字符串: Num
[QTranslate] 原始字符串: Space
[QTranslate] 原始字符串: Esc
[QTranslate] 原始字符串: Tab
[QTranslate] 原始字符串: Backtab
[QTranslate] 原始字符串: Backspace
[QTranslate] 原始字符串: Return
[QTranslate] 原始字符串: Enter
[QTranslate] 原始字符串: Ins
[QTranslate] 原始字符串: Del
[QTranslate] 原始字符串: Pause
[QTranslate] 原始字符串: Print
[QTranslate] 原始字符串: SysReq
[QTranslate] 原始字符串: Home
[QString::FromUtf8] 原始字符串: Ctrl+End
[QTranslate] 原始字符串: Ctrl
[QTranslate] 原始字符串: Shift
[QTranslate] 原始字符串: Alt
[QTranslate] 原始字符串: Meta
[QTranslate] 原始字符串: Num
[QTranslate] 原始字符串: Space
[QTranslate] 原始字符串: Esc
[QTranslate] 原始字符串: Tab
[QTranslate] 原始字符串: Backtab
[QTranslate] 原始字符串: Backspace
[QTranslate] 原始字符串: Return
[QTranslate] 原始字符串: Enter
[QTranslate] 原始字符串: Ins
[QTranslate] 原始字符串: Del
[QTranslate] 原始字符串: Pause
[QTranslate] 原始字符串: Print
[QTranslate] 原始字符串: SysReq
[QTranslate] 原始字符串: Home
[QTranslate] 原始字符串: End
[QString::FromUtf8] 原始字符串: Ctrl+Shift+End
[QTranslate] 原始字符串: Ctrl
[QTranslate] 原始字符串: Shift
[QTranslate] 原始字符串: Alt
[QTranslate] 原始字符串: Meta
[QTranslate] 原始字符串: Num
[QTranslate] 原始字符串: Space
[QTranslate] 原始字符串: Esc
[QTranslate] 原始字符串: Tab
[QTranslate] 原始字符串: Backtab
[QTranslate] 原始字符串: Backspace
[QTranslate] 原始字符串: Return
[QTranslate] 原始字符串: Enter
[QTranslate] 原始字符串: Ins
[QTranslate] 原始字符串: Del
[QTranslate] 原始字符串: Pause
[QTranslate] 原始字符串: Print
[QTranslate] 原始字符串: SysReq
[QTranslate] 原始字符串: Home
[QTranslate] 原始字符串: End
[QString::FromUtf8] 原始字符串: Left
[QTranslate] 原始字符串: Ctrl
[QTranslate] 原始字符串: Shift
[QTranslate] 原始字符串: Alt
[QTranslate] 原始字符串: Meta
[QTranslate] 原始字符串: Num
[QTranslate] 原始字符串: Space
[QTranslate] 原始字符串: Esc
[QTranslate] 原始字符串: Tab
[QTranslate] 原始字符串: Backtab
[QTranslate] 原始字符串: Backspace
[QTranslate] 原始字符串: Return
[QTranslate] 原始字符串: Enter
[QTranslate] 原始字符串: Ins
[QTranslate] 原始字符串: Del
[QTranslate] 原始字符串: Pause
[QTranslate] 原始字符串: Print
[QTranslate] 原始字符串: SysReq
[QTranslate] 原始字符串: Home
[QTranslate] 原始字符串: End
[QTranslate] 原始字符串: Left
[QString::FromUtf8] 原始字符串: Shift+Left
[QTranslate] 原始字符串: Ctrl
[QTranslate] 原始字符串: Shift
[QTranslate] 原始字符串: Alt
[QTranslate] 原始字符串: Meta
[QTranslate] 原始字符串: Num
[QTranslate] 原始字符串: Space
[QTranslate] 原始字符串: Esc
[QTranslate] 原始字符串: Tab
[QTranslate] 原始字符串: Backtab
[QTranslate] 原始字符串: Backspace
[QTranslate] 原始字符串: Return
[QTranslate] 原始字符串: Enter
[QTranslate] 原始字符串: Ins
[QTranslate] 原始字符串: Del
[QTranslate] 原始字符串: Pause
[QTranslate] 原始字符串: Print
[QTranslate] 原始字符串: SysReq
[QTranslate] 原始字符串: Home
[QTranslate] 原始字符串: End
[QTranslate] 原始字符串: Left
[QString::FromUtf8] 原始字符串: Right
[QTranslate] 原始字符串: Ctrl
[QTranslate] 原始字符串: Shift
[QTranslate] 原始字符串: Alt
[QTranslate] 原始字符串: Meta
[QTranslate] 原始字符串: Num
[QTranslate] 原始字符串: Space
[QTranslate] 原始字符串: Esc
[QTranslate] 原始字符串: Tab
[QTranslate] 原始字符串: Backtab
[QTranslate] 原始字符串: Backspace
[QTranslate] 原始字符串: Return
[QTranslate] 原始字符串: Enter
[QTranslate] 原始字符串: Ins
[QTranslate] 原始字符串: Del
[QTranslate] 原始字符串: Pause
[QTranslate] 原始字符串: Print
[QTranslate] 原始字符串: SysReq
[QTranslate] 原始字符串: Home
[QTranslate] 原始字符串: End
[QTranslate] 原始字符串: Left
[QTranslate] 原始字符串: Up
[QTranslate] 原始字符串: Right
[QString::FromUtf8] 原始字符串: Shift+Right
[QTranslate] 原始字符串: Ctrl
[QTranslate] 原始字符串: Shift
[QTranslate] 原始字符串: Alt
[QTranslate] 原始字符串: Meta
[QTranslate] 原始字符串: Num
[QTranslate] 原始字符串: Space
[QTranslate] 原始字符串: Esc
[QTranslate] 原始字符串: Tab
[QTranslate] 原始字符串: Backtab
[QTranslate] 原始字符串: Backspace
[QTranslate] 原始字符串: Return
[QTranslate] 原始字符串: Enter
[QTranslate] 原始字符串: Ins
[QTranslate] 原始字符串: Del
[QTranslate] 原始字符串: Pause
[QTranslate] 原始字符串: Print
[QTranslate] 原始字符串: SysReq
[QTranslate] 原始字符串: Home
[QTranslate] 原始字符串: End
[QTranslate] 原始字符串: Left
[QTranslate] 原始字符串: Up
[QTranslate] 原始字符串: Right
[QString::FromUtf8] 原始字符串: Ctrl+Left
[QTranslate] 原始字符串: Ctrl
[QTranslate] 原始字符串: Shift
[QTranslate] 原始字符串: Alt
[QTranslate] 原始字符串: Meta
[QTranslate] 原始字符串: Num
[QTranslate] 原始字符串: Space
[QTranslate] 原始字符串: Esc
[QTranslate] 原始字符串: Tab
[QTranslate] 原始字符串: Backtab
[QTranslate] 原始字符串: Backspace
[QTranslate] 原始字符串: Return
[QTranslate] 原始字符串: Enter
[QTranslate] 原始字符串: Ins
[QTranslate] 原始字符串: Del
[QTranslate] 原始字符串: Pause
[QTranslate] 原始字符串: Print
[QTranslate] 原始字符串: SysReq
[QTranslate] 原始字符串: Home
[QTranslate] 原始字符串: End
[QTranslate] 原始字符串: Left
[QString::FromUtf8] 原始字符串: Ctrl+Shift+Left
[QTranslate] 原始字符串: Ctrl
[QTranslate] 原始字符串: Shift
[QTranslate] 原始字符串: Alt
[QTranslate] 原始字符串: Meta
[QTranslate] 原始字符串: Num
[QTranslate] 原始字符串: Space
[QTranslate] 原始字符串: Esc
[QTranslate] 原始字符串: Tab
[QTranslate] 原始字符串: Backtab
[QTranslate] 原始字符串: Backspace
[QTranslate] 原始字符串: Return
[QTranslate] 原始字符串: Enter
[QTranslate] 原始字符串: Ins
[QTranslate] 原始字符串: Del
[QTranslate] 原始字符串: Pause
[QTranslate] 原始字符串: Print
[QTranslate] 原始字符串: SysReq
[QTranslate] 原始字符串: Home
[QTranslate] 原始字符串: End
[QTranslate] 原始字符串: Left
[QString::FromUtf8] 原始字符串: Ctrl+Right
[QTranslate] 原始字符串: Ctrl
[QTranslate] 原始字符串: Shift
[QTranslate] 原始字符串: Alt
[QTranslate] 原始字符串: Meta
[QTranslate] 原始字符串: Num
[QTranslate] 原始字符串: Space
[QTranslate] 原始字符串: Esc
[QTranslate] 原始字符串: Tab
[QTranslate] 原始字符串: Backtab
[QTranslate] 原始字符串: Backspace
[QTranslate] 原始字符串: Return
[QTranslate] 原始字符串: Enter
[QTranslate] 原始字符串: Ins
[QTranslate] 原始字符串: Del
[QTranslate] 原始字符串: Pause
[QTranslate] 原始字符串: Print
[QTranslate] 原始字符串: SysReq
[QTranslate] 原始字符串: Home
[QTranslate] 原始字符串: End
[QTranslate] 原始字符串: Left
[QTranslate] 原始字符串: Up
[QTranslate] 原始字符串: Right
[QString::FromUtf8] 原始字符串: Ctrl+Shift+Right
[QTranslate] 原始字符串: Ctrl
[QTranslate] 原始字符串: Shift
[QTranslate] 原始字符串: Alt
[QTranslate] 原始字符串: Meta
[QTranslate] 原始字符串: Num
[QTranslate] 原始字符串: Space
[QTranslate] 原始字符串: Esc
[QTranslate] 原始字符串: Tab
[QTranslate] 原始字符串: Backtab
[QTranslate] 原始字符串: Backspace
[QTranslate] 原始字符串: Return
[QTranslate] 原始字符串: Enter
[QTranslate] 原始字符串: Ins
[QTranslate] 原始字符串: Del
[QTranslate] 原始字符串: Pause
[QTranslate] 原始字符串: Print
[QTranslate] 原始字符串: SysReq
[QTranslate] 原始字符串: Home
[QTranslate] 原始字符串: End
[QTranslate] 原始字符串: Left
[QTranslate] 原始字符串: Up
[QTranslate] 原始字符串: Right
[QString::FromUtf8] 原始字符串: Up
[QTranslate] 原始字符串: Ctrl
[QTranslate] 原始字符串: Shift
[QTranslate] 原始字符串: Alt
[QTranslate] 原始字符串: Meta
[QTranslate] 原始字符串: Num
[QTranslate] 原始字符串: Space
[QTranslate] 原始字符串: Esc
[QTranslate] 原始字符串: Tab
[QTranslate] 原始字符串: Backtab
[QTranslate] 原始字符串: Backspace
[QTranslate] 原始字符串: Return
[QTranslate] 原始字符串: Enter
[QTranslate] 原始字符串: Ins
[QTranslate] 原始字符串: Del
[QTranslate] 原始字符串: Pause
[QTranslate] 原始字符串: Print
[QTranslate] 原始字符串: SysReq
[QTranslate] 原始字符串: Home
[QTranslate] 原始字符串: End
[QTranslate] 原始字符串: Left
[QTranslate] 原始字符串: Up
[QString::FromUtf8] 原始字符串: Shift+Up
[QTranslate] 原始字符串: Ctrl
[QTranslate] 原始字符串: Shift
[QTranslate] 原始字符串: Alt
[QTranslate] 原始字符串: Meta
[QTranslate] 原始字符串: Num
[QTranslate] 原始字符串: Space
[QTranslate] 原始字符串: Esc
[QTranslate] 原始字符串: Tab
[QTranslate] 原始字符串: Backtab
[QTranslate] 原始字符串: Backspace
[QTranslate] 原始字符串: Return
[QTranslate] 原始字符串: Enter
[QTranslate] 原始字符串: Ins
[QTranslate] 原始字符串: Del
[QTranslate] 原始字符串: Pause
[QTranslate] 原始字符串: Print
[QTranslate] 原始字符串: SysReq
[QTranslate] 原始字符串: Home
[QTranslate] 原始字符串: End
[QTranslate] 原始字符串: Left
[QTranslate] 原始字符串: Up
[QString::FromUtf8] 原始字符串: Down
[QTranslate] 原始字符串: Ctrl
[QTranslate] 原始字符串: Shift
[QTranslate] 原始字符串: Alt
[QTranslate] 原始字符串: Meta
[QTranslate] 原始字符串: Num
[QTranslate] 原始字符串: Space
[QTranslate] 原始字符串: Esc
[QTranslate] 原始字符串: Tab
[QTranslate] 原始字符串: Backtab
[QTranslate] 原始字符串: Backspace
[QTranslate] 原始字符串: Return
[QTranslate] 原始字符串: Enter
[QTranslate] 原始字符串: Ins
[QTranslate] 原始字符串: Del
[QTranslate] 原始字符串: Pause
[QTranslate] 原始字符串: Print
[QTranslate] 原始字符串: SysReq
[QTranslate] 原始字符串: Home
[QTranslate] 原始字符串: End
[QTranslate] 原始字符串: Left
[QTranslate] 原始字符串: Up
[QTranslate] 原始字符串: Right
[QTranslate] 原始字符串: Down
[QString::FromUtf8] 原始字符串: Shift+Down
[QTranslate] 原始字符串: Ctrl
[QTranslate] 原始字符串: Shift
[QTranslate] 原始字符串: Alt
[QTranslate] 原始字符串: Meta
[QTranslate] 原始字符串: Num
[QTranslate] 原始字符串: Space
[QTranslate] 原始字符串: Esc
[QTranslate] 原始字符串: Tab
[QTranslate] 原始字符串: Backtab
[QTranslate] 原始字符串: Backspace
[QTranslate] 原始字符串: Return
[QTranslate] 原始字符串: Enter
[QTranslate] 原始字符串: Ins
[QTranslate] 原始字符串: Del
[QTranslate] 原始字符串: Pause
[QTranslate] 原始字符串: Print
[QTranslate] 原始字符串: SysReq
[QTranslate] 原始字符串: Home
[QTranslate] 原始字符串: End
[QTranslate] 原始字符串: Left
[QTranslate] 原始字符串: Up
[QTranslate] 原始字符串: Right
[QTranslate] 原始字符串: Down
[QString::FromUtf8] 原始字符串: PgUp
[QTranslate] 原始字符串: Ctrl
[QTranslate] 原始字符串: Shift
[QTranslate] 原始字符串: Alt
[QTranslate] 原始字符串: Meta
[QTranslate] 原始字符串: Num
[QTranslate] 原始字符串: Space
[QTranslate] 原始字符串: Esc
[QTranslate] 原始字符串: Tab
[QTranslate] 原始字符串: Backtab
[QTranslate] 原始字符串: Backspace
[QTranslate] 原始字符串: Return
[QTranslate] 原始字符串: Enter
[QTranslate] 原始字符串: Ins
[QTranslate] 原始字符串: Del
[QTranslate] 原始字符串: Pause
[QTranslate] 原始字符串: Print
[QTranslate] 原始字符串: SysReq
[QTranslate] 原始字符串: Home
[QTranslate] 原始字符串: End
[QTranslate] 原始字符串: Left
[QTranslate] 原始字符串: Up
[QTranslate] 原始字符串: Right
[QTranslate] 原始字符串: Down
[QTranslate] 原始字符串: PgUp
[QString::FromUtf8] 原始字符串: Shift+PgUp
[QTranslate] 原始字符串: Ctrl
[QTranslate] 原始字符串: Shift
[QTranslate] 原始字符串: Alt
[QTranslate] 原始字符串: Meta
[QTranslate] 原始字符串: Num
[QTranslate] 原始字符串: Space
[QTranslate] 原始字符串: Esc
[QTranslate] 原始字符串: Tab
[QTranslate] 原始字符串: Backtab
[QTranslate] 原始字符串: Backspace
[QTranslate] 原始字符串: Return
[QTranslate] 原始字符串: Enter
[QTranslate] 原始字符串: Ins
[QTranslate] 原始字符串: Del
[QTranslate] 原始字符串: Pause
[QTranslate] 原始字符串: Print
[QTranslate] 原始字符串: SysReq
[QTranslate] 原始字符串: Home
[QTranslate] 原始字符串: End
[QTranslate] 原始字符串: Left
[QTranslate] 原始字符串: Up
[QTranslate] 原始字符串: Right
[QTranslate] 原始字符串: Down
[QTranslate] 原始字符串: PgUp
[QString::FromUtf8] 原始字符串: PgDown
[QTranslate] 原始字符串: Ctrl
[QTranslate] 原始字符串: Shift
[QTranslate] 原始字符串: Alt
[QTranslate] 原始字符串: Meta
[QTranslate] 原始字符串: Num
[QTranslate] 原始字符串: Space
[QTranslate] 原始字符串: Esc
[QTranslate] 原始字符串: Tab
[QTranslate] 原始字符串: Backtab
[QTranslate] 原始字符串: Backspace
[QTranslate] 原始字符串: Return
[QTranslate] 原始字符串: Enter
[QTranslate] 原始字符串: Ins
[QTranslate] 原始字符串: Del
[QTranslate] 原始字符串: Pause
[QTranslate] 原始字符串: Print
[QTranslate] 原始字符串: SysReq
[QTranslate] 原始字符串: Home
[QTranslate] 原始字符串: End
[QTranslate] 原始字符串: Left
[QTranslate] 原始字符串: Up
[QTranslate] 原始字符串: Right
[QTranslate] 原始字符串: Down
[QTranslate] 原始字符串: PgUp
[QTranslate] 原始字符串: PgDown
[QString::FromUtf8] 原始字符串: Shift+PgDown
[QTranslate] 原始字符串: Ctrl
[QTranslate] 原始字符串: Shift
[QTranslate] 原始字符串: Alt
[QTranslate] 原始字符串: Meta
[QTranslate] 原始字符串: Num
[QTranslate] 原始字符串: Space
[QTranslate] 原始字符串: Esc
[QTranslate] 原始字符串: Tab
[QTranslate] 原始字符串: Backtab
[QTranslate] 原始字符串: Backspace
[QTranslate] 原始字符串: Return
[QTranslate] 原始字符串: Enter
[QTranslate] 原始字符串: Ins
[QTranslate] 原始字符串: Del
[QTranslate] 原始字符串: Pause
[QTranslate] 原始字符串: Print
[QTranslate] 原始字符串: SysReq
[QTranslate] 原始字符串: Home
[QTranslate] 原始字符串: End
[QTranslate] 原始字符串: Left
[QTranslate] 原始字符串: Up
[QTranslate] 原始字符串: Right
[QTranslate] 原始字符串: Down
[QTranslate] 原始字符串: PgUp
[QTranslate] 原始字符串: PgDown
[QString::FromUtf8] 原始字符串: Left
[QTranslate] 原始字符串: Ctrl
[QTranslate] 原始字符串: Shift
[QTranslate] 原始字符串: Alt
[QTranslate] 原始字符串: Meta
[QTranslate] 原始字符串: Num
[QTranslate] 原始字符串: Space
[QTranslate] 原始字符串: Esc
[QTranslate] 原始字符串: Tab
[QTranslate] 原始字符串: Backtab
[QTranslate] 原始字符串: Backspace
[QTranslate] 原始字符串: Return
[QTranslate] 原始字符串: Enter
[QTranslate] 原始字符串: Ins
[QTranslate] 原始字符串: Del
[QTranslate] 原始字符串: Pause
[QTranslate] 原始字符串: Print
[QTranslate] 原始字符串: SysReq
[QTranslate] 原始字符串: Home
[QTranslate] 原始字符串: End
[QTranslate] 原始字符串: Left
[QString::FromUtf8] 原始字符串: Shift+Left
[QTranslate] 原始字符串: Ctrl
[QTranslate] 原始字符串: Shift
[QTranslate] 原始字符串: Alt
[QTranslate] 原始字符串: Meta
[QTranslate] 原始字符串: Num
[QTranslate] 原始字符串: Space
[QTranslate] 原始字符串: Esc
[QTranslate] 原始字符串: Tab
[QTranslate] 原始字符串: Backtab
[QTranslate] 原始字符串: Backspace
[QTranslate] 原始字符串: Return
[QTranslate] 原始字符串: Enter
[QTranslate] 原始字符串: Ins
[QTranslate] 原始字符串: Del
[QTranslate] 原始字符串: Pause
[QTranslate] 原始字符串: Print
[QTranslate] 原始字符串: SysReq
[QTranslate] 原始字符串: Home
[QTranslate] 原始字符串: End
[QTranslate] 原始字符串: Left
[QString::FromUtf8] 原始字符串: Right
[QTranslate] 原始字符串: Ctrl
[QTranslate] 原始字符串: Shift
[QTranslate] 原始字符串: Alt
[QTranslate] 原始字符串: Meta
[QTranslate] 原始字符串: Num
[QTranslate] 原始字符串: Space
[QTranslate] 原始字符串: Esc
[QTranslate] 原始字符串: Tab
[QTranslate] 原始字符串: Backtab
[QTranslate] 原始字符串: Backspace
[QTranslate] 原始字符串: Return
[QTranslate] 原始字符串: Enter
[QTranslate] 原始字符串: Ins
[QTranslate] 原始字符串: Del
[QTranslate] 原始字符串: Pause
[QTranslate] 原始字符串: Print
[QTranslate] 原始字符串: SysReq
[QTranslate] 原始字符串: Home
[QTranslate] 原始字符串: End
[QTranslate] 原始字符串: Left
[QTranslate] 原始字符串: Up
[QTranslate] 原始字符串: Right
[QString::FromUtf8] 原始字符串: Shift+Right
[QTranslate] 原始字符串: Ctrl
[QTranslate] 原始字符串: Shift
[QTranslate] 原始字符串: Alt
[QTranslate] 原始字符串: Meta
[QTranslate] 原始字符串: Num
[QTranslate] 原始字符串: Space
[QTranslate] 原始字符串: Esc
[QTranslate] 原始字符串: Tab
[QTranslate] 原始字符串: Backtab
[QTranslate] 原始字符串: Backspace
[QTranslate] 原始字符串: Return
[QTranslate] 原始字符串: Enter
[QTranslate] 原始字符串: Ins
[QTranslate] 原始字符串: Del
[QTranslate] 原始字符串: Pause
[QTranslate] 原始字符串: Print
[QTranslate] 原始字符串: SysReq
[QTranslate] 原始字符串: Home
[QTranslate] 原始字符串: End
[QTranslate] 原始字符串: Left
[QTranslate] 原始字符串: Up
[QTranslate] 原始字符串: Right
[QString::FromUtf8] 原始字符串: Ctrl+Left
[QTranslate] 原始字符串: Ctrl
[QTranslate] 原始字符串: Shift
[QTranslate] 原始字符串: Alt
[QTranslate] 原始字符串: Meta
[QTranslate] 原始字符串: Num
[QTranslate] 原始字符串: Space
[QTranslate] 原始字符串: Esc
[QTranslate] 原始字符串: Tab
[QTranslate] 原始字符串: Backtab
[QTranslate] 原始字符串: Backspace
[QTranslate] 原始字符串: Return
[QTranslate] 原始字符串: Enter
[QTranslate] 原始字符串: Ins
[QTranslate] 原始字符串: Del
[QTranslate] 原始字符串: Pause
[QTranslate] 原始字符串: Print
[QTranslate] 原始字符串: SysReq
[QTranslate] 原始字符串: Home
[QTranslate] 原始字符串: End
[QTranslate] 原始字符串: Left
[QString::FromUtf8] 原始字符串: Ctrl+Shift+Left
[QTranslate] 原始字符串: Ctrl
[QTranslate] 原始字符串: Shift
[QTranslate] 原始字符串: Alt
[QTranslate] 原始字符串: Meta
[QTranslate] 原始字符串: Num
[QTranslate] 原始字符串: Space
[QTranslate] 原始字符串: Esc
[QTranslate] 原始字符串: Tab
[QTranslate] 原始字符串: Backtab
[QTranslate] 原始字符串: Backspace
[QTranslate] 原始字符串: Return
[QTranslate] 原始字符串: Enter
[QTranslate] 原始字符串: Ins
[QTranslate] 原始字符串: Del
[QTranslate] 原始字符串: Pause
[QTranslate] 原始字符串: Print
[QTranslate] 原始字符串: SysReq
[QTranslate] 原始字符串: Home
[QTranslate] 原始字符串: End
[QTranslate] 原始字符串: Left
[QString::FromUtf8] 原始字符串: Ctrl+Right
[QTranslate] 原始字符串: Ctrl
[QTranslate] 原始字符串: Shift
[QTranslate] 原始字符串: Alt
[QTranslate] 原始字符串: Meta
[QTranslate] 原始字符串: Num
[QTranslate] 原始字符串: Space
[QTranslate] 原始字符串: Esc
[QTranslate] 原始字符串: Tab
[QTranslate] 原始字符串: Backtab
[QTranslate] 原始字符串: Backspace
[QTranslate] 原始字符串: Return
[QTranslate] 原始字符串: Enter
[QTranslate] 原始字符串: Ins
[QTranslate] 原始字符串: Del
[QTranslate] 原始字符串: Pause
[QTranslate] 原始字符串: Print
[QTranslate] 原始字符串: SysReq
[QTranslate] 原始字符串: Home
[QTranslate] 原始字符串: End
[QTranslate] 原始字符串: Left
[QTranslate] 原始字符串: Up
[QTranslate] 原始字符串: Right
[QString::FromUtf8] 原始字符串: Ctrl+Shift+Right
[QTranslate] 原始字符串: Ctrl
[QTranslate] 原始字符串: Shift
[QTranslate] 原始字符串: Alt
[QTranslate] 原始字符串: Meta
[QTranslate] 原始字符串: Num
[QTranslate] 原始字符串: Space
[QTranslate] 原始字符串: Esc
[QTranslate] 原始字符串: Tab
[QTranslate] 原始字符串: Backtab
[QTranslate] 原始字符串: Backspace
[QTranslate] 原始字符串: Return
[QTranslate] 原始字符串: Enter
[QTranslate] 原始字符串: Ins
[QTranslate] 原始字符串: Del
[QTranslate] 原始字符串: Pause
[QTranslate] 原始字符串: Print
[QTranslate] 原始字符串: SysReq
[QTranslate] 原始字符串: Home
[QTranslate] 原始字符串: End
[QTranslate] 原始字符串: Left
[QTranslate] 原始字符串: Up
[QTranslate] 原始字符串: Right
[QString::FromUtf8] 原始字符串: Up
[QTranslate] 原始字符串: Ctrl
[QTranslate] 原始字符串: Shift
[QTranslate] 原始字符串: Alt
[QTranslate] 原始字符串: Meta
[QTranslate] 原始字符串: Num
[QTranslate] 原始字符串: Space
[QTranslate] 原始字符串: Esc
[QTranslate] 原始字符串: Tab
[QTranslate] 原始字符串: Backtab
[QTranslate] 原始字符串: Backspace
[QTranslate] 原始字符串: Return
[QTranslate] 原始字符串: Enter
[QTranslate] 原始字符串: Ins
[QTranslate] 原始字符串: Del
[QTranslate] 原始字符串: Pause
[QTranslate] 原始字符串: Print
[QTranslate] 原始字符串: SysReq
[QTranslate] 原始字符串: Home
[QTranslate] 原始字符串: End
[QTranslate] 原始字符串: Left
[QTranslate] 原始字符串: Up
[QString::FromUtf8] 原始字符串: Shift+Up
[QTranslate] 原始字符串: Ctrl
[QTranslate] 原始字符串: Shift
[QTranslate] 原始字符串: Alt
[QTranslate] 原始字符串: Meta
[QTranslate] 原始字符串: Num
[QTranslate] 原始字符串: Space
[QTranslate] 原始字符串: Esc
[QTranslate] 原始字符串: Tab
[QTranslate] 原始字符串: Backtab
[QTranslate] 原始字符串: Backspace
[QTranslate] 原始字符串: Return
[QTranslate] 原始字符串: Enter
[QTranslate] 原始字符串: Ins
[QTranslate] 原始字符串: Del
[QTranslate] 原始字符串: Pause
[QTranslate] 原始字符串: Print
[QTranslate] 原始字符串: SysReq
[QTranslate] 原始字符串: Home
[QTranslate] 原始字符串: End
[QTranslate] 原始字符串: Left
[QTranslate] 原始字符串: Up
[QString::FromUtf8] 原始字符串: Down
[QTranslate] 原始字符串: Ctrl
[QTranslate] 原始字符串: Shift
[QTranslate] 原始字符串: Alt
[QTranslate] 原始字符串: Meta
[QTranslate] 原始字符串: Num
[QTranslate] 原始字符串: Space
[QTranslate] 原始字符串: Esc
[QTranslate] 原始字符串: Tab
[QTranslate] 原始字符串: Backtab
[QTranslate] 原始字符串: Backspace
[QTranslate] 原始字符串: Return
[QTranslate] 原始字符串: Enter
[QTranslate] 原始字符串: Ins
[QTranslate] 原始字符串: Del
[QTranslate] 原始字符串: Pause
[QTranslate] 原始字符串: Print
[QTranslate] 原始字符串: SysReq
[QTranslate] 原始字符串: Home
[QTranslate] 原始字符串: End
[QTranslate] 原始字符串: Left
[QTranslate] 原始字符串: Up
[QTranslate] 原始字符串: Right
[QTranslate] 原始字符串: Down
[QString::FromUtf8] 原始字符串: Shift+Down
[QTranslate] 原始字符串: Ctrl
[QTranslate] 原始字符串: Shift
[QTranslate] 原始字符串: Alt
[QTranslate] 原始字符串: Meta
[QTranslate] 原始字符串: Num
[QTranslate] 原始字符串: Space
[QTranslate] 原始字符串: Esc
[QTranslate] 原始字符串: Tab
[QTranslate] 原始字符串: Backtab
[QTranslate] 原始字符串: Backspace
[QTranslate] 原始字符串: Return
[QTranslate] 原始字符串: Enter
[QTranslate] 原始字符串: Ins
[QTranslate] 原始字符串: Del
[QTranslate] 原始字符串: Pause
[QTranslate] 原始字符串: Print
[QTranslate] 原始字符串: SysReq
[QTranslate] 原始字符串: Home
[QTranslate] 原始字符串: End
[QTranslate] 原始字符串: Left
[QTranslate] 原始字符串: Up
[QTranslate] 原始字符串: Right
[QTranslate] 原始字符串: Down
[QString::FromUtf8] 原始字符串: PgUp
[QTranslate] 原始字符串: Ctrl
[QTranslate] 原始字符串: Shift
[QTranslate] 原始字符串: Alt
[QTranslate] 原始字符串: Meta
[QTranslate] 原始字符串: Num
[QTranslate] 原始字符串: Space
[QTranslate] 原始字符串: Esc
[QTranslate] 原始字符串: Tab
[QTranslate] 原始字符串: Backtab
[QTranslate] 原始字符串: Backspace
[QTranslate] 原始字符串: Return
[QTranslate] 原始字符串: Enter
[QTranslate] 原始字符串: Ins
[QTranslate] 原始字符串: Del
[QTranslate] 原始字符串: Pause
[QTranslate] 原始字符串: Print
[QTranslate] 原始字符串: SysReq
[QTranslate] 原始字符串: Home
[QTranslate] 原始字符串: End
[QTranslate] 原始字符串: Left
[QTranslate] 原始字符串: Up
[QTranslate] 原始字符串: Right
[QTranslate] 原始字符串: Down
[QTranslate] 原始字符串: PgUp
[QString::FromUtf8] 原始字符串: Shift+PgUp
[QTranslate] 原始字符串: Ctrl
[QTranslate] 原始字符串: Shift
[QTranslate] 原始字符串: Alt
[QTranslate] 原始字符串: Meta
[QTranslate] 原始字符串: Num
[QTranslate] 原始字符串: Space
[QTranslate] 原始字符串: Esc
[QTranslate] 原始字符串: Tab
[QTranslate] 原始字符串: Backtab
[QTranslate] 原始字符串: Backspace
[QTranslate] 原始字符串: Return
[QTranslate] 原始字符串: Enter
[QTranslate] 原始字符串: Ins
[QTranslate] 原始字符串: Del
[QTranslate] 原始字符串: Pause
[QTranslate] 原始字符串: Print
[QTranslate] 原始字符串: SysReq
[QTranslate] 原始字符串: Home
[QTranslate] 原始字符串: End
[QTranslate] 原始字符串: Left
[QTranslate] 原始字符串: Up
[QTranslate] 原始字符串: Right
[QTranslate] 原始字符串: Down
[QTranslate] 原始字符串: PgUp
[QString::FromUtf8] 原始字符串: PgDown
[QTranslate] 原始字符串: Ctrl
[QTranslate] 原始字符串: Shift
[QTranslate] 原始字符串: Alt
[QTranslate] 原始字符串: Meta
[QTranslate] 原始字符串: Num
[QTranslate] 原始字符串: Space
[QTranslate] 原始字符串: Esc
[QTranslate] 原始字符串: Tab
[QTranslate] 原始字符串: Backtab
[QTranslate] 原始字符串: Backspace
[QTranslate] 原始字符串: Return
[QTranslate] 原始字符串: Enter
[QTranslate] 原始字符串: Ins
[QTranslate] 原始字符串: Del
[QTranslate] 原始字符串: Pause
[QTranslate] 原始字符串: Print
[QTranslate] 原始字符串: SysReq
[QTranslate] 原始字符串: Home
[QTranslate] 原始字符串: End
[QTranslate] 原始字符串: Left
[QTranslate] 原始字符串: Up
[QTranslate] 原始字符串: Right
[QTranslate] 原始字符串: Down
[QTranslate] 原始字符串: PgUp
[QTranslate] 原始字符串: PgDown
[QString::FromUtf8] 原始字符串: Shift+PgDown
[QTranslate] 原始字符串: Ctrl
[QTranslate] 原始字符串: Shift
[QTranslate] 原始字符串: Alt
[QTranslate] 原始字符串: Meta
[QTranslate] 原始字符串: Num
[QTranslate] 原始字符串: Space
[QTranslate] 原始字符串: Esc
[QTranslate] 原始字符串: Tab
[QTranslate] 原始字符串: Backtab
[QTranslate] 原始字符串: Backspace
[QTranslate] 原始字符串: Return
[QTranslate] 原始字符串: Enter
[QTranslate] 原始字符串: Ins
[QTranslate] 原始字符串: Del
[QTranslate] 原始字符串: Pause
[QTranslate] 原始字符串: Print
[QTranslate] 原始字符串: SysReq
[QTranslate] 原始字符串: Home
[QTranslate] 原始字符串: End
[QTranslate] 原始字符串: Left
[QTranslate] 原始字符串: Up
[QTranslate] 原始字符串: Right
[QTranslate] 原始字符串: Down
[QTranslate] 原始字符串: PgUp
[QTranslate] 原始字符串: PgDown
[QString::FromUtf8] 原始字符串: Home
[QTranslate] 原始字符串: Ctrl
[QTranslate] 原始字符串: Shift
[QTranslate] 原始字符串: Alt
[QTranslate] 原始字符串: Meta
[QTranslate] 原始字符串: Num
[QTranslate] 原始字符串: Space
[QTranslate] 原始字符串: Esc
[QTranslate] 原始字符串: Tab
[QTranslate] 原始字符串: Backtab
[QTranslate] 原始字符串: Backspace
[QTranslate] 原始字符串: Return
[QTranslate] 原始字符串: Enter
[QTranslate] 原始字符串: Ins
[QTranslate] 原始字符串: Del
[QTranslate] 原始字符串: Pause
[QTranslate] 原始字符串: Print
[QTranslate] 原始字符串: SysReq
[QTranslate] 原始字符串: Home
[QString::FromUtf8] 原始字符串: Shift+Home
[QTranslate] 原始字符串: Ctrl
[QTranslate] 原始字符串: Shift
[QTranslate] 原始字符串: Alt
[QTranslate] 原始字符串: Meta
[QTranslate] 原始字符串: Num
[QTranslate] 原始字符串: Space
[QTranslate] 原始字符串: Esc
[QTranslate] 原始字符串: Tab
[QTranslate] 原始字符串: Backtab
[QTranslate] 原始字符串: Backspace
[QTranslate] 原始字符串: Return
[QTranslate] 原始字符串: Enter
[QTranslate] 原始字符串: Ins
[QTranslate] 原始字符串: Del
[QTranslate] 原始字符串: Pause
[QTranslate] 原始字符串: Print
[QTranslate] 原始字符串: SysReq
[QTranslate] 原始字符串: Home
[QString::FromUtf8] 原始字符串: End
[QTranslate] 原始字符串: Ctrl
[QTranslate] 原始字符串: Shift
[QTranslate] 原始字符串: Alt
[QTranslate] 原始字符串: Meta
[QTranslate] 原始字符串: Num
[QTranslate] 原始字符串: Space
[QTranslate] 原始字符串: Esc
[QTranslate] 原始字符串: Tab
[QTranslate] 原始字符串: Backtab
[QTranslate] 原始字符串: Backspace
[QTranslate] 原始字符串: Return
[QTranslate] 原始字符串: Enter
[QTranslate] 原始字符串: Ins
[QTranslate] 原始字符串: Del
[QTranslate] 原始字符串: Pause
[QTranslate] 原始字符串: Print
[QTranslate] 原始字符串: SysReq
[QTranslate] 原始字符串: Home
[QTranslate] 原始字符串: End
[QString::FromUtf8] 原始字符串: Shift+End
[QTranslate] 原始字符串: Ctrl
[QTranslate] 原始字符串: Shift
[QTranslate] 原始字符串: Alt
[QTranslate] 原始字符串: Meta
[QTranslate] 原始字符串: Num
[QTranslate] 原始字符串: Space
[QTranslate] 原始字符串: Esc
[QTranslate] 原始字符串: Tab
[QTranslate] 原始字符串: Backtab
[QTranslate] 原始字符串: Backspace
[QTranslate] 原始字符串: Return
[QTranslate] 原始字符串: Enter
[QTranslate] 原始字符串: Ins
[QTranslate] 原始字符串: Del
[QTranslate] 原始字符串: Pause
[QTranslate] 原始字符串: Print
[QTranslate] 原始字符串: SysReq
[QTranslate] 原始字符串: Home
[QTranslate] 原始字符串: End
[QString::FromUtf8] 原始字符串: Ctrl+Home
[QTranslate] 原始字符串: Ctrl
[QTranslate] 原始字符串: Shift
[QTranslate] 原始字符串: Alt
[QTranslate] 原始字符串: Meta
[QTranslate] 原始字符串: Num
[QTranslate] 原始字符串: Space
[QTranslate] 原始字符串: Esc
[QTranslate] 原始字符串: Tab
[QTranslate] 原始字符串: Backtab
[QTranslate] 原始字符串: Backspace
[QTranslate] 原始字符串: Return
[QTranslate] 原始字符串: Enter
[QTranslate] 原始字符串: Ins
[QTranslate] 原始字符串: Del
[QTranslate] 原始字符串: Pause
[QTranslate] 原始字符串: Print
[QTranslate] 原始字符串: SysReq
[QTranslate] 原始字符串: Home
[QString::FromUtf8] 原始字符串: Ctrl+Shift+Home
[QTranslate] 原始字符串: Ctrl
[QTranslate] 原始字符串: Shift
[QTranslate] 原始字符串: Alt
[QTranslate] 原始字符串: Meta
[QTranslate] 原始字符串: Num
[QTranslate] 原始字符串: Space
[QTranslate] 原始字符串: Esc
[QTranslate] 原始字符串: Tab
[QTranslate] 原始字符串: Backtab
[QTranslate] 原始字符串: Backspace
[QTranslate] 原始字符串: Return
[QTranslate] 原始字符串: Enter
[QTranslate] 原始字符串: Ins
[QTranslate] 原始字符串: Del
[QTranslate] 原始字符串: Pause
[QTranslate] 原始字符串: Print
[QTranslate] 原始字符串: SysReq
[QTranslate] 原始字符串: Home
[QString::FromUtf8] 原始字符串: Ctrl+End
[QTranslate] 原始字符串: Ctrl
[QTranslate] 原始字符串: Shift
[QTranslate] 原始字符串: Alt
[QTranslate] 原始字符串: Meta
[QTranslate] 原始字符串: Num
[QTranslate] 原始字符串: Space
[QTranslate] 原始字符串: Esc
[QTranslate] 原始字符串: Tab
[QTranslate] 原始字符串: Backtab
[QTranslate] 原始字符串: Backspace
[QTranslate] 原始字符串: Return
[QTranslate] 原始字符串: Enter
[QTranslate] 原始字符串: Ins
[QTranslate] 原始字符串: Del
[QTranslate] 原始字符串: Pause
[QTranslate] 原始字符串: Print
[QTranslate] 原始字符串: SysReq
[QTranslate] 原始字符串: Home
[QTranslate] 原始字符串: End
[QString::FromUtf8] 原始字符串: Ctrl+Shift+End
[QTranslate] 原始字符串: Ctrl
[QTranslate] 原始字符串: Shift
[QTranslate] 原始字符串: Alt
[QTranslate] 原始字符串: Meta
[QTranslate] 原始字符串: Num
[QTranslate] 原始字符串: Space
[QTranslate] 原始字符串: Esc
[QTranslate] 原始字符串: Tab
[QTranslate] 原始字符串: Backtab
[QTranslate] 原始字符串: Backspace
[QTranslate] 原始字符串: Return
[QTranslate] 原始字符串: Enter
[QTranslate] 原始字符串: Ins
[QTranslate] 原始字符串: Del
[QTranslate] 原始字符串: Pause
[QTranslate] 原始字符串: Print
[QTranslate] 原始字符串: SysReq
[QTranslate] 原始字符串: Home
[QTranslate] 原始字符串: End
[QString::FromUtf8] 原始字符串: Ctrl+C
[QTranslate] 原始字符串: Ctrl
[QTranslate] 原始字符串: Shift
[QTranslate] 原始字符串: Alt
[QTranslate] 原始字符串: Meta
[QTranslate] 原始字符串: Num
[QString::FromUtf8] 原始字符串: Ctrl+Ins
[QTranslate] 原始字符串: Ctrl
[QTranslate] 原始字符串: Shift
[QTranslate] 原始字符串: Alt
[QTranslate] 原始字符串: Meta
[QTranslate] 原始字符串: Num
[QTranslate] 原始字符串: Space
[QTranslate] 原始字符串: Esc
[QTranslate] 原始字符串: Tab
[QTranslate] 原始字符串: Backtab
[QTranslate] 原始字符串: Backspace
[QTranslate] 原始字符串: Return
[QTranslate] 原始字符串: Enter
[QTranslate] 原始字符串: Ins
[QString::FromUtf8] 原始字符串: Ctrl+A
[QTranslate] 原始字符串: Ctrl
[QTranslate] 原始字符串: Shift
[QTranslate] 原始字符串: Alt
[QTranslate] 原始字符串: Meta
[QTranslate] 原始字符串: Num
[QString::FromUtf8] 原始字符串: Alt+T
[QTranslate] 原始字符串: Ctrl
[QTranslate] 原始字符串: Shift
[QTranslate] 原始字符串: Alt
[QTranslate] 原始字符串: Meta
[QTranslate] 原始字符串: Num
[QString::FromUtf8] 原始字符串: Ctrl+T
[QTranslate] 原始字符串: Ctrl
[QTranslate] 原始字符串: Shift
[QTranslate] 原始字符串: Alt
[QTranslate] 原始字符串: Meta
[QTranslate] 原始字符串: Num
[QString::FromUtf8] 原始字符串: Ctrl+X
[QTranslate] 原始字符串: Ctrl
[QTranslate] 原始字符串: Shift
[QTranslate] 原始字符串: Alt
[QTranslate] 原始字符串: Meta
[QTranslate] 原始字符串: Num
[QString::FromUtf8] 原始字符串: Ctrl+S
[QTranslate] 原始字符串: Ctrl
[QTranslate] 原始字符串: Shift
[QTranslate] 原始字符串: Alt
[QTranslate] 原始字符串: Meta
[QTranslate] 原始字符串: Num
[QString::FromUtf8] 原始字符串: Alt+Left
[QTranslate] 原始字符串: Ctrl
[QTranslate] 原始字符串: Shift
[QTranslate] 原始字符串: Alt
[QTranslate] 原始字符串: Meta
[QTranslate] 原始字符串: Num
[QTranslate] 原始字符串: Space
[QTranslate] 原始字符串: Esc
[QTranslate] 原始字符串: Tab
[QTranslate] 原始字符串: Backtab
[QTranslate] 原始字符串: Backspace
[QTranslate] 原始字符串: Return
[QTranslate] 原始字符串: Enter
[QTranslate] 原始字符串: Ins
[QTranslate] 原始字符串: Del
[QTranslate] 原始字符串: Pause
[QTranslate] 原始字符串: Print
[QTranslate] 原始字符串: SysReq
[QTranslate] 原始字符串: Home
[QTranslate] 原始字符串: End
[QTranslate] 原始字符串: Left
[QString::FromUtf8] 原始字符串: Alt+Right
[QTranslate] 原始字符串: Ctrl
[QTranslate] 原始字符串: Shift
[QTranslate] 原始字符串: Alt
[QTranslate] 原始字符串: Meta
[QTranslate] 原始字符串: Num
[QTranslate] 原始字符串: Space
[QTranslate] 原始字符串: Esc
[QTranslate] 原始字符串: Tab
[QTranslate] 原始字符串: Backtab
[QTranslate] 原始字符串: Backspace
[QTranslate] 原始字符串: Return
[QTranslate] 原始字符串: Enter
[QTranslate] 原始字符串: Ins
[QTranslate] 原始字符串: Del
[QTranslate] 原始字符串: Pause
[QTranslate] 原始字符串: Print
[QTranslate] 原始字符串: SysReq
[QTranslate] 原始字符串: Home
[QTranslate] 原始字符串: End
[QTranslate] 原始字符串: Left
[QTranslate] 原始字符串: Up
[QTranslate] 原始字符串: Right
[QString::FromUtf8] 原始字符串: Alt+Home
[QTranslate] 原始字符串: Ctrl
[QTranslate] 原始字符串: Shift
[QTranslate] 原始字符串: Alt
[QTranslate] 原始字符串: Meta
[QTranslate] 原始字符串: Num
[QTranslate] 原始字符串: Space
[QTranslate] 原始字符串: Esc
[QTranslate] 原始字符串: Tab
[QTranslate] 原始字符串: Backtab
[QTranslate] 原始字符串: Backspace
[QTranslate] 原始字符串: Return
[QTranslate] 原始字符串: Enter
[QTranslate] 原始字符串: Ins
[QTranslate] 原始字符串: Del
[QTranslate] 原始字符串: Pause
[QTranslate] 原始字符串: Print
[QTranslate] 原始字符串: SysReq
[QTranslate] 原始字符串: Home
[QString::FromUtf8] 原始字符串: Alt+End
[QTranslate] 原始字符串: Ctrl
[QTranslate] 原始字符串: Shift
[QTranslate] 原始字符串: Alt
[QTranslate] 原始字符串: Meta
[QTranslate] 原始字符串: Num
[QTranslate] 原始字符串: Space
[QTranslate] 原始字符串: Esc
[QTranslate] 原始字符串: Tab
[QTranslate] 原始字符串: Backtab
[QTranslate] 原始字符串: Backspace
[QTranslate] 原始字符串: Return
[QTranslate] 原始字符串: Enter
[QTranslate] 原始字符串: Ins
[QTranslate] 原始字符串: Del
[QTranslate] 原始字符串: Pause
[QTranslate] 原始字符串: Print
[QTranslate] 原始字符串: SysReq
[QTranslate] 原始字符串: Home
[QTranslate] 原始字符串: End
[QString::FromUtf8] 原始字符串: Alt+Up
[QTranslate] 原始字符串: Ctrl
[QTranslate] 原始字符串: Shift
[QTranslate] 原始字符串: Alt
[QTranslate] 原始字符串: Meta
[QTranslate] 原始字符串: Num
[QTranslate] 原始字符串: Space
[QTranslate] 原始字符串: Esc
[QTranslate] 原始字符串: Tab
[QTranslate] 原始字符串: Backtab
[QTranslate] 原始字符串: Backspace
[QTranslate] 原始字符串: Return
[QTranslate] 原始字符串: Enter
[QTranslate] 原始字符串: Ins
[QTranslate] 原始字符串: Del
[QTranslate] 原始字符串: Pause
[QTranslate] 原始字符串: Print
[QTranslate] 原始字符串: SysReq
[QTranslate] 原始字符串: Home
[QTranslate] 原始字符串: End
[QTranslate] 原始字符串: Left
[QTranslate] 原始字符串: Up
[QString::FromUtf8] 原始字符串: Alt+Down
[QTranslate] 原始字符串: Ctrl
[QTranslate] 原始字符串: Shift
[QTranslate] 原始字符串: Alt
[QTranslate] 原始字符串: Meta
[QTranslate] 原始字符串: Num
[QTranslate] 原始字符串: Space
[QTranslate] 原始字符串: Esc
[QTranslate] 原始字符串: Tab
[QTranslate] 原始字符串: Backtab
[QTranslate] 原始字符串: Backspace
[QTranslate] 原始字符串: Return
[QTranslate] 原始字符串: Enter
[QTranslate] 原始字符串: Ins
[QTranslate] 原始字符串: Del
[QTranslate] 原始字符串: Pause
[QTranslate] 原始字符串: Print
[QTranslate] 原始字符串: SysReq
[QTranslate] 原始字符串: Home
[QTranslate] 原始字符串: End
[QTranslate] 原始字符串: Left
[QTranslate] 原始字符串: Up
[QTranslate] 原始字符串: Right
[QTranslate] 原始字符串: Down
[QString::FromUtf8] 原始字符串: Alt+Shift+Up
[QTranslate] 原始字符串: Ctrl
[QTranslate] 原始字符串: Shift
[QTranslate] 原始字符串: Alt
[QTranslate] 原始字符串: Meta
[QTranslate] 原始字符串: Num
[QTranslate] 原始字符串: Space
[QTranslate] 原始字符串: Esc
[QTranslate] 原始字符串: Tab
[QTranslate] 原始字符串: Backtab
[QTranslate] 原始字符串: Backspace
[QTranslate] 原始字符串: Return
[QTranslate] 原始字符串: Enter
[QTranslate] 原始字符串: Ins
[QTranslate] 原始字符串: Del
[QTranslate] 原始字符串: Pause
[QTranslate] 原始字符串: Print
[QTranslate] 原始字符串: SysReq
[QTranslate] 原始字符串: Home
[QTranslate] 原始字符串: End
[QTranslate] 原始字符串: Left
[QTranslate] 原始字符串: Up
[QString::FromUtf8] 原始字符串: Alt+Shift+Down
[QTranslate] 原始字符串: Ctrl
[QTranslate] 原始字符串: Shift
[QTranslate] 原始字符串: Alt
[QTranslate] 原始字符串: Meta
[QTranslate] 原始字符串: Num
[QTranslate] 原始字符串: Space
[QTranslate] 原始字符串: Esc
[QTranslate] 原始字符串: Tab
[QTranslate] 原始字符串: Backtab
[QTranslate] 原始字符串: Backspace
[QTranslate] 原始字符串: Return
[QTranslate] 原始字符串: Enter
[QTranslate] 原始字符串: Ins
[QTranslate] 原始字符串: Del
[QTranslate] 原始字符串: Pause
[QTranslate] 原始字符串: Print
[QTranslate] 原始字符串: SysReq
[QTranslate] 原始字符串: Home
[QTranslate] 原始字符串: End
[QTranslate] 原始字符串: Left
[QTranslate] 原始字符串: Up
[QTranslate] 原始字符串: Right
[QTranslate] 原始字符串: Down
[QString::FromUtf8] 原始字符串: Alt+Shift+V
[QTranslate] 原始字符串: Ctrl
[QTranslate] 原始字符串: Shift
[QTranslate] 原始字符串: Alt
[QTranslate] 原始字符串: Meta
[QTranslate] 原始字符串: Num
[QString::FromUtf8] 原始字符串: Ctrl+I
[QTranslate] 原始字符串: Ctrl
[QTranslate] 原始字符串: Shift
[QTranslate] 原始字符串: Alt
[QTranslate] 原始字符串: Meta
[QTranslate] 原始字符串: Num
[QString::FromUtf8] 原始字符串: Ctrl+Shift+I
[QTranslate] 原始字符串: Ctrl
[QTranslate] 原始字符串: Shift
[QTranslate] 原始字符串: Alt
[QTranslate] 原始字符串: Meta
[QTranslate] 原始字符串: Num
[QString::FromUtf8] 原始字符串: Ctrl+X
[QTranslate] 原始字符串: Ctrl
[QTranslate] 原始字符串: Shift
[QTranslate] 原始字符串: Alt
[QTranslate] 原始字符串: Meta
[QTranslate] 原始字符串: Num
[QString::FromUtf8] 原始字符串: Ctrl+Shift+X
[QTranslate] 原始字符串: Ctrl
[QTranslate] 原始字符串: Shift
[QTranslate] 原始字符串: Alt
[QTranslate] 原始字符串: Meta
[QTranslate] 原始字符串: Num
[QString::FromUtf8] 原始字符串: Ctrl+L
[QTranslate] 原始字符串: Ctrl
[QTranslate] 原始字符串: Shift
[QTranslate] 原始字符串: Alt
[QTranslate] 原始字符串: Meta
[QTranslate] 原始字符串: Num
[QString::FromUtf8] 原始字符串: Ctrl+Shift+L
[QTranslate] 原始字符串: Ctrl
[QTranslate] 原始字符串: Shift
[QTranslate] 原始字符串: Alt
[QTranslate] 原始字符串: Meta
[QTranslate] 原始字符串: Num
[QString::FromUtf8] 原始字符串: Ctrl+S
[QTranslate] 原始字符串: Ctrl
[QTranslate] 原始字符串: Shift
[QTranslate] 原始字符串: Alt
[QTranslate] 原始字符串: Meta
[QTranslate] 原始字符串: Num
[QString::FromUtf8] 原始字符串: Ctrl+G
[QTranslate] 原始字符串: Ctrl
[QTranslate] 原始字符串: Shift
[QTranslate] 原始字符串: Alt
[QTranslate] 原始字符串: Meta
[QTranslate] 原始字符串: Num
[QString::FromUtf8] 原始字符串: Ctrl+E
[QTranslate] 原始字符串: Ctrl
[QTranslate] 原始字符串: Shift
[QTranslate] 原始字符串: Alt
[QTranslate] 原始字符串: Meta
[QTranslate] 原始字符串: Num
[QString::FromUtf8] 原始字符串: Ctrl+D
[QTranslate] 原始字符串: Ctrl
[QTranslate] 原始字符串: Shift
[QTranslate] 原始字符串: Alt
[QTranslate] 原始字符串: Meta
[QTranslate] 原始字符串: Num
[QString::FromUtf8] 原始字符串: Ctrl+Space
[QTranslate] 原始字符串: Ctrl
[QTranslate] 原始字符串: Shift
[QTranslate] 原始字符串: Alt
[QTranslate] 原始字符串: Meta
[QTranslate] 原始字符串: Num
[QTranslate] 原始字符串: Space
[QString::FromUtf8] 原始字符串: E
[QTranslate] 原始字符串: Ctrl
[QTranslate] 原始字符串: Shift
[QTranslate] 原始字符串: Alt
[QTranslate] 原始字符串: Meta
[QTranslate] 原始字符串: Num
[QString::FromUtf8] 原始字符串: 0
[QTranslate] 原始字符串: Ctrl
[QTranslate] 原始字符串: Shift
[QTranslate] 原始字符串: Alt
[QTranslate] 原始字符串: Meta
[QTranslate] 原始字符串: Num
[QString::FromUtf8] 原始字符串: Space
[QTranslate] 原始字符串: Ctrl
[QTranslate] 原始字符串: Shift
[QTranslate] 原始字符串: Alt
[QTranslate] 原始字符串: Meta
[QTranslate] 原始字符串: Num
[QTranslate] 原始字符串: Space
[QString::FromUtf8] 原始字符串: +
[QTranslate] 原始字符串: Ctrl
[QTranslate] 原始字符串: Shift
[QTranslate] 原始字符串: Alt
[QTranslate] 原始字符串: Meta
[QTranslate] 原始字符串: Num
[QString::FromUtf8] 原始字符串: -
[QTranslate] 原始字符串: Ctrl
[QTranslate] 原始字符串: Shift
[QTranslate] 原始字符串: Alt
[QTranslate] 原始字符串: Meta
[QTranslate] 原始字符串: Num
[QString::FromUtf8] 原始字符串: Ctrl+Z
[QTranslate] 原始字符串: Ctrl
[QTranslate] 原始字符串: Shift
[QTranslate] 原始字符串: Alt
[QTranslate] 原始字符串: Meta
[QTranslate] 原始字符串: Num
[QString::FromUtf8] 原始字符串: Alt+Backspace
[QTranslate] 原始字符串: Ctrl
[QTranslate] 原始字符串: Shift
[QTranslate] 原始字符串: Alt
[QTranslate] 原始字符串: Meta
[QTranslate] 原始字符串: Num
[QTranslate] 原始字符串: Space
[QTranslate] 原始字符串: Esc
[QTranslate] 原始字符串: Tab
[QTranslate] 原始字符串: Backtab
[QTranslate] 原始字符串: Backspace
[QString::FromUtf8] 原始字符串: Ctrl+Y
[QTranslate] 原始字符串: Ctrl
[QTranslate] 原始字符串: Shift
[QTranslate] 原始字符串: Alt
[QTranslate] 原始字符串: Meta
[QTranslate] 原始字符串: Num
[QString::FromUtf8] 原始字符串: Alt+Shift+Backspace
[QTranslate] 原始字符串: Ctrl
[QTranslate] 原始字符串: Shift
[QTranslate] 原始字符串: Alt
[QTranslate] 原始字符串: Meta
[QTranslate] 原始字符串: Num
[QTranslate] 原始字符串: Space
[QTranslate] 原始字符串: Esc
[QTranslate] 原始字符串: Tab
[QTranslate] 原始字符串: Backtab
[QTranslate] 原始字符串: Backspace
[QString::FromUtf8] 原始字符串: Ctrl+Shift+Z
[QTranslate] 原始字符串: Ctrl
[QTranslate] 原始字符串: Shift
[QTranslate] 原始字符串: Alt
[QTranslate] 原始字符串: Meta
[QTranslate] 原始字符串: Num
[QString::FromUtf8] 原始字符串: Ctrl+C
[QTranslate] 原始字符串: Ctrl
[QTranslate] 原始字符串: Shift
[QTranslate] 原始字符串: Alt
[QTranslate] 原始字符串: Meta
[QTranslate] 原始字符串: Num
[QString::FromUtf8] 原始字符串: Ctrl+Shift+Ins
[QTranslate] 原始字符串: Ctrl
[QTranslate] 原始字符串: Shift
[QTranslate] 原始字符串: Alt
[QTranslate] 原始字符串: Meta
[QTranslate] 原始字符串: Num
[QTranslate] 原始字符串: Space
[QTranslate] 原始字符串: Esc
[QTranslate] 原始字符串: Tab
[QTranslate] 原始字符串: Backtab
[QTranslate] 原始字符串: Backspace
[QTranslate] 原始字符串: Return
[QTranslate] 原始字符串: Enter
[QTranslate] 原始字符串: Ins
[QString::FromUtf8] 原始字符串: Ctrl+F
[QTranslate] 原始字符串: Ctrl
[QTranslate] 原始字符串: Shift
[QTranslate] 原始字符串: Alt
[QTranslate] 原始字符串: Meta
[QTranslate] 原始字符串: Num
[QString::FromUtf8] 原始字符串: Alt+T
[QTranslate] 原始字符串: Ctrl
[QTranslate] 原始字符串: Shift
[QTranslate] 原始字符串: Alt
[QTranslate] 原始字符串: Meta
[QTranslate] 原始字符串: Num
[QString::FromUtf8] 原始字符串: Ctrl+T
[QTranslate] 原始字符串: Ctrl
[QTranslate] 原始字符串: Shift
[QTranslate] 原始字符串: Alt
[QTranslate] 原始字符串: Meta
[QTranslate] 原始字符串: Num
[QString::FromUtf8] 原始字符串: Ctrl+Shift+N
[QTranslate] 原始字符串: Ctrl
[QTranslate] 原始字符串: Shift
[QTranslate] 原始字符串: Alt
[QTranslate] 原始字符串: Meta
[QTranslate] 原始字符串: Num
[QString::FromUtf8] 原始字符串: F12
[QTranslate] 原始字符串: Ctrl
[QTranslate] 原始字符串: Shift
[QTranslate] 原始字符串: Alt
[QTranslate] 原始字符串: Meta
[QTranslate] 原始字符串: Num
[QString::FromUtf8] 原始字符串: Ctrl+F12
[QTranslate] 原始字符串: Ctrl
[QTranslate] 原始字符串: Shift
[QTranslate] 原始字符串: Alt
[QTranslate] 原始字符串: Meta
[QTranslate] 原始字符串: Num
[QString::FromUtf8] 原始字符串: Alt+F12
[QTranslate] 原始字符串: Ctrl
[QTranslate] 原始字符串: Shift
[QTranslate] 原始字符串: Alt
[QTranslate] 原始字符串: Meta
[QTranslate] 原始字符串: Num
[QString::FromUtf8] 原始字符串: Ctrl+Shift+X
[QTranslate] 原始字符串: Ctrl
[QTranslate] 原始字符串: Shift
[QTranslate] 原始字符串: Alt
[QTranslate] 原始字符串: Meta
[QTranslate] 原始字符串: Num
[QString::FromUtf8] 原始字符串: Ctrl+F1
[QTranslate] 原始字符串: Ctrl
[QTranslate] 原始字符串: Shift
[QTranslate] 原始字符串: Alt
[QTranslate] 原始字符串: Meta
[QTranslate] 原始字符串: Num
[QString::FromUtf8] 原始字符串: Ctrl+P
[QTranslate] 原始字符串: Ctrl
[QTranslate] 原始字符串: Shift
[QTranslate] 原始字符串: Alt
[QTranslate] 原始字符串: Meta
[QTranslate] 原始字符串: Num
[QString::FromUtf8] 原始字符串: Ctrl+N
[QTranslate] 原始字符串: Ctrl
[QTranslate] 原始字符串: Shift
[QTranslate] 原始字符串: Alt
[QTranslate] 原始字符串: Meta
[QTranslate] 原始字符串: Num
[QString::FromUtf8] 原始字符串: Ctrl+Shift+P
[QTranslate] 原始字符串: Ctrl
[QTranslate] 原始字符串: Shift
[QTranslate] 原始字符串: Alt
[QTranslate] 原始字符串: Meta
[QTranslate] 原始字符串: Num
[QString::FromUtf8] 原始字符串: Ctrl+Shift+N
[QTranslate] 原始字符串: Ctrl
[QTranslate] 原始字符串: Shift
[QTranslate] 原始字符串: Alt
[QTranslate] 原始字符串: Meta
[QTranslate] 原始字符串: Num
[QString::FromUtf8] 原始字符串: Ins
[QTranslate] 原始字符串: Ctrl
[QTranslate] 原始字符串: Shift
[QTranslate] 原始字符串: Alt
[QTranslate] 原始字符串: Meta
[QTranslate] 原始字符串: Num
[QTranslate] 原始字符串: Space
[QTranslate] 原始字符串: Esc
[QTranslate] 原始字符串: Tab
[QTranslate] 原始字符串: Backtab
[QTranslate] 原始字符串: Backspace
[QTranslate] 原始字符串: Return
[QTranslate] 原始字符串: Enter
[QTranslate] 原始字符串: Ins
[QString::FromUtf8] 原始字符串: Del
[QTranslate] 原始字符串: Ctrl
[QTranslate] 原始字符串: Shift
[QTranslate] 原始字符串: Alt
[QTranslate] 原始字符串: Meta
[QTranslate] 原始字符串: Num
[QTranslate] 原始字符串: Space
[QTranslate] 原始字符串: Esc
[QTranslate] 原始字符串: Tab
[QTranslate] 原始字符串: Backtab
[QTranslate] 原始字符串: Backspace
[QTranslate] 原始字符串: Return
[QTranslate] 原始字符串: Enter
[QTranslate] 原始字符串: Ins
[QTranslate] 原始字符串: Del
[QString::FromUtf8] 原始字符串: Ctrl+E
[QTranslate] 原始字符串: Ctrl
[QTranslate] 原始字符串: Shift
[QTranslate] 原始字符串: Alt
[QTranslate] 原始字符串: Meta
[QTranslate] 原始字符串: Num
[QString::FromUtf8] 原始字符串: Ctrl+U
[QTranslate] 原始字符串: Ctrl
[QTranslate] 原始字符串: Shift
[QTranslate] 原始字符串: Alt
[QTranslate] 原始字符串: Meta
[QTranslate] 原始字符串: Num
[QString::FromUtf8] 原始字符串: Ctrl+C
[QTranslate] 原始字符串: Ctrl
[QTranslate] 原始字符串: Shift
[QTranslate] 原始字符串: Alt
[QTranslate] 原始字符串: Meta
[QTranslate] 原始字符串: Num
[QString::FromUtf8] 原始字符串: Ctrl+Ins
[QTranslate] 原始字符串: Ctrl
[QTranslate] 原始字符串: Shift
[QTranslate] 原始字符串: Alt
[QTranslate] 原始字符串: Meta
[QTranslate] 原始字符串: Num
[QTranslate] 原始字符串: Space
[QTranslate] 原始字符串: Esc
[QTranslate] 原始字符串: Tab
[QTranslate] 原始字符串: Backtab
[QTranslate] 原始字符串: Backspace
[QTranslate] 原始字符串: Return
[QTranslate] 原始字符串: Enter
[QTranslate] 原始字符串: Ins
[QString::FromUtf8] 原始字符串: Ctrl+Shift+Ins
[QTranslate] 原始字符串: Ctrl
[QTranslate] 原始字符串: Shift
[QTranslate] 原始字符串: Alt
[QTranslate] 原始字符串: Meta
[QTranslate] 原始字符串: Num
[QTranslate] 原始字符串: Space
[QTranslate] 原始字符串: Esc
[QTranslate] 原始字符串: Tab
[QTranslate] 原始字符串: Backtab
[QTranslate] 原始字符串: Backspace
[QTranslate] 原始字符串: Return
[QTranslate] 原始字符串: Enter
[QTranslate] 原始字符串: Ins
[QString::FromUtf8] 原始字符串: Ctrl+F
[QTranslate] 原始字符串: Ctrl
[QTranslate] 原始字符串: Shift
[QTranslate] 原始字符串: Alt
[QTranslate] 原始字符串: Meta
[QTranslate] 原始字符串: Num
[QString::FromUtf8] 原始字符串: Ctrl+Shift+F
[QTranslate] 原始字符串: Ctrl
[QTranslate] 原始字符串: Shift
[QTranslate] 原始字符串: Alt
[QTranslate] 原始字符串: Meta
[QTranslate] 原始字符串: Num
[QString::FromUtf8] 原始字符串: Alt+T
[QTranslate] 原始字符串: Ctrl
[QTranslate] 原始字符串: Shift
[QTranslate] 原始字符串: Alt
[QTranslate] 原始字符串: Meta
[QTranslate] 原始字符串: Num
[QString::FromUtf8] 原始字符串: Ctrl+T
[QTranslate] 原始字符串: Ctrl
[QTranslate] 原始字符串: Shift
[QTranslate] 原始字符串: Alt
[QTranslate] 原始字符串: Meta
[QTranslate] 原始字符串: Num
[QString::FromUtf8] 原始字符串: Ctrl+F
[QTranslate] 原始字符串: Ctrl
[QTranslate] 原始字符串: Shift
[QTranslate] 原始字符串: Alt
[QTranslate] 原始字符串: Meta
[QTranslate] 原始字符串: Num
[QString::FromUtf8] 原始字符串: Ctrl+E
[QTranslate] 原始字符串: Ctrl
[QTranslate] 原始字符串: Shift
[QTranslate] 原始字符串: Alt
[QTranslate] 原始字符串: Meta
[QTranslate] 原始字符串: Num
[QString::FromUtf8] 原始字符串: Ins
[QTranslate] 原始字符串: Ctrl
[QTranslate] 原始字符串: Shift
[QTranslate] 原始字符串: Alt
[QTranslate] 原始字符串: Meta
[QTranslate] 原始字符串: Num
[QTranslate] 原始字符串: Space
[QTranslate] 原始字符串: Esc
[QTranslate] 原始字符串: Tab
[QTranslate] 原始字符串: Backtab
[QTranslate] 原始字符串: Backspace
[QTranslate] 原始字符串: Return
[QTranslate] 原始字符串: Enter
[QTranslate] 原始字符串: Ins
[QString::FromUtf8] 原始字符串: Del
[QTranslate] 原始字符串: Ctrl
[QTranslate] 原始字符串: Shift
[QTranslate] 原始字符串: Alt
[QTranslate] 原始字符串: Meta
[QTranslate] 原始字符串: Num
[QTranslate] 原始字符串: Space
[QTranslate] 原始字符串: Esc
[QTranslate] 原始字符串: Tab
[QTranslate] 原始字符串: Backtab
[QTranslate] 原始字符串: Backspace
[QTranslate] 原始字符串: Return
[QTranslate] 原始字符串: Enter
[QTranslate] 原始字符串: Ins
[QTranslate] 原始字符串: Del
[QString::FromUtf8] 原始字符串: F2
[QTranslate] 原始字符串: Ctrl
[QTranslate] 原始字符串: Shift
[QTranslate] 原始字符串: Alt
[QTranslate] 原始字符串: Meta
[QTranslate] 原始字符串: Num
[QString::FromUtf8] 原始字符串: Alt+T
[QTranslate] 原始字符串: Ctrl
[QTranslate] 原始字符串: Shift
[QTranslate] 原始字符串: Alt
[QTranslate] 原始字符串: Meta
[QTranslate] 原始字符串: Num
[QString::FromUtf8] 原始字符串: Ctrl+T
[QTranslate] 原始字符串: Ctrl
[QTranslate] 原始字符串: Shift
[QTranslate] 原始字符串: Alt
[QTranslate] 原始字符串: Meta
[QTranslate] 原始字符串: Num
[QString::FromUtf8] 原始字符串: Ctrl+C
[QTranslate] 原始字符串: Ctrl
[QTranslate] 原始字符串: Shift
[QTranslate] 原始字符串: Alt
[QTranslate] 原始字符串: Meta
[QTranslate] 原始字符串: Num
[QString::FromUtf8] 原始字符串: Ctrl+Ins
[QTranslate] 原始字符串: Ctrl
[QTranslate] 原始字符串: Shift
[QTranslate] 原始字符串: Alt
[QTranslate] 原始字符串: Meta
[QTranslate] 原始字符串: Num
[QTranslate] 原始字符串: Space
[QTranslate] 原始字符串: Esc
[QTranslate] 原始字符串: Tab
[QTranslate] 原始字符串: Backtab
[QTranslate] 原始字符串: Backspace
[QTranslate] 原始字符串: Return
[QTranslate] 原始字符串: Enter
[QTranslate] 原始字符串: Ins
[QString::FromUtf8] 原始字符串: Ctrl+Shift+Ins
[QTranslate] 原始字符串: Ctrl
[QTranslate] 原始字符串: Shift
[QTranslate] 原始字符串: Alt
[QTranslate] 原始字符串: Meta
[QTranslate] 原始字符串: Num
[QTranslate] 原始字符串: Space
[QTranslate] 原始字符串: Esc
[QTranslate] 原始字符串: Tab
[QTranslate] 原始字符串: Backtab
[QTranslate] 原始字符串: Backspace
[QTranslate] 原始字符串: Return
[QTranslate] 原始字符串: Enter
[QTranslate] 原始字符串: Ins
[QString::FromUtf8] 原始字符串: Ctrl+Num++
[QTranslate] 原始字符串: Ctrl
[QTranslate] 原始字符串: Shift
[QTranslate] 原始字符串: Alt
[QTranslate] 原始字符串: Meta
[QTranslate] 原始字符串: Num
[QString::FromUtf8] 原始字符串: Ctrl+Num+-
[QTranslate] 原始字符串: Ctrl
[QTranslate] 原始字符串: Shift
[QTranslate] 原始字符串: Alt
[QTranslate] 原始字符串: Meta
[QTranslate] 原始字符串: Num
[QString::FromUtf8] 原始字符串: Ctrl+X
[QTranslate] 原始字符串: Ctrl
[QTranslate] 原始字符串: Shift
[QTranslate] 原始字符串: Alt
[QTranslate] 原始字符串: Meta
[QTranslate] 原始字符串: Num
[QString::FromUtf8] 原始字符串: Ctrl+V
[QTranslate] 原始字符串: Ctrl
[QTranslate] 原始字符串: Shift
[QTranslate] 原始字符串: Alt
[QTranslate] 原始字符串: Meta
[QTranslate] 原始字符串: Num
[QString::FromUtf8] 原始字符串: Ins
[QTranslate] 原始字符串: Ctrl
[QTranslate] 原始字符串: Shift
[QTranslate] 原始字符串: Alt
[QTranslate] 原始字符串: Meta
[QTranslate] 原始字符串: Num
[QTranslate] 原始字符串: Space
[QTranslate] 原始字符串: Esc
[QTranslate] 原始字符串: Tab
[QTranslate] 原始字符串: Backtab
[QTranslate] 原始字符串: Backspace
[QTranslate] 原始字符串: Return
[QTranslate] 原始字符串: Enter
[QTranslate] 原始字符串: Ins
[QString::FromUtf8] 原始字符串: Del
[QTranslate] 原始字符串: Ctrl
[QTranslate] 原始字符串: Shift
[QTranslate] 原始字符串: Alt
[QTranslate] 原始字符串: Meta
[QTranslate] 原始字符串: Num
[QTranslate] 原始字符串: Space
[QTranslate] 原始字符串: Esc
[QTranslate] 原始字符串: Tab
[QTranslate] 原始字符串: Backtab
[QTranslate] 原始字符串: Backspace
[QTranslate] 原始字符串: Return
[QTranslate] 原始字符串: Enter
[QTranslate] 原始字符串: Ins
[QTranslate] 原始字符串: Del
[QString::FromUtf8] 原始字符串: Ctrl+E
[QTranslate] 原始字符串: Ctrl
[QTranslate] 原始字符串: Shift
[QTranslate] 原始字符串: Alt
[QTranslate] 原始字符串: Meta
[QTranslate] 原始字符串: Num
[QString::FromUtf8] 原始字符串: Alt+T
[QTranslate] 原始字符串: Ctrl
[QTranslate] 原始字符串: Shift
[QTranslate] 原始字符串: Alt
[QTranslate] 原始字符串: Meta
[QTranslate] 原始字符串: Num
[QString::FromUtf8] 原始字符串: Ctrl+T
[QTranslate] 原始字符串: Ctrl
[QTranslate] 原始字符串: Shift
[QTranslate] 原始字符串: Alt
[QTranslate] 原始字符串: Meta
[QTranslate] 原始字符串: Num
[QString::FromUtf8] 原始字符串: F2
[QTranslate] 原始字符串: Ctrl
[QTranslate] 原始字符串: Shift
[QTranslate] 原始字符串: Alt
[QTranslate] 原始字符串: Meta
[QTranslate] 原始字符串: Num
[QString::FromUtf8] 原始字符串: Esc
[QTranslate] 原始字符串: Ctrl
[QTranslate] 原始字符串: Shift
[QTranslate] 原始字符串: Alt
[QTranslate] 原始字符串: Meta
[QTranslate] 原始字符串: Num
[QTranslate] 原始字符串: Space
[QTranslate] 原始字符串: Esc
[QString::FromUtf8] 原始字符串: 1
[QTranslate] 原始字符串: Ctrl
[QTranslate] 原始字符串: Shift
[QTranslate] 原始字符串: Alt
[QTranslate] 原始字符串: Meta
[QTranslate] 原始字符串: Num
[QString::FromUtf8] 原始字符串: 2
[QTranslate] 原始字符串: Ctrl
[QTranslate] 原始字符串: Shift
[QTranslate] 原始字符串: Alt
[QTranslate] 原始字符串: Meta
[QTranslate] 原始字符串: Num
[QString::FromUtf8] 原始字符串: 4
[QTranslate] 原始字符串: Ctrl
[QTranslate] 原始字符串: Shift
[QTranslate] 原始字符串: Alt
[QTranslate] 原始字符串: Meta
[QTranslate] 原始字符串: Num
[QString::FromUtf8] 原始字符串: 8
[QTranslate] 原始字符串: Ctrl
[QTranslate] 原始字符串: Shift
[QTranslate] 原始字符串: Alt
[QTranslate] 原始字符串: Meta
[QTranslate] 原始字符串: Num
[QString::FromUtf8] 原始字符串: F
[QTranslate] 原始字符串: Ctrl
[QTranslate] 原始字符串: Shift
[QTranslate] 原始字符串: Alt
[QTranslate] 原始字符串: Meta
[QTranslate] 原始字符串: Num
[QString::FromUtf8] 原始字符串: D
[QTranslate] 原始字符串: Ctrl
[QTranslate] 原始字符串: Shift
[QTranslate] 原始字符串: Alt
[QTranslate] 原始字符串: Meta
[QTranslate] 原始字符串: Num
[QString::FromUtf8] 原始字符串: L
[QTranslate] 原始字符串: Ctrl
[QTranslate] 原始字符串: Shift
[QTranslate] 原始字符串: Alt
[QTranslate] 原始字符串: Meta
[QTranslate] 原始字符串: Num
[QString::FromUtf8] 原始字符串: H
[QTranslate] 原始字符串: Ctrl
[QTranslate] 原始字符串: Shift
[QTranslate] 原始字符串: Alt
[QTranslate] 原始字符串: Meta
[QTranslate] 原始字符串: Num
[QString::FromUtf8] 原始字符串: U
[QTranslate] 原始字符串: Ctrl
[QTranslate] 原始字符串: Shift
[QTranslate] 原始字符串: Alt
[QTranslate] 原始字符串: Meta
[QTranslate] 原始字符串: Num
[QString::FromUtf8] 原始字符串: S
[QTranslate] 原始字符串: Ctrl
[QTranslate] 原始字符串: Shift
[QTranslate] 原始字符串: Alt
[QTranslate] 原始字符串: Meta
[QTranslate] 原始字符串: Num
[QString::FromUtf8] 原始字符串: Ctrl+P
[QTranslate] 原始字符串: Ctrl
[QTranslate] 原始字符串: Shift
[QTranslate] 原始字符串: Alt
[QTranslate] 原始字符串: Meta
[QTranslate] 原始字符串: Num
[QString::FromUtf8] 原始字符串: Enter
[QTranslate] 原始字符串: Ctrl
[QTranslate] 原始字符串: Shift
[QTranslate] 原始字符串: Alt
[QTranslate] 原始字符串: Meta
[QTranslate] 原始字符串: Num
[QTranslate] 原始字符串: Space
[QTranslate] 原始字符串: Esc
[QTranslate] 原始字符串: Tab
[QTranslate] 原始字符串: Backtab
[QTranslate] 原始字符串: Backspace
[QTranslate] 原始字符串: Return
[QTranslate] 原始字符串: Enter
[QTranslate] 原始字符串: Ctrl
[QTranslate] 原始字符串: Shift
[QTranslate] 原始字符串: Alt
[QTranslate] 原始字符串: Meta
[QTranslate] 原始字符串: Num
[QTranslate] 原始字符串: Space
[QTranslate] 原始字符串: Esc
[QTranslate] 原始字符串: Tab
[QTranslate] 原始字符串: Backtab
[QTranslate] 原始字符串: Backspace
[QTranslate] 原始字符串: Return
[QString::FromUtf8] 原始字符串: Tab
[QTranslate] 原始字符串: Ctrl
[QTranslate] 原始字符串: Shift
[QTranslate] 原始字符串: Alt
[QTranslate] 原始字符串: Meta
[QTranslate] 原始字符串: Num
[QTranslate] 原始字符串: Space
[QTranslate] 原始字符串: Esc
[QTranslate] 原始字符串: Tab
[QString::FromUtf8] 原始字符串: Backtab
[QTranslate] 原始字符串: Ctrl
[QTranslate] 原始字符串: Shift
[QTranslate] 原始字符串: Alt
[QTranslate] 原始字符串: Meta
[QTranslate] 原始字符串: Num
[QTranslate] 原始字符串: Space
[QTranslate] 原始字符串: Esc
[QTranslate] 原始字符串: Tab
[QTranslate] 原始字符串: Backtab
[QString::FromUtf8] 原始字符串: Ctrl+Down
[QTranslate] 原始字符串: Ctrl
[QTranslate] 原始字符串: Shift
[QTranslate] 原始字符串: Alt
[QTranslate] 原始字符串: Meta
[QTranslate] 原始字符串: Num
[QTranslate] 原始字符串: Space
[QTranslate] 原始字符串: Esc
[QTranslate] 原始字符串: Tab
[QTranslate] 原始字符串: Backtab
[QTranslate] 原始字符串: Backspace
[QTranslate] 原始字符串: Return
[QTranslate] 原始字符串: Enter
[QTranslate] 原始字符串: Ins
[QTranslate] 原始字符串: Del
[QTranslate] 原始字符串: Pause
[QTranslate] 原始字符串: Print
[QTranslate] 原始字符串: SysReq
[QTranslate] 原始字符串: Home
[QTranslate] 原始字符串: End
[QTranslate] 原始字符串: Left
[QTranslate] 原始字符串: Up
[QTranslate] 原始字符串: Right
[QTranslate] 原始字符串: Down
[QString::FromUtf8] 原始字符串: Ctrl+Up
[QTranslate] 原始字符串: Ctrl
[QTranslate] 原始字符串: Shift
[QTranslate] 原始字符串: Alt
[QTranslate] 原始字符串: Meta
[QTranslate] 原始字符串: Num
[QTranslate] 原始字符串: Space
[QTranslate] 原始字符串: Esc
[QTranslate] 原始字符串: Tab
[QTranslate] 原始字符串: Backtab
[QTranslate] 原始字符串: Backspace
[QTranslate] 原始字符串: Return
[QTranslate] 原始字符串: Enter
[QTranslate] 原始字符串: Ins
[QTranslate] 原始字符串: Del
[QTranslate] 原始字符串: Pause
[QTranslate] 原始字符串: Print
[QTranslate] 原始字符串: SysReq
[QTranslate] 原始字符串: Home
[QTranslate] 原始字符串: End
[QTranslate] 原始字符串: Left
[QTranslate] 原始字符串: Up
[QString::FromUtf8] 原始字符串: Ctrl+F
[QTranslate] 原始字符串: Ctrl
[QTranslate] 原始字符串: Shift
[QTranslate] 原始字符串: Alt
[QTranslate] 原始字符串: Meta
[QTranslate] 原始字符串: Num
[QString::FromUtf8] 原始字符串: ...     (unassigned)
[QString::FromUtf8] 原始字符串: ...     (unassigned)
[QString::FromUtf8] 原始字符串: ...     (unassigned)
[QString::FromUtf8] 原始字符串: ...     (unassigned)
[QString::FromUtf8] 原始字符串: ...     (unassigned)
[QString::FromUtf8] 原始字符串: ...     (unassigned)
[QString::FromUtf8] 原始字符串: ...     (unassigned)
[QString::FromUtf8] 原始字符串: ...     (unassigned)
[QString::FromUtf8] 原始字符串: Down
[QString::FromUtf8] 原始字符串: IDA v9.3.251224
[QString::FromUtf8] 原始字符串: * { background-color: rgb(170, 255, 255) }
[QString::FromUtf8] 原始字符串: * { background-color: rgb(0, 162, 232) }
[QString::FromUtf8] 原始字符串: * { background-color: rgb(185, 122, 87) }
[QString::FromUtf8] 原始字符串: * { background-color: rgb(192, 192, 192) }
[QString::FromUtf8] 原始字符串: * { background-color: rgb(182, 182, 107) }
[QString::FromUtf8] 原始字符串: * { background-color: rgb(255, 166, 255) }
[QString::FromUtf8] 原始字符串: * { background-color: rgb(50, 205, 50) }
[QString::FromUtf8] 原始字符串: DebuggerRunTo
[QString::FromUtf8] 原始字符串: DebuggerAttach
[QString::FromUtf8] 原始字符串: DebuggerRunToAndAttach
[QString::FromUtf8] 原始字符串: DebuggerRunTo
[QString::FromUtf8] 原始字符串: Alt+U
[QString::FromUtf8] 原始字符串: Alt+U
[QString::FromUtf8] 原始字符串: Alt+U
[QString::FromUtf8] 原始字符串: Alt+U
[QString::FromUtf8] 原始字符串: Alt+U
[QString::FromUtf8] 原始字符串: Alt+U
[QString::FromUtf8] 原始字符串: Alt+U
[QString::FromUtf8] 原始字符串: Alt+U
[QString::FromUtf8] 原始字符串: Alt+U
[QString::FromUtf8] 原始字符串: Alt+U
[QString::FromUtf8] 原始字符串: Alt+U
[QString::FromUtf8] 原始字符串: Alt+U
[QString::FromUtf8] 原始字符串: Alt+U
[QString::FromUtf8] 原始字符串: Alt+U
[QString::FromUtf8] 原始字符串: Alt+U
[QString::FromUtf8] 原始字符串: Alt+U
[QString::FromUtf8] 原始字符串: Alt+U
[QString::FromUtf8] 原始字符串: Alt+U
[QString::FromUtf8] 原始字符串: Alt+U
[QString::FromUtf8] 原始字符串: Alt+U
[QString::FromUtf8] 原始字符串: Alt+U
[QString::FromUtf8] 原始字符串: Alt+U
[QString::FromUtf8] 原始字符串: Alt+U
[QString::FromUtf8] 原始字符串: Alt+U
[QString::FromUtf8] 原始字符串: Alt+U
[QString::FromUtf8] 原始字符串: Alt+U
[QString::FromUtf8] 原始字符串: Alt+U
[QString::FromUtf8] 原始字符串: Alt+U
[QString::FromUtf8] 原始字符串: Alt+U
[QString::FromUtf8] 原始字符串: Alt+U
[QString::FromUtf8] 原始字符串: Alt+U
[QString::FromUtf8] 原始字符串: Alt+U
[QString::FromUtf8] 原始字符串: Alt+U
[QString::FromUtf8] 原始字符串: Alt+U
[QString::FromUtf8] 原始字符串: Alt+U
[QString::FromUtf8] 原始字符串: Alt+U
[QString::FromUtf8] 原始字符串: Alt+U
[QString::FromUtf8] 原始字符串: Alt+U
[QString::FromUtf8] 原始字符串: Alt+U
[QString::FromUtf8] 原始字符串: Alt+U
[QString::FromUtf8] 原始字符串: Alt+U
[QString::FromUtf8] 原始字符串: Alt+U
[QString::FromUtf8] 原始字符串: Alt+U
[QString::FromUtf8] 原始字符串: Alt+U
[QString::FromUtf8] 原始字符串: Alt+U
[QString::FromUtf8] 原始字符串: Alt+U
[QString::FromUtf8] 原始字符串: Alt+U
[QString::FromUtf8] 原始字符串: Alt+U
[QString::FromUtf8] 原始字符串: Alt+U
[QString::FromUtf8] 原始字符串: Alt+U
[QString::FromUtf8] 原始字符串: Alt+U
[QString::FromUtf8] 原始字符串: Alt+U
[QString::FromUtf8] 原始字符串: Alt+U
[QString::FromUtf8] 原始字符串: Alt+U
[QString::FromUtf8] 原始字符串: Alt+U
[QString::FromUtf8] 原始字符串: Alt+U
[QString::FromUtf8] 原始字符串: Alt+U
[QString::FromUtf8] 原始字符串: Alt+U
[QString::FromUtf8] 原始字符串: Alt+U
[QString::FromUtf8] 原始字符串: Alt+U
[QString::FromUtf8] 原始字符串: Alt+U
[QString::FromUtf8] 原始字符串: Alt+U
[QString::FromUtf8] 原始字符串: Alt+U
[QString::FromUtf8] 原始字符串: Alt+U
[QString::FromUtf8] 原始字符串: Alt+U
[QString::FromUtf8] 原始字符串: Alt+U
[QString::FromUtf8] 原始字符串: Alt+U
[QString::FromUtf8] 原始字符串: Alt+U
[QString::FromUtf8] 原始字符串: Alt+U
[QString::FromUtf8] 原始字符串: Alt+U
[QString::FromUtf8] 原始字符串: Alt+U
[QString::FromUtf8] 原始字符串: Alt+U
[QString::FromUtf8] 原始字符串: Alt+U
[QString::FromUtf8] 原始字符串: Alt+U
[QString::FromUtf8] 原始字符串: Alt+U
[QString::FromUtf8] 原始字符串: Alt+U
[QString::FromUtf8] 原始字符串: Alt+U
[QString::FromUtf8] 原始字符串: Alt+U
[QString::FromUtf8] 原始字符串: Alt+U
[QString::FromUtf8] 原始字符串: Alt+U
[QString::FromUtf8] 原始字符串: Alt+U
[QString::FromUtf8] 原始字符串: Alt+U
[QString::FromUtf8] 原始字符串: Alt+U
[QString::FromUtf8] 原始字符串: Alt+U
[QString::FromUtf8] 原始字符串: Alt+U
[QString::FromUtf8] 原始字符串: Alt+U
[QString::FromUtf8] 原始字符串: Alt+U
[QString::FromUtf8] 原始字符串: Alt+U
[QString::FromUtf8] 原始字符串: Alt+U
[QString::FromUtf8] 原始字符串: Alt+U
[QString::FromUtf8] 原始字符串: Alt+U
[QString::FromUtf8] 原始字符串: Alt+U
[QString::FromUtf8] 原始字符串: Alt+U
[QString::FromUtf8] 原始字符串: Alt+U
[QString::FromUtf8] 原始字符串: Alt+U
[QString::FromUtf8] 原始字符串: Alt+U
[QString::FromUtf8] 原始字符串: Alt+U
[QString::FromUtf8] 原始字符串: Alt+U
[QString::FromUtf8] 原始字符串: Alt+U
[QString::FromUtf8] 原始字符串: Alt+U
[QString::FromUtf8] 原始字符串: Alt+U
[QString::FromUtf8] 原始字符串: Alt+U
[QString::FromUtf8] 原始字符串: Alt+U
[QString::FromUtf8] 原始字符串: Alt+U
[QString::FromUtf8] 原始字符串: Alt+U
[QString::FromUtf8] 原始字符串: Alt+U
[QString::FromUtf8] 原始字符串: Alt+U
[QString::FromUtf8] 原始字符串: Alt+U
[QString::FromUtf8] 原始字符串: Alt+U
[QString::FromUtf8] 原始字符串: Alt+U
[QString::FromUtf8] 原始字符串: Alt+U
[QString::FromUtf8] 原始字符串: Alt+U
[QString::FromUtf8] 原始字符串: Alt+U
[QString::FromUtf8] 原始字符串: Alt+U
[QString::FromUtf8] 原始字符串: Alt+U
[QString::FromUtf8] 原始字符串: Alt+U
[QString::FromUtf8] 原始字符串: Alt+U
[QString::FromUtf8] 原始字符串: Alt+U
[QString::FromUtf8] 原始字符串: Alt+U
[QString::FromUtf8] 原始字符串: Alt+U
[QString::FromUtf8] 原始字符串: Alt+U
[QString::FromUtf8] 原始字符串: Alt+U
[QString::FromUtf8] 原始字符串: Alt+U
[QString::FromUtf8] 原始字符串: Alt+U
[QString::FromUtf8] 原始字符串: Alt+U
[QString::FromUtf8] 原始字符串: Alt+U
[QString::FromUtf8] 原始字符串: Alt+U
[QString::FromUtf8] 原始字符串: Alt+U
[QString::FromUtf8] 原始字符串: Alt+U
[QString::FromUtf8] 原始字符串: Alt+U
[QString::FromUtf8] 原始字符串: Alt+U
[QString::FromUtf8] 原始字符串: Alt+U
[QString::FromUtf8] 原始字符串: Alt+U
[QString::FromUtf8] 原始字符串: Alt+U
[QString::FromUtf8] 原始字符串: Alt+U
[QString::FromUtf8] 原始字符串: Alt+U
[QString::FromUtf8] 原始字符串: Alt+U
[QString::FromUtf8] 原始字符串: Alt+U
[QString::FromUtf8] 原始字符串: Alt+U
[QString::FromUtf8] 原始字符串: Alt+U
[QString::FromUtf8] 原始字符串: Alt+U
[QString::FromUtf8] 原始字符串: Alt+U
[QString::FromUtf8] 原始字符串: Alt+U
[QString::FromUtf8] 原始字符串: Alt+U
[QString::FromUtf8] 原始字符串: Alt+U
[QString::FromUtf8] 原始字符串: Alt+U
[QString::FromUtf8] 原始字符串: Alt+U
[QString::FromUtf8] 原始字符串: Alt+U
[QString::FromUtf8] 原始字符串: Alt+U
[QString::FromUtf8] 原始字符串: Alt+U
[QString::FromUtf8] 原始字符串: Alt+U
[QString::FromUtf8] 原始字符串: Alt+U
[QString::FromUtf8] 原始字符串: Alt+U
[QString::FromUtf8] 原始字符串: Alt+U
[QString::FromUtf8] 原始字符串: Alt+U
[QString::FromUtf8] 原始字符串: Alt+U
[QString::FromUtf8] 原始字符串: Alt+U
[QString::FromUtf8] 原始字符串: Alt+U
[QString::FromUtf8] 原始字符串: Alt+U
[QString::FromUtf8] 原始字符串: Alt+U
[QString::FromUtf8] 原始字符串: Alt+U
[QString::FromUtf8] 原始字符串: Alt+U
[QString::FromUtf8] 原始字符串: Alt+U
[QString::FromUtf8] 原始字符串: Alt+U
[QString::FromUtf8] 原始字符串: Alt+U
[QString::FromUtf8] 原始字符串: Alt+U
[QString::FromUtf8] 原始字符串: Alt+U
[QString::FromUtf8] 原始字符串: Alt+U
[QString::FromUtf8] 原始字符串: Alt+U
[QString::FromUtf8] 原始字符串: Alt+U
[QString::FromUtf8] 原始字符串: Alt+U
[QString::FromUtf8] 原始字符串: Alt+U
[QString::FromUtf8] 原始字符串: Alt+U
[QString::FromUtf8] 原始字符串: Alt+U
[QString::FromUtf8] 原始字符串: Alt+U
[QString::FromUtf8] 原始字符串: Alt+U
[QString::FromUtf8] 原始字符串: Alt+U
[QString::FromUtf8] 原始字符串: Alt+U
[QString::FromUtf8] 原始字符串: Alt+U
[QString::FromUtf8] 原始字符串: Alt+U
[QString::FromUtf8] 原始字符串: Alt+U
[QString::FromUtf8] 原始字符串: Alt+U
[QString::FromUtf8] 原始字符串: Alt+U
[QString::FromUtf8] 原始字符串: Alt+U
[QString::FromUtf8] 原始字符串: Alt+U
[QString::FromUtf8] 原始字符串: Alt+U
[QString::FromUtf8] 原始字符串: Alt+U
[QString::FromUtf8] 原始字符串: Alt+U
[QString::FromUtf8] 原始字符串: Alt+U
[QString::FromUtf8] 原始字符串: Alt+U
[QString::FromUtf8] 原始字符串: Alt+U
[QString::FromUtf8] 原始字符串: Alt+U
[QString::FromUtf8] 原始字符串: Alt+U
[QString::FromUtf8] 原始字符串: Alt+U
[QString::FromUtf8] 原始字符串: Alt+U
[QString::FromUtf8] 原始字符串: Alt+U
[QString::FromUtf8] 原始字符串: Alt+U
[QString::FromUtf8] 原始字符串: Alt+U
[QString::FromUtf8] 原始字符串: Alt+U
[QString::FromUtf8] 原始字符串: Alt+U
[QString::FromUtf8] 原始字符串: Alt+U
[QString::FromUtf8] 原始字符串: Alt+U
[QString::FromUtf8] 原始字符串: Alt+U
[QString::FromUtf8] 原始字符串: Alt+U
[QString::FromUtf8] 原始字符串: Alt+U
[QString::FromUtf8] 原始字符串: Alt+U
[QString::FromUtf8] 原始字符串: Alt+U
[QString::FromUtf8] 原始字符串: Alt+U
[QString::FromUtf8] 原始字符串: Alt+U
[QString::FromUtf8] 原始字符串: Alt+U
[QString::FromUtf8] 原始字符串: Alt+U
[QString::FromUtf8] 原始字符串: Alt+U
[QString::FromUtf8] 原始字符串: Alt+U
[QString::FromUtf8] 原始字符串: Alt+U
[QString::FromUtf8] 原始字符串: Alt+U
[QString::FromUtf8] 原始字符串: Alt+U
[QString::FromUtf8] 原始字符串: Alt+U
[QString::FromUtf8] 原始字符串: Alt+U
[QString::FromUtf8] 原始字符串: Alt+U
[QString::FromUtf8] 原始字符串: Alt+U
[QString::FromUtf8] 原始字符串: Alt+U
[QString::FromUtf8] 原始字符串: Alt+U
[QString::FromUtf8] 原始字符串: Alt+U
[QString::FromUtf8] 原始字符串: Alt+U
[QString::FromUtf8] 原始字符串: Alt+U
[QString::FromUtf8] 原始字符串: Alt+U
[QString::FromUtf8] 原始字符串: Alt+U
[QString::FromUtf8] 原始字符串: Alt+U
[QString::FromUtf8] 原始字符串: Alt+U
[QString::FromUtf8] 原始字符串: Alt+U
[QString::FromUtf8] 原始字符串: Alt+U
[QString::FromUtf8] 原始字符串: Alt+U
[QString::FromUtf8] 原始字符串: Alt+U
[QString::FromUtf8] 原始字符串: Alt+U
[QString::FromUtf8] 原始字符串: Alt+U
[QString::FromUtf8] 原始字符串: Alt+U
[QString::FromUtf8] 原始字符串: Alt+U
[QString::FromUtf8] 原始字符串: Alt+U
[QString::FromUtf8] 原始字符串: Alt+U
[QString::FromUtf8] 原始字符串: Alt+U
[QString::FromUtf8] 原始字符串: Alt+U
[QString::FromUtf8] 原始字符串: Alt+U
[QString::FromUtf8] 原始字符串: Alt+U
[QString::FromUtf8] 原始字符串: Alt+U
[QString::FromUtf8] 原始字符串: Alt+U
[QString::FromUtf8] 原始字符串: Alt+U
[QString::FromUtf8] 原始字符串: Alt+U
[QString::FromUtf8] 原始字符串: Alt+U
[QString::FromUtf8] 原始字符串: Alt+U
[QString::FromUtf8] 原始字符串: Alt+U
[QString::FromUtf8] 原始字符串: Alt+U
[QString::FromUtf8] 原始字符串: Alt+U
[QString::FromUtf8] 原始字符串: Alt+U
[QString::FromUtf8] 原始字符串: Alt+U
[QString::FromUtf8] 原始字符串: Alt+U
[QString::FromUtf8] 原始字符串: Alt+U
[QString::FromUtf8] 原始字符串: Alt+U
[QString::FromUtf8] 原始字符串: Alt+U
[QString::FromUtf8] 原始字符串: Alt+U
[QString::FromUtf8] 原始字符串: Alt+U
[QString::FromUtf8] 原始字符串: Alt+U
[QString::FromUtf8] 原始字符串: Alt+U
[QString::FromUtf8] 原始字符串: Alt+U
[QString::FromUtf8] 原始字符串: Alt+U
[QString::FromUtf8] 原始字符串: Alt+U
[QString::FromUtf8] 原始字符串: Alt+U
[QString::FromUtf8] 原始字符串: Alt+U
[QString::FromUtf8] 原始字符串: Alt+U
[QString::FromUtf8] 原始字符串: Alt+U
[QString::FromUtf8] 原始字符串: Alt+U
[QString::FromUtf8] 原始字符串: Alt+U
[QString::FromUtf8] 原始字符串: Alt+U
[QString::FromUtf8] 原始字符串: Alt+U
[QString::FromUtf8] 原始字符串: Alt+U
[QString::FromUtf8] 原始字符串: Alt+U
[QString::FromUtf8] 原始字符串: Alt+U
[QString::FromUtf8] 原始字符串: Alt+U
[QString::FromUtf8] 原始字符串: Alt+U
[QString::FromUtf8] 原始字符串: Alt+U
[QString::FromUtf8] 原始字符串: Alt+U
[QString::FromUtf8] 原始字符串: Alt+U
[QString::FromUtf8] 原始字符串: Alt+U
[QString::FromUtf8] 原始字符串: Alt+U
[QString::FromUtf8] 原始字符串: Alt+U
[QString::FromUtf8] 原始字符串: Alt+U
[QString::FromUtf8] 原始字符串: Alt+U
[QString::FromUtf8] 原始字符串: Alt+U
[QString::FromUtf8] 原始字符串: Alt+U
[QString::FromUtf8] 原始字符串: Alt+U
[QString::FromUtf8] 原始字符串: Alt+U
[QString::FromUtf8] 原始字符串: Alt+U
[QString::FromUtf8] 原始字符串: Alt+U
[QString::FromUtf8] 原始字符串: Alt+U
[QString::FromUtf8] 原始字符串: Alt+U
[QString::FromUtf8] 原始字符串: Alt+U
[QString::FromUtf8] 原始字符串: Alt+U
[QString::FromUtf8] 原始字符串: Alt+U
[QString::FromUtf8] 原始字符串: Alt+U
[QString::FromUtf8] 原始字符串: Alt+U
[QString::FromUtf8] 原始字符串: Alt+U
[QString::FromUtf8] 原始字符串: Alt+U
[QString::FromUtf8] 原始字符串: Alt+U
[QString::FromUtf8] 原始字符串: Alt+U
[QString::FromUtf8] 原始字符串: Alt+U
[QString::FromUtf8] 原始字符串: Alt+U
[QString::FromUtf8] 原始字符串: Alt+U
[QString::FromUtf8] 原始字符串: Alt+U
[QString::FromUtf8] 原始字符串: Alt+U
[QString::FromUtf8] 原始字符串: Alt+U
[QString::FromUtf8] 原始字符串: Alt+U
[QString::FromUtf8] 原始字符串: Alt+U
[QString::FromUtf8] 原始字符串: Alt+U
[QString::FromUtf8] 原始字符串: Alt+U
[QString::FromUtf8] 原始字符串: Alt+U
[QString::FromUtf8] 原始字符串: Alt+U
[QString::FromUtf8] 原始字符串: Alt+U
[QString::FromUtf8] 原始字符串: Alt+U
[QString::FromUtf8] 原始字符串: Alt+U
[QString::FromUtf8] 原始字符串: Alt+U
[QString::FromUtf8] 原始字符串: Alt+U
[QString::FromUtf8] 原始字符串: Alt+U
[QString::FromUtf8] 原始字符串: Alt+U
[QString::FromUtf8] 原始字符串: Alt+U
[QString::FromUtf8] 原始字符串: Alt+U
[QString::FromUtf8] 原始字符串: Alt+U
[QString::FromUtf8] 原始字符串: Alt+U
[QString::FromUtf8] 原始字符串: Alt+U
[QString::FromUtf8] 原始字符串: Alt+U
[QString::FromUtf8] 原始字符串: Alt+U
[QString::FromUtf8] 原始字符串: Alt+U
[QString::FromUtf8] 原始字符串: Alt+U
[QString::FromUtf8] 原始字符串: Alt+U
[QString::FromUtf8] 原始字符串: Alt+U
[QString::FromUtf8] 原始字符串: Alt+U
[QString::FromUtf8] 原始字符串: Alt+U
[QString::FromUtf8] 原始字符串: Alt+U
[QString::FromUtf8] 原始字符串: Alt+U
[QString::FromUtf8] 原始字符串: Alt+U
[QString::FromUtf8] 原始字符串: Alt+U
[QString::FromUtf8] 原始字符串: Alt+U
[QString::FromUtf8] 原始字符串: Alt+U
[QString::FromUtf8] 原始字符串: Alt+U
[QString::FromUtf8] 原始字符串: Alt+U
[QString::FromUtf8] 原始字符串: Alt+U
[QString::FromUtf8] 原始字符串: Alt+U
[QString::FromUtf8] 原始字符串: Alt+U
[QString::FromUtf8] 原始字符串: Alt+U
[QString::FromUtf8] 原始字符串: Alt+U
[QString::FromUtf8] 原始字符串: Alt+U
[QString::FromUtf8] 原始字符串: Alt+U
[QString::FromUtf8] 原始字符串: DebuggerSelected
[QString::FromUtf8] 原始字符串: DebuggerUnselected
[QString::FromUtf8] 原始字符串: DebuggerRunToAndAttach
[QString::FromUtf8] 原始字符串: Ctrl+Num++
[QTranslate] 原始字符串: OK
[QTranslate] 原始字符串: Cancel
[QTranslate] 原始字符串: Help
[QTranslate] 精确匹配: 帮助
[QTranslate] 原始字符串: Load a new file
[QTranslate] 原始字符串: Load file &as...
[QTranslate] 原始字符串: The input file possibly has the listed formats
[QTranslate] 原始字符串: Processor t&ype (double-click to set)
[QTranslate] 原始字符串: Loading &segment
[QTranslate] 原始字符串: Loading o&ffset
[QTranslate] 原始字符串: The loading paragraph (a parapgrah is 16 bytes)
[QTranslate] 原始字符串: Offset from the loading segment
[QTranslate] 原始字符串: Analysis
[QTranslate] 原始字符串: If turned off, IDA will not analyse the program
[QTranslate] 原始字符串: &Enabled
[QTranslate] 原始字符串: Display the analysis progression in the status line
[QTranslate] 原始字符串: In&dicator enabled
[QTranslate] 原始字符串: Kernel analysis options
[QTranslate] 原始字符串: &Kernel options
[QTranslate] 原始字符串: Processor specific options
[QTranslate] 原始字符串: &Processor options
[QTranslate] 原始字符串: Options
[QTranslate] 原始字符串: Loading &options
[QTranslate] 原始字符串: Leaves to gaps between segments. Use only if IDA suggests it.
[QTranslate] 原始字符串: Fill segment &gaps
[QTranslate] 原始字符串: Load as c&ode segment
[QTranslate] 原始字符串: IDA requires segments to be created now or later - manually
[QTranslate] 原始字符串: &Create segments
[QTranslate] 原始字符串: Create a special group to represent flat memory
[QTranslate] 原始字符串: Create F&LAT group
[QTranslate] 原始字符串: Create a separate imports segment with external definitions
[QTranslate] 原始字符串: Create &imports segment
[QTranslate] 原始字符串: Load &resources
[QTranslate] 原始字符串: Use mnemonic import names instead of ordinals
[QTranslate] 原始字符串: Rename DLL en&tries
[QTranslate] 原始字符串: Gives more control for some file types
[QTranslate] 原始字符串: &Manual load
[QString::FromUtf8] 原始字符串: /user-guide/user-interface/menu-bar/windows/various-dialog-help-messages
[QString::FromUtf8] 长度超过50字符，跳过替换
[QString::FromUtf8] 原始字符串: Choose processor
[QString::FromUtf8] 原始字符串: Tabular views
[QString::FromUtf8] 原始字符串: Microsoft YaHei UI
[QString::FromUtf8] 原始字符串: Alpha series
[QString::FromUtf8] 原始字符串: Name
[QString::FromUtf8] 原始字符串: Short name
[QString::FromUtf8] 原始字符串: Name
[QString::FromUtf8] 原始字符串: Short name
[QString::FromUtf8] 原始字符串: Alpha series
[QString::FromUtf8] 原始字符串: Name
[QString::FromUtf8] 原始字符串: Short name
[QString::FromUtf8] 原始字符串: Name
[QString::FromUtf8] 原始字符串: Short name
[QString::FromUtf8] 原始字符串: Alpha series
[QString::FromUtf8] 原始字符串: Name
[QString::FromUtf8] 原始字符串: Short name
[QString::FromUtf8] 原始字符串: E:\\code\\逆向\\android\\case-studies\\imoutai\\hooks\\libDexHelper_fixed.so
[QString::FromUtf8] 长度超过50字符，跳过替换
[QTranslate] 原始字符串:  &as
[QTranslate] 原始字符串: Load file 
[QString::FromUtf8] 原始字符串: ELF64 for ARM64 (Shared object)
[QString::FromUtf8] 原始字符串: elf.dll
[QString::FromUtf8] 原始字符串: Binary file
[QString::FromUtf8] 原始字符串: ...     (unassigned)
[QString::FromUtf8] 原始字符串: ...     (unassigned)
[QString::FromUtf8] 原始字符串: ...     (unassigned)
[QString::FromUtf8] 原始字符串: ...     (unassigned)
[QString::FromUtf8] 原始字符串: ...     (unassigned)
[QString::FromUtf8] 原始字符串: ...     (unassigned)
[QString::FromUtf8] 原始字符串: ...     (unassigned)
[QString::FromUtf8] 原始字符串: ...     (unassigned)
[QString::FromUtf8] 原始字符串: ...     (unassigned)
[QString::FromUtf8] 原始字符串: ...     (unassigned)
[QString::FromUtf8] 原始字符串: ...     (unassigned)
[QString::FromUtf8] 原始字符串: ...     (unassigned)
[QString::FromUtf8] 原始字符串: ...     (unassigned)
[QString::FromUtf8] 原始字符串: ...     (unassigned)
[QString::FromUtf8] 原始字符串: ...     (unassigned)
[QString::FromUtf8] 原始字符串: ...     (unassigned)
[QString::FromUtf8] 原始字符串: 0x0000000000000000
[QString::FromUtf8] 原始字符串: 0x0000000000000000
[QString::FromUtf8] 原始字符串: ...     (unassigned)
[QString::FromUtf8] 原始字符串: ...     (unassigned)
[QString::FromUtf8] 原始字符串: ...     (unassigned)
[QString::FromUtf8] 原始字符串: ...     (unassigned)
[QString::FromUtf8] 原始字符串: ...     (unassigned)
[QString::FromUtf8] 原始字符串: ...     (unassigned)
[QString::FromUtf8] 原始字符串: ...     (unassigned)
[QString::FromUtf8] 原始字符串: ...     (unassigned)
[QString::FromUtf8] 原始字符串: ...     (unassigned)
[QString::FromUtf8] 原始字符串: ...     (unassigned)
[QString::FromUtf8] 原始字符串: ...     (unassigned)
[QString::FromUtf8] 原始字符串: ...     (unassigned)
[QString::FromUtf8] 原始字符串: ...     (unassigned)
[QString::FromUtf8] 原始字符串: ...     (unassigned)
[QString::FromUtf8] 原始字符串: ...     (unassigned)
[QString::FromUtf8] 原始字符串: ...     (unassigned)
[QString::FromUtf8] 原始字符串: Force BL &jump
[QString::FromUtf8] 原始字符串: Edit/Other/Create
[QString::FromUtf8] 原始字符串: Default:Edit
[QString::FromUtf8] 原始字符串: Default:Edit
[QString::FromUtf8] 原始字符串: Default:Edit
[QString::FromUtf8] 原始字符串: &Force BL call
[QString::FromUtf8] 原始字符串: Edit/Other/Create
[QString::FromUtf8] 原始字符串: Default:Edit
[QString::FromUtf8] 原始字符串: Default:Edit
[QString::FromUtf8] 原始字符串: Default:Edit
[QString::FromUtf8] 原始字符串: detect and parse golang metadata
[QString::FromUtf8] 原始字符串: Edit/Other/Toggle border
[QString::FromUtf8] 原始字符串: Default:Edit
[QString::FromUtf8] 原始字符串: Default:Edit
[QString::FromUtf8] 原始字符串: Default:Edit
[QString::FromUtf8] 原始字符串: stalker trace so
[QString::FromUtf8] 原始字符串: 0x0000000000000000
[QString::FromUtf8] 原始字符串: Alpha series
[QString::FromUtf8] 原始字符串: Possible file format: ELF64 for ARM64 (Shared object) (E:\\Program Files\\IDA Professional 9.3\\loaders\\elf.dll)
[QString::FromUtf8] 长度超过50字符，跳过替换
[QString::FromUtf8] 原始字符串: Possible file format: ELF64 for ARM64 (Shared object) (E:\\Program Files\\IDA Professional 9.3\\loaders\\elf.dll)
[QString::FromUtf8] 长度超过50字符，跳过替换
[QString::FromUtf8] 原始字符串:   bytes   pages size description
[QString::FromUtf8] 原始字符串: --------- ----- ---- --------------------------------------------
[QString::FromUtf8] 长度超过50字符，跳过替换
[QString::FromUtf8] 原始字符串: --------- ----- ---- --------------------------------------------
[QString::FromUtf8] 长度超过50字符，跳过替换
[QString::FromUtf8] 原始字符串:   5980160   730 8192 allocating memory for b-tree...
[QString::FromUtf8] 长度超过50字符，跳过替换
[QString::FromUtf8] 原始字符串:   5980160   730 8192 allocating memory for virtual array...
[QString::FromUtf8] 长度超过50字符，跳过替换
[QString::FromUtf8] 原始字符串:    262144    32 8192 allocating memory for name pointers...
[QString::FromUtf8] 长度超过50字符，跳过替换
[QString::FromUtf8] 原始字符串: -----------------------------------------------------------------
[QString::FromUtf8] 长度超过50字符，跳过替换
[QString::FromUtf8] 原始字符串: -----------------------------------------------------------------
[QString::FromUtf8] 长度超过50字符，跳过替换
[QString::FromUtf8] 原始字符串:  12222464            total memory allocated
[QString::FromUtf8] 原始字符串: Loading processor module E:\\Program Files\\IDA Professional 9.3\\procs\\arm.dll for ARM...OK
[QString::FromUtf8] 长度超过50字符，跳过替换
[QString::FromUtf8] 原始字符串: Loading processor module E:\\Program Files\\IDA Professional 9.3\\procs\\arm.dll for ARM...OK
[QString::FromUtf8] 长度超过50字符，跳过替换
[QString::FromUtf8] 原始字符串: Autoanalysis subsystem has been initialized.
[QString::FromUtf8] 原始字符串: stalker_trace_so plugin has been loaded.
[QString::FromUtf8] 原始字符串: stalker_trace_so plugin has been loaded.
[QString::FromUtf8] 原始字符串: ARM Little-endian
[QString::FromUtf8] 原始字符串: ARM
[QString::FromUtf8] 原始字符串: Atmel AVR series
[QString::FromUtf8] 原始字符串: Atmel AVR
[QString::FromUtf8] 原始字符串: AVR
[QString::FromUtf8] 原始字符串: Atmel OAK DSP
[QString::FromUtf8] 原始字符串: Dsp Group OAK DSP
[QString::FromUtf8] 原始字符串: oakdsp
[QString::FromUtf8] 原始字符串: Dalvik Virtual Machine
[QString::FromUtf8] 原始字符串: Dalvik Virtual Machine
[QString::FromUtf8] 原始字符串: dalvik
[QString::FromUtf8] 原始字符串: DEC series
[QString::FromUtf8] 原始字符串: DEC PDP-11
[QString::FromUtf8] 原始字符串: PDP11
[QString::FromUtf8] 原始字符串: EFI
[QString::FromUtf8] 原始字符串: EFI Byte code
[QString::FromUtf8] 原始字符串: ebc
[QString::FromUtf8] 原始字符串: Fujitsu F2MC
[QString::FromUtf8] 原始字符串: AU:  idle  
[QString::FromUtf8] 原始字符串: BUSY
[QString::FromUtf8] 原始字符串: File
[QString::FromUtf8] 原始字符串: Live:Edit
[QString::FromUtf8] 原始字符串: Live:Jump
[QString::FromUtf8] 原始字符串: Live:Search
[QString::FromUtf8] 原始字符串: View
[QString::FromUtf8] 精确匹配: 视图
[QString::FromUtf8] 原始字符串: Teams
[QString::FromUtf8] 原始字符串: DebuggerSelected
[QString::FromUtf8] 原始字符串: DebuggerUnselected
[QString::FromUtf8] 原始字符串: DebuggerRunToAndAttach
[QString::FromUtf8] 原始字符串: Lumina
[QString::FromUtf8] 原始字符串: Options
[QString::FromUtf8] 原始字符串: Windows
[QString::FromUtf8] 原始字符串: Help
[QString::FromUtf8] 精确匹配: 帮助
[QString::FromUtf8] 原始字符串: Navigator Scale: 1 pixel = 16 bytes; Range: 0000000000000000-0000000000000000
[QString::FromUtf8] 长度超过50字符，跳过替换
[QString::FromUtf8] 原始字符串: Python
[QString::FromUtf8] 原始字符串: Enter any Python expression
[QString::FromUtf8] 原始字符串: Microsoft YaHei UI
[QString::FromUtf8] 原始字符串: Consolas
[QString::FromUtf8] 原始字符串: Consolas
[QString::FromUtf8] 原始字符串: Microsoft YaHei UI
[QString::FromUtf8] 原始字符串: Consolas
[QString::FromUtf8] 原始字符串: Consolas
[QString::FromUtf8] 原始字符串: Consolas
[QString::FromUtf8] 原始字符串: Output window
[QString::FromUtf8] 原始字符串: Output window
[QString::FromUtf8] 原始字符串: C:\\WINDOWS
[QString::FromUtf8] 原始字符串: libDexHelper_fixed.so.i64
[QString::FromUtf8] 原始字符串: libDexHelper_fixed.so
[QString::FromUtf8] 原始字符串: E:\\code\\逆向\\android\\case-studies\\imoutai\\hooks\\libDexHelper_fixed.so.i64
[QString::FromUtf8] 长度超过50字符，跳过替换
[QString::FromUtf8] 原始字符串: Loading
[SetTitle] 原始窗口标题: -
[QString::FromUtf8] 原始字符串: :/IDAG/resources/app/pro/small.png
[QString::FromUtf8] 长度超过50字符，跳过替换
[QString::FromUtf8] 原始字符串: Please confirm
[QString::FromUtf8] 原始字符串: MsgBoxQuestion
[QString::FromUtf8] 原始字符串: Bad file structure or read error (line 1132). Continue?
[QString::FromUtf8] 长度超过50字符，跳过替换
[QTranslate] 原始字符串: &Yes
[QString::FromUtf8] 原始字符串: &Yes
[QTranslate] 原始字符串: &No
[QString::FromUtf8] 原始字符串: &No
[QString::FromUtf8] 原始字符串: Possible file format: ELF64 for ARM64 (Shared object) (E:\\Program Files\\IDA Professional 9.3\\loaders\\elf.dll)
[QString::FromUtf8] 长度超过50字符，跳过替换
[QString::FromUtf8] 原始字符串:   bytes   pages size description
[QString::FromUtf8] 原始字符串: --------- ----- ---- --------------------------------------------
[QString::FromUtf8] 长度超过50字符，跳过替换
[QString::FromUtf8] 原始字符串:   5980160   730 8192 allocating memory for b-tree...
[QString::FromUtf8] 长度超过50字符，跳过替换
[QString::FromUtf8] 原始字符串:   5980160   730 8192 allocating memory for virtual array...
[QString::FromUtf8] 长度超过50字符，跳过替换
[QString::FromUtf8] 原始字符串:    262144    32 8192 allocating memory for name pointers...
[QString::FromUtf8] 长度超过50字符，跳过替换
[QString::FromUtf8] 原始字符串:  12222464            total memory allocated
[QString::FromUtf8] 原始字符串: Loading processor module E:\\Program Files\\IDA Professional 9.3\\procs\\arm.dll for ARM...OK
[QString::FromUtf8] 长度超过50字符，跳过替换
[QString::FromUtf8] 原始字符串: Autoanalysis subsystem has been initialized.
[QString::FromUtf8] 原始字符串: stalker_trace_so plugin has been loaded.
[QString::FromUtf8] 原始字符串: Loading file 'E:\\code\\逆向\\android\\case-studies\\imoutai\\hooks\\libDexHelper_fixed.so' into database...
[QString::FromUtf8] 长度超过50字符，跳过替换
[QString::FromUtf8] 原始字符串: Detected file format: ELF64 for ARM64 (Shared object)
[QString::FromUtf8] 长度超过50字符，跳过替换
[QString::FromUtf8] 原始字符串: Assuming __fastcall calling convention by default
[QString::FromUtf8] 原始字符串: Default:Edit
[QString::FromUtf8] 原始字符串: Default:Search
[QString::FromUtf8] 原始字符串: Default:Jump
[QString::FromUtf8] 原始字符串: ...     (unassigned)
[QString::FromUtf8] 原始字符串: ...     (unassigned)
[QString::FromUtf8] 原始字符串: ...     (unassigned)
[QString::FromUtf8] 原始字符串: ...     (unassigned)
[QString::FromUtf8] 原始字符串: ...     (unassigned)
[QString::FromUtf8] 原始字符串: ...     (unassigned)
[QString::FromUtf8] 原始字符串: ...     (unassigned)
[QString::FromUtf8] 原始字符串: ...     (unassigned)
[QString::FromUtf8] 原始字符串: Output window
[QString::FromUtf8] 原始字符串: Output window
[QString::FromUtf8] 原始字符串: ...     (unassigned)
[QString::FromUtf8] 原始字符串: ...     (unassigned)
[QString::FromUtf8] 原始字符串: ...     (unassigned)
[QString::FromUtf8] 原始字符串: ...     (unassigned)
[QString::FromUtf8] 原始字符串: ...     (unassigned)
[QString::FromUtf8] 原始字符串: ...     (unassigned)
[QString::FromUtf8] 原始字符串: ...     (unassigned)
[QString::FromUtf8] 原始字符串: ...     (unassigned)
[QString::FromUtf8] 原始字符串: Output window
[QString::FromUtf8] 原始字符串: Output window
[QString::FromUtf8] 原始字符串: WAITING 
[QString::FromUtf8] 原始字符串: ...     (unassigned)
[QString::FromUtf8] 原始字符串: ...     (unassigned)
[QString::FromUtf8] 原始字符串: ...     (unassigned)
[QString::FromUtf8] 原始字符串: ...     (unassigned)
[QString::FromUtf8] 原始字符串: ...     (unassigned)
[QString::FromUtf8] 原始字符串: ...     (unassigned)
[QString::FromUtf8] 原始字符串: ...     (unassigned)
[QString::FromUtf8] 原始字符串: ...     (unassigned)
[QString::FromUtf8] 原始字符串: Output window
[QString::FromUtf8] 原始字符串: Output window
[QString::FromUtf8] 原始字符串: ...     (unassigned)
[QString::FromUtf8] 原始字符串: ...     (unassigned)
[QString::FromUtf8] 原始字符串: ...     (unassigned)
[QString::FromUtf8] 原始字符串: ...     (unassigned)
[QString::FromUtf8] 原始字符串: ...     (unassigned)
[QString::FromUtf8] 原始字符串: ...     (unassigned)
[QString::FromUtf8] 原始字符串: ...     (unassigned)
[QString::FromUtf8] 原始字符串: ...     (unassigned)
[QString::FromUtf8] 原始字符串: Output window
[QString::FromUtf8] 原始字符串: Output window
[QString::FromUtf8] 原始字符串: :/IDAG/resources/app/pro/small.png
[QString::FromUtf8] 原始字符串: Warning
[QString::FromUtf8] 原始字符串: MsgBoxWarning
[QString::FromUtf8] 原始字符串: File contains meaningless/illegal section declarations
[QString::FromUtf8] 长度超过50字符，跳过替换
[QTranslate] 原始字符串: &Yes
[QString::FromUtf8] 原始字符串: OK
[QString::FromUtf8] 原始字符串: ...     (unassigned)
[QString::FromUtf8] 原始字符串: ...     (unassigned)
[QString::FromUtf8] 原始字符串: ...     (unassigned)
[QString::FromUtf8] 原始字符串: ...     (unassigned)
[QString::FromUtf8] 原始字符串: ...     (unassigned)
[QString::FromUtf8] 原始字符串: ...     (unassigned)
[QString::FromUtf8] 原始字符串: ...     (unassigned)
[QString::FromUtf8] 原始字符串: ...     (unassigned)
[QString::FromUtf8] 原始字符串: Output window
[QString::FromUtf8] 原始字符串: Output window
[QString::FromUtf8] 原始字符串: ...     (unassigned)
[QString::FromUtf8] 原始字符串: ...     (unassigned)
[QString::FromUtf8] 原始字符串: ...     (unassigned)
[QString::FromUtf8] 原始字符串: ...     (unassigned)
[QString::FromUtf8] 原始字符串: ...     (unassigned)
[QString::FromUtf8] 原始字符串: ...     (unassigned)
[QString::FromUtf8] 原始字符串: ...     (unassigned)
[QString::FromUtf8] 原始字符串: ...     (unassigned)
[QString::FromUtf8] 原始字符串: Output window
[QString::FromUtf8] 原始字符串: Output window
[QString::FromUtf8] 原始字符串:   0. Creating a new segment  (0000000000000000-0000000000004CA0) ... ... OK
[QString::FromUtf8] 长度超过50字符，跳过替换
[QString::FromUtf8] 原始字符串:   1. Creating a new segment  (0000000000014D08-0000000000015090) ... ... OK
[QString::FromUtf8] 长度超过50字符，跳过替换
[QString::FromUtf8] 原始字符串:   2. Creating a new segment  (0000000000026000-0000000000027000) ... ... OK
[QString::FromUtf8] 长度超过50字符，跳过替换
[QString::FromUtf8] 原始字符串:   3. Creating a new segment  (0000000000047000-000000000016C6D0) ... ... OK
[QString::FromUtf8] 长度超过50字符，跳过替换
[QString::FromUtf8] 原始字符串: Cancel
[QString::FromUtf8] 原始字符串: Loading 'libDexHelper_fixed.so' into the database.
[QString::FromUtf8] 原始字符串: Assuming __fastcall calling convention by default
[QString::FromUtf8] 原始字符串: Type library 'gnulnx_arm64' loaded. Applying types...
[QString::FromUtf8] 长度超过50字符，跳过替换
[QString::FromUtf8] 原始字符串: Types applied to 0 names.
[QString::FromUtf8] 原始字符串:   4. Creating a new segment  (000000000016C6D0-000000000016D158) ... ... OK
[QString::FromUtf8] 长度超过50字符，跳过替换
[QString::FromUtf8] 原始字符串:  @:0000000000000000
[QString::FromUtf8] 原始字符串: BUSY
[QString::FromUtf8] 原始字符串: Navigator Scale: 1 pixel = 1024 bytes; Range: 0000000000000000-000000000016CE08
[QString::FromUtf8] 长度超过50字符，跳过替换
[QString::FromUtf8] 原始字符串: Navigator Scale: 1 pixel = 1024 bytes; Range: 0000000000000000-000000000016CE08
[QString::FromUtf8] 长度超过50字符，跳过替换
[QString::FromUtf8] 原始字符串: Navigator Scale: 1 pixel = 1024 bytes; Range: 0000000000000000-000000000016CE08
[QString::FromUtf8] 长度超过50字符，跳过替换
[QString::FromUtf8] 原始字符串: Plugins
[QString::FromUtf8] 原始字符串: Load DWARF file
[QString::FromUtf8] 原始字符串: Load DWARF file
[QString::FromUtf8] 原始字符串: Load debug information from a DWARF file
[QString::FromUtf8] 原始字符串: stalker trace so
[QString::FromUtf8] 原始字符串: stalker trace so
[QString::FromUtf8] 原始字符串: stalker trace so
[QString::FromUtf8] 原始字符串: Find functions
[QString::FromUtf8] 原始字符串: Find functions
[QString::FromUtf8] 原始字符串: IDA Feeds
[QString::FromUtf8] 原始字符串: IDA Feeds
[QString::FromUtf8] 原始字符串: Ctrl+Shift+F5
[QString::FromUtf8] 原始字符串: Ctrl+Shift+F5
[QTranslate] 原始字符串: Ctrl
[QTranslate] 原始字符串: Shift
[QTranslate] 原始字符串: Alt
[QTranslate] 原始字符串: Meta
[QTranslate] 原始字符串: Num
[QString::FromUtf8] 原始字符串: Ctrl+Shift+F5
[QTranslate] 原始字符串: Ctrl
[QTranslate] 原始字符串: Shift
[QTranslate] 原始字符串: Alt
[QTranslate] 原始字符串: Meta
[QTranslate] 原始字符串: Num
[QString::FromUtf8] 原始字符串: Hex-Rays IDA Feeds Plugin
[QString::FromUtf8] 原始字符串: Generate microcode
[QString::FromUtf8] 原始字符串: Ctrl-Shift-F8
[QTranslate] 原始字符串: Ctrl
[QTranslate] 原始字符串: Shift
[QTranslate] 原始字符串: Alt
[QTranslate] 原始字符串: Meta
[QTranslate] 原始字符串: Num
[QString::FromUtf8] 原始字符串: Ctrl+Shift+F8
[QTranslate] 原始字符串: Ctrl
[QTranslate] 原始字符串: Shift
[QTranslate] 原始字符串: Alt
[QTranslate] 原始字符串: Meta
[QTranslate] 原始字符串: Num
[QString::FromUtf8] 原始字符串: Ctrl+Shift+F8
[QString::FromUtf8] 原始字符串: Ctrl+Shift+F8
[QTranslate] 原始字符串: Ctrl
[QTranslate] 原始字符串: Shift
[QTranslate] 原始字符串: Alt
[QTranslate] 原始字符串: Meta
[QTranslate] 原始字符串: Num
[QString::FromUtf8] 原始字符串: Raise maturity level
[QString::FromUtf8] 原始字符串: >
[QTranslate] 原始字符串: Ctrl
[QTranslate] 原始字符串: Shift
[QTranslate] 原始字符串: Alt
[QTranslate] 原始字符串: Meta
[QTranslate] 原始字符串: Num
[QString::FromUtf8] 原始字符串: >
[QTranslate] 原始字符串: Ctrl
[QTranslate] 原始字符串: Shift
[QTranslate] 原始字符串: Alt
[QTranslate] 原始字符串: Meta
[QTranslate] 原始字符串: Num
[QString::FromUtf8] 原始字符串: >
[QString::FromUtf8] 原始字符串: >
[QTranslate] 原始字符串: Ctrl
[QTranslate] 原始字符串: Shift
[QTranslate] 原始字符串: Alt
[QTranslate] 原始字符串: Meta
[QTranslate] 原始字符串: Num
[QString::FromUtf8] 原始字符串: Lower maturity level
[QString::FromUtf8] 原始字符串: <
[QTranslate] 原始字符串: Ctrl
[QTranslate] 原始字符串: Shift
[QTranslate] 原始字符串: Alt
[QTranslate] 原始字符串: Meta
[QTranslate] 原始字符串: Num
[QString::FromUtf8] 原始字符串: <
[QTranslate] 原始字符串: Ctrl
[QTranslate] 原始字符串: Shift
[QTranslate] 原始字符串: Alt
[QTranslate] 原始字符串: Meta
[QTranslate] 原始字符串: Num
[QString::FromUtf8] 原始字符串: <
[QString::FromUtf8] 原始字符串: <
[QTranslate] 原始字符串: Ctrl
[QTranslate] 原始字符串: Shift
[QTranslate] 原始字符串: Alt
[QTranslate] 原始字符串: Meta
[QTranslate] 原始字符串: Num
[QString::FromUtf8] 原始字符串: List cross references to...
[QString::FromUtf8] 原始字符串: X
[QTranslate] 原始字符串: Ctrl
[QTranslate] 原始字符串: Shift
[QTranslate] 原始字符串: Alt
[QTranslate] 原始字符串: Meta
[QTranslate] 原始字符串: Num
[QString::FromUtf8] 原始字符串: X
[QTranslate] 原始字符串: Ctrl
[QTranslate] 原始字符串: Shift
[QTranslate] 原始字符串: Alt
[QTranslate] 原始字符串: Meta
[QTranslate] 原始字符串: Num
[QString::FromUtf8] 原始字符串: X
[QString::FromUtf8] 原始字符串: X
[QTranslate] 原始字符串: Ctrl
[QTranslate] 原始字符串: Shift
[QTranslate] 原始字符串: Alt
[QTranslate] 原始字符串: Meta
[QTranslate] 原始字符串: Num
[QString::FromUtf8] 原始字符串: Edit block comment...
[QString::FromUtf8] 原始字符串: Ins
[QTranslate] 原始字符串: Ctrl
[QTranslate] 原始字符串: Shift
[QTranslate] 原始字符串: Alt
[QTranslate] 原始字符串: Meta
[QTranslate] 原始字符串: Num
[QTranslate] 原始字符串: Space
[QTranslate] 原始字符串: Esc
[QTranslate] 原始字符串: Tab
[QTranslate] 原始字符串: Backtab
[QTranslate] 原始字符串: Backspace
[QTranslate] 原始字符串: Return
[QTranslate] 原始字符串: Enter
[QTranslate] 原始字符串: Ins
[QString::FromUtf8] 原始字符串: Ins
[QTranslate] 原始字符串: Ctrl
[QTranslate] 原始字符串: Shift
[QTranslate] 原始字符串: Alt
[QTranslate] 原始字符串: Meta
[QTranslate] 原始字符串: Num
[QTranslate] 原始字符串: Space
[QTranslate] 原始字符串: Esc
[QTranslate] 原始字符串: Tab
[QTranslate] 原始字符串: Backtab
[QTranslate] 原始字符串: Backspace
[QTranslate] 原始字符串: Return
[QTranslate] 原始字符串: Enter
[QTranslate] 原始字符串: Ins
[QString::FromUtf8] 原始字符串: Ins
[QString::FromUtf8] 原始字符串: Ins
[QTranslate] 原始字符串: Ctrl
[QTranslate] 原始字符串: Shift
[QTranslate] 原始字符串: Alt
[QTranslate] 原始字符串: Meta
[QTranslate] 原始字符串: Num
[QTranslate] 原始字符串: Space
[QTranslate] 原始字符串: Esc
[QTranslate] 原始字符串: Tab
[QTranslate] 原始字符串: Backtab
[QTranslate] 原始字符串: Backspace
[QTranslate] 原始字符串: Return
[QTranslate] 原始字符串: Enter
[QTranslate] 原始字符串: Ins
[QString::FromUtf8] 原始字符串: Edit comment...
[QString::FromUtf8] 原始字符串: /
[QTranslate] 原始字符串: Ctrl
[QTranslate] 原始字符串: Shift
[QTranslate] 原始字符串: Alt
[QTranslate] 原始字符串: Meta
[QTranslate] 原始字符串: Num
[QString::FromUtf8] 原始字符串: Numpad/
[QTranslate] 原始字符串: Ctrl
[QTranslate] 原始字符串: Shift
[QTranslate] 原始字符串: Alt
[QTranslate] 原始字符串: Meta
[QTranslate] 原始字符串: Num
[QString::FromUtf8] 原始字符串: /
[QTranslate] 原始字符串: Ctrl
[QTranslate] 原始字符串: Shift
[QTranslate] 原始字符串: Alt
[QTranslate] 原始字符串: Meta
[QTranslate] 原始字符串: Num
[QString::FromUtf8] 原始字符串: Num+/
[QTranslate] 原始字符串: Ctrl
[QTranslate] 原始字符串: Shift
[QTranslate] 原始字符串: Alt
[QTranslate] 原始字符串: Meta
[QTranslate] 原始字符串: Num
[QString::FromUtf8] 原始字符串: /
[QString::FromUtf8] 原始字符串: Num+/
[QString::FromUtf8] 原始字符串: /
[QTranslate] 原始字符串: Ctrl
[QTranslate] 原始字符串: Shift
[QTranslate] 原始字符串: Alt
[QTranslate] 原始字符串: Meta
[QTranslate] 原始字符串: Num
[QString::FromUtf8] 原始字符串: Num+/
[QTranslate] 原始字符串: Ctrl
[QTranslate] 原始字符串: Shift
[QTranslate] 原始字符串: Alt
[QTranslate] 原始字符串: Meta
[QTranslate] 原始字符串: Num
[QString::FromUtf8] 原始字符串: Insert assertion...
[QString::FromUtf8] 原始字符串: Delete instruction
[QString::FromUtf8] 原始字符串: Del
[QTranslate] 原始字符串: Ctrl
[QTranslate] 原始字符串: Shift
[QTranslate] 原始字符串: Alt
[QTranslate] 原始字符串: Meta
[QTranslate] 原始字符串: Num
[QTranslate] 原始字符串: Space
[QTranslate] 原始字符串: Esc
[QTranslate] 原始字符串: Tab
[QTranslate] 原始字符串: Backtab
[QTranslate] 原始字符串: Backspace
[QTranslate] 原始字符串: Return
[QTranslate] 原始字符串: Enter
[QTranslate] 原始字符串: Ins
[QTranslate] 原始字符串: Del
[QString::FromUtf8] 原始字符串: Del
[QTranslate] 原始字符串: Ctrl
[QTranslate] 原始字符串: Shift
[QTranslate] 原始字符串: Alt
[QTranslate] 原始字符串: Meta
[QTranslate] 原始字符串: Num
[QTranslate] 原始字符串: Space
[QTranslate] 原始字符串: Esc
[QTranslate] 原始字符串: Tab
[QTranslate] 原始字符串: Backtab
[QTranslate] 原始字符串: Backspace
[QTranslate] 原始字符串: Return
[QTranslate] 原始字符串: Enter
[QTranslate] 原始字符串: Ins
[QTranslate] 原始字符串: Del
[QString::FromUtf8] 原始字符串: Del
[QString::FromUtf8] 原始字符串: Del
[QTranslate] 原始字符串: Ctrl
[QTranslate] 原始字符串: Shift
[QTranslate] 原始字符串: Alt
[QTranslate] 原始字符串: Meta
[QTranslate] 原始字符串: Num
[QTranslate] 原始字符串: Space
[QTranslate] 原始字符串: Esc
[QTranslate] 原始字符串: Tab
[QTranslate] 原始字符串: Backtab
[QTranslate] 原始字符串: Backspace
[QTranslate] 原始字符串: Return
[QTranslate] 原始字符串: Enter
[QTranslate] 原始字符串: Ins
[QTranslate] 原始字符串: Del
[QString::FromUtf8] 原始字符串: Refresh
[QString::FromUtf8] 原始字符串: View/Open/Hex
[QString::FromUtf8] 原始字符串: View
[QString::FromUtf8] 精确匹配: 视图
[QString::FromUtf8] 原始字符串: Edit/Comments/
[QString::FromUtf8] 原始字符串: Default:Edit
[QString::FromUtf8] 原始字符串: Default:Edit
[QString::FromUtf8] 原始字符串: Default:Edit
[QString::FromUtf8] 原始字符串: Edit/Comments/
[QString::FromUtf8] 原始字符串: Default:Edit
[QString::FromUtf8] 原始字符串: Default:Edit
[QString::FromUtf8] 原始字符串: Default:Edit
[QString::FromUtf8] 原始字符串: Toggle hex/dec
[QString::FromUtf8] 原始字符串: H
[QTranslate] 原始字符串: Ctrl
[QTranslate] 原始字符串: Shift
[QTranslate] 原始字符串: Alt
[QTranslate] 原始字符串: Meta
[QTranslate] 原始字符串: Num
[QString::FromUtf8] 原始字符串: H
[QTranslate] 原始字符串: Ctrl
[QTranslate] 原始字符串: Shift
[QTranslate] 原始字符串: Alt
[QTranslate] 原始字符串: Meta
[QTranslate] 原始字符串: Num
[QString::FromUtf8] 原始字符串: H
[QString::FromUtf8] 原始字符串: H
[QTranslate] 原始字符串: Ctrl
[QTranslate] 原始字符串: Shift
[QTranslate] 原始字符串: Alt
[QTranslate] 原始字符串: Meta
[QTranslate] 原始字符串: Num
[QString::FromUtf8] 原始字符串: &Hexadecimal
[QString::FromUtf8] 原始字符串: &Decimal
[QString::FromUtf8] 原始字符串: Octa&l
[QString::FromUtf8] 原始字符串: Cha&r
[QString::FromUtf8] 原始字符串: R
[QTranslate] 原始字符串: Ctrl
[QTranslate] 原始字符串: Shift
[QTranslate] 原始字符串: Alt
[QTranslate] 原始字符串: Meta
[QTranslate] 原始字符串: Num
[QString::FromUtf8] 原始字符串: R
[QTranslate] 原始字符串: Ctrl
[QTranslate] 原始字符串: Shift
[QTranslate] 原始字符串: Alt
[QTranslate] 原始字符串: Meta
[QTranslate] 原始字符串: Num
[QString::FromUtf8] 原始字符串: R
[QString::FromUtf8] 原始字符串: R
[QTranslate] 原始字符串: Ctrl
[QTranslate] 原始字符串: Shift
[QTranslate] 原始字符串: Alt
[QTranslate] 原始字符串: Meta
[QTranslate] 原始字符串: Num
[QString::FromUtf8] 原始字符串: Enu&m
[QString::FromUtf8] 原始字符串: M
[QTranslate] 原始字符串: Ctrl
[QTranslate] 原始字符串: Shift
[QTranslate] 原始字符串: Alt
[QTranslate] 原始字符串: Meta
[QTranslate] 原始字符串: Num
[QString::FromUtf8] 原始字符串: M
[QTranslate] 原始字符串: Ctrl
[QTranslate] 原始字符串: Shift
[QTranslate] 原始字符串: Alt
[QTranslate] 原始字符串: Meta
[QTranslate] 原始字符串: Num
[QString::FromUtf8] 原始字符串: M
[QString::FromUtf8] 原始字符串: M
[QTranslate] 原始字符串: Ctrl
[QTranslate] 原始字符串: Shift
[QTranslate] 原始字符串: Alt
[QTranslate] 原始字符串: Meta
[QTranslate] 原始字符串: Num
[QString::FromUtf8] 原始字符串: Invert &sign
[QString::FromUtf8] 原始字符串: _
[QTranslate] 原始字符串: Ctrl
[QTranslate] 原始字符串: Shift
[QTranslate] 原始字符串: Alt
[QTranslate] 原始字符串: Meta
[QTranslate] 原始字符串: Num
[QString::FromUtf8] 原始字符串: _
[QTranslate] 原始字符串: Ctrl
[QTranslate] 原始字符串: Shift
[QTranslate] 原始字符串: Alt
[QTranslate] 原始字符串: Meta
[QTranslate] 原始字符串: Num
[QString::FromUtf8] 原始字符串: _
[QString::FromUtf8] 原始字符串: _
[QTranslate] 原始字符串: Ctrl
[QTranslate] 原始字符串: Shift
[QTranslate] 原始字符串: Alt
[QTranslate] 原始字符串: Meta
[QTranslate] 原始字符串: Num
[QString::FromUtf8] 原始字符串: &Bitwise negate
[QString::FromUtf8] 原始字符串: ~
[QTranslate] 原始字符串: Ctrl
[QTranslate] 原始字符串: Shift
[QTranslate] 原始字符串: Alt
[QTranslate] 原始字符串: Meta
[QTranslate] 原始字符串: Num
[QString::FromUtf8] 原始字符串: ~
[QTranslate] 原始字符串: Ctrl
[QTranslate] 原始字符串: Shift
[QTranslate] 原始字符串: Alt
[QTranslate] 原始字符串: Meta
[QTranslate] 原始字符串: Num
[QString::FromUtf8] 原始字符串: ~
[QString::FromUtf8] 原始字符串: ~
[QTranslate] 原始字符串: Ctrl
[QTranslate] 原始字符串: Shift
[QTranslate] 原始字符串: Alt
[QTranslate] 原始字符串: Meta
[QTranslate] 原始字符串: Num
[QString::FromUtf8] 原始字符串: Structure offse&t
[QString::FromUtf8] 原始字符串: T
[QTranslate] 原始字符串: Ctrl
[QTranslate] 原始字符串: Shift
[QTranslate] 原始字符串: Alt
[QTranslate] 原始字符串: Meta
[QTranslate] 原始字符串: Num
[QString::FromUtf8] 原始字符串: T
[QTranslate] 原始字符串: Ctrl
[QTranslate] 原始字符串: Shift
[QTranslate] 原始字符串: Alt
[QTranslate] 原始字符串: Meta
[QTranslate] 原始字符串: Num
[QString::FromUtf8] 原始字符串: T
[QString::FromUtf8] 原始字符串: T
[QTranslate] 原始字符串: Ctrl
[QTranslate] 原始字符串: Shift
[QTranslate] 原始字符串: Alt
[QTranslate] 原始字符串: Meta
[QTranslate] 原始字符串: Num
[QString::FromUtf8] 原始字符串: Rever&t CONTAINING_RECORD
[QString::FromUtf8] 原始字符串: T
[QTranslate] 原始字符串: Ctrl
[QTranslate] 原始字符串: Shift
[QTranslate] 原始字符串: Alt
[QTranslate] 原始字符串: Meta
[QTranslate] 原始字符串: Num
[QString::FromUtf8] 原始字符串: T
[QTranslate] 原始字符串: Ctrl
[QTranslate] 原始字符串: Shift
[QTranslate] 原始字符串: Alt
[QTranslate] 原始字符串: Meta
[QTranslate] 原始字符串: Num
[QString::FromUtf8] 原始字符串: T
[QString::FromUtf8] 原始字符串: T
[QTranslate] 原始字符串: Ctrl
[QTranslate] 原始字符串: Shift
[QTranslate] 原始字符串: Alt
[QTranslate] 原始字符串: Meta
[QTranslate] 原始字符串: Num
[QString::FromUtf8] 原始字符串: &Force call type
[QString::FromUtf8] 原始字符串: Set &call type...
[QString::FromUtf8] 原始字符串: Add &variadic argument
[QString::FromUtf8] 原始字符串: Numpad+
[QTranslate] 原始字符串: Ctrl
[QTranslate] 原始字符串: Shift
[QTranslate] 原始字符串: Alt
[QTranslate] 原始字符串: Meta
[QTranslate] 原始字符串: Num
[QString::FromUtf8] 原始字符串: Num++
[QTranslate] 原始字符串: Ctrl
[QTranslate] 原始字符串: Shift
[QTranslate] 原始字符串: Alt
[QTranslate] 原始字符串: Meta
[QTranslate] 原始字符串: Num
[QString::FromUtf8] 原始字符串: Num++
[QString::FromUtf8] 原始字符串: Num++
[QTranslate] 原始字符串: Ctrl
[QTranslate] 原始字符串: Shift
[QTranslate] 原始字符串: Alt
[QTranslate] 原始字符串: Meta
[QTranslate] 原始字符串: Num
[QString::FromUtf8] 原始字符串: Delete variadic argument
[QString::FromUtf8] 原始字符串: Numpad-
[QTranslate] 原始字符串: Ctrl
[QTranslate] 原始字符串: Shift
[QTranslate] 原始字符串: Alt
[QTranslate] 原始字符串: Meta
[QTranslate] 原始字符串: Num
[QString::FromUtf8] 原始字符串: Num+-
[QTranslate] 原始字符串: Ctrl
[QTranslate] 原始字符串: Shift
[QTranslate] 原始字符串: Alt
[QTranslate] 原始字符串: Meta
[QTranslate] 原始字符串: Num
[QString::FromUtf8] 原始字符串: Num+-
[QString::FromUtf8] 原始字符串: Num+-
[QTranslate] 原始字符串: Ctrl
[QTranslate] 原始字符串: Shift
[QTranslate] 原始字符串: Alt
[QTranslate] 原始字符串: Meta
[QTranslate] 原始字符串: Num
[QString::FromUtf8] 原始字符串: Rename...
[QString::FromUtf8] 原始字符串: N
[QTranslate] 原始字符串: Ctrl
[QTranslate] 原始字符串: Shift
[QTranslate] 原始字符串: Alt
[QTranslate] 原始字符串: Meta
[QTranslate] 原始字符串: Num
[QString::FromUtf8] 原始字符串: N
[QTranslate] 原始字符串: Ctrl
[QTranslate] 原始字符串: Shift
[QTranslate] 原始字符串: Alt
[QTranslate] 原始字符串: Meta
[QTranslate] 原始字符串: Num
[QString::FromUtf8] 原始字符串: N
[QString::FromUtf8] 原始字符串: N
[QTranslate] 原始字符串: Ctrl
[QTranslate] 原始字符串: Shift
[QTranslate] 原始字符串: Alt
[QTranslate] 原始字符串: Meta
[QTranslate] 原始字符串: Num
[QString::FromUtf8] 原始字符串: Set t&ype...
[QString::FromUtf8] 原始字符串: Y
[QTranslate] 原始字符串: Ctrl
[QTranslate] 原始字符串: Shift
[QTranslate] 原始字符串: Alt
[QTranslate] 原始字符串: Meta
[QTranslate] 原始字符串: Num
[QString::FromUtf8] 原始字符串: Y
[QTranslate] 原始字符串: Ctrl
[QTranslate] 原始字符串: Shift
[QTranslate] 原始字符串: Alt
[QTranslate] 原始字符串: Meta
[QTranslate] 原始字符串: Num
[QString::FromUtf8] 原始字符串: Y
[QString::FromUtf8] 原始字符串: Y
[QTranslate] 原始字符串: Ctrl
[QTranslate] 原始字符串: Shift
[QTranslate] 原始字符串: Alt
[QTranslate] 原始字符串: Meta
[QTranslate] 原始字符串: Num
[QString::FromUtf8] 原始字符串: Reset pointer type
[QString::FromUtf8] 原始字符串: Convert to struct *...
[QString::FromUtf8] 原始字符串: Map to another variable...
[QString::FromUtf8] 原始字符串: =
[QTranslate] 原始字符串: Ctrl
[QTranslate] 原始字符串: Shift
[QTranslate] 原始字符串: Alt
[QTranslate] 原始字符串: Meta
[QTranslate] 原始字符串: Num
[QString::FromUtf8] 原始字符串: =
[QTranslate] 原始字符串: Ctrl
[QTranslate] 原始字符串: Shift
[QTranslate] 原始字符串: Alt
[QTranslate] 原始字符串: Meta
[QTranslate] 原始字符串: Num
[QString::FromUtf8] 原始字符串: =
[QString::FromUtf8] 原始字符串: =
[QTranslate] 原始字符串: Ctrl
[QTranslate] 原始字符串: Shift
[QTranslate] 原始字符串: Alt
[QTranslate] 原始字符串: Meta
[QTranslate] 原始字符串: Num
[QString::FromUtf8] 原始字符串: Unmap variable(s)...
[QString::FromUtf8] 原始字符串: Forbid assignment propagation
[QString::FromUtf8] 原始字符串: Split variable
[QString::FromUtf8] 原始字符串: Shift-S
[QTranslate] 原始字符串: Ctrl
[QTranslate] 原始字符串: Shift
[QTranslate] 原始字符串: Alt
[QTranslate] 原始字符串: Meta
[QTranslate] 原始字符串: Num
[QString::FromUtf8] 原始字符串: Shift+S
[QTranslate] 原始字符串: Ctrl
[QTranslate] 原始字符串: Shift
[QTranslate] 原始字符串: Alt
[QTranslate] 原始字符串: Meta
[QTranslate] 原始字符串: Num
[QString::FromUtf8] 原始字符串: Shift+S
[QString::FromUtf8] 原始字符串: Shift+S
[QTranslate] 原始字符串: Ctrl
[QTranslate] 原始字符串: Shift
[QTranslate] 原始字符串: Alt
[QTranslate] 原始字符串: Meta
[QTranslate] 原始字符串: Num
[QString::FromUtf8] 原始字符串: Unsplit variable
[QString::FromUtf8] 原始字符串: Remove function argument/retval
[QString::FromUtf8] 原始字符串: Shift-Del
[QTranslate] 原始字符串: Ctrl
[QTranslate] 原始字符串: Shift
[QTranslate] 原始字符串: Alt
[QTranslate] 原始字符串: Meta
[QTranslate] 原始字符串: Num
[QTranslate] 原始字符串: Space
[QTranslate] 原始字符串: Esc
[QTranslate] 原始字符串: Tab
[QTranslate] 原始字符串: Backtab
[QTranslate] 原始字符串: Backspace
[QTranslate] 原始字符串: Return
[QTranslate] 原始字符串: Enter
[QTranslate] 原始字符串: Ins
[QTranslate] 原始字符串: Del
[QString::FromUtf8] 原始字符串: Shift+Del
[QTranslate] 原始字符串: Ctrl
[QTranslate] 原始字符串: Shift
[QTranslate] 原始字符串: Alt
[QTranslate] 原始字符串: Meta
[QTranslate] 原始字符串: Num
[QTranslate] 原始字符串: Space
[QTranslate] 原始字符串: Esc
[QTranslate] 原始字符串: Tab
[QTranslate] 原始字符串: Backtab
[QTranslate] 原始字符串: Backspace
[QTranslate] 原始字符串: Return
[QTranslate] 原始字符串: Enter
[QTranslate] 原始字符串: Ins
[QTranslate] 原始字符串: Del
[QString::FromUtf8] 原始字符串: Shift+Del
[QString::FromUtf8] 原始字符串: Shift+Del
[QTranslate] 原始字符串: Ctrl
[QTranslate] 原始字符串: Shift
[QTranslate] 原始字符串: Alt
[QTranslate] 原始字符串: Meta
[QTranslate] 原始字符串: Num
[QTranslate] 原始字符串: Space
[QTranslate] 原始字符串: Esc
[QTranslate] 原始字符串: Tab
[QTranslate] 原始字符串: Backtab
[QTranslate] 原始字符串: Backspace
[QTranslate] 原始字符串: Return
[QTranslate] 原始字符串: Enter
[QTranslate] 原始字符串: Ins
[QTranslate] 原始字符串: Del
[QString::FromUtf8] 原始字符串: Remove/Add function retval
[QString::FromUtf8] 原始字符串: Ctrl-Shift-R
[QTranslate] 原始字符串: Ctrl
[QTranslate] 原始字符串: Shift
[QTranslate] 原始字符串: Alt
[QTranslate] 原始字符串: Meta
[QTranslate] 原始字符串: Num
[QString::FromUtf8] 原始字符串: Ctrl+Shift+R
[QTranslate] 原始字符串: Ctrl
[QTranslate] 原始字符串: Shift
[QTranslate] 原始字符串: Alt
[QTranslate] 原始字符串: Meta
[QTranslate] 原始字符串: Num
[QString::FromUtf8] 原始字符串: Ctrl+Shift+R
[QString::FromUtf8] 原始字符串: Ctrl+Shift+R
[QTranslate] 原始字符串: Ctrl
[QTranslate] 原始字符串: Shift
[QTranslate] 原始字符串: Alt
[QTranslate] 原始字符串: Meta
[QTranslate] 原始字符串: Num
[QString::FromUtf8] 原始字符串: Quick rename...
[QString::FromUtf8] 原始字符串: Shift-N
[QTranslate] 原始字符串: Ctrl
[QTranslate] 原始字符串: Shift
[QTranslate] 原始字符串: Alt
[QTranslate] 原始字符串: Meta
[QTranslate] 原始字符串: Num
[QString::FromUtf8] 原始字符串: Shift+N
[QTranslate] 原始字符串: Ctrl
[QTranslate] 原始字符串: Shift
[QTranslate] 原始字符串: Alt
[QTranslate] 原始字符串: Meta
[QTranslate] 原始字符串: Num
[QString::FromUtf8] 原始字符串: Shift+N
[QString::FromUtf8] 原始字符串: Shift+N
[QTranslate] 原始字符串: Ctrl
[QTranslate] 原始字符串: Shift
[QTranslate] 原始字符串: Alt
[QTranslate] 原始字符串: Meta
[QTranslate] 原始字符串: Num
[QString::FromUtf8] 原始字符串: Split expression
[QString::FromUtf8] 原始字符串: Unsplit expression
[QString::FromUtf8] 原始字符串: Split memory access
[QString::FromUtf8] 原始字符串: Unsplit memory access
[QString::FromUtf8] 原始字符串: Create new struct type...
[QString::FromUtf8] 原始字符串: Select union field...
[QString::FromUtf8] 原始字符串: Alt-Y
[QTranslate] 原始字符串: Ctrl
[QTranslate] 原始字符串: Shift
[QTranslate] 原始字符串: Alt
[QTranslate] 原始字符串: Meta
[QTranslate] 原始字符串: Num
[QString::FromUtf8] 原始字符串: Alt+Y
[QTranslate] 原始字符串: Ctrl
[QTranslate] 原始字符串: Shift
[QTranslate] 原始字符串: Alt
[QTranslate] 原始字符串: Meta
[QTranslate] 原始字符串: Num
[QString::FromUtf8] 原始字符串: Alt+Y
[QString::FromUtf8] 原始字符串: Alt+Y
[QTranslate] 原始字符串: Ctrl
[QTranslate] 原始字符串: Shift
[QTranslate] 原始字符串: Alt
[QTranslate] 原始字符串: Meta
[QTranslate] 原始字符串: Num
[QString::FromUtf8] 原始字符串: Jump to structure definition...
[QString::FromUtf8] 原始字符串: Z
[QTranslate] 原始字符串: Ctrl
[QTranslate] 原始字符串: Shift
[QTranslate] 原始字符串: Alt
[QTranslate] 原始字符串: Meta
[QTranslate] 原始字符串: Num
[QString::FromUtf8] 原始字符串: Z
[QTranslate] 原始字符串: Ctrl
[QTranslate] 原始字符串: Shift
[QTranslate] 原始字符串: Alt
[QTranslate] 原始字符串: Meta
[QTranslate] 原始字符串: Num
[QString::FromUtf8] 原始字符串: Z
[QString::FromUtf8] 原始字符串: Z
[QTranslate] 原始字符串: Ctrl
[QTranslate] 原始字符串: Shift
[QTranslate] 原始字符串: Alt
[QTranslate] 原始字符串: Meta
[QTranslate] 原始字符串: Num
[QString::FromUtf8] 原始字符串: &Jump to local type...
[QString::FromUtf8] 原始字符串: Jump to &xref...
[QString::FromUtf8] 原始字符串: X
[QTranslate] 原始字符串: Ctrl
[QTranslate] 原始字符串: Shift
[QTranslate] 原始字符串: Alt
[QTranslate] 原始字符串: Meta
[QTranslate] 原始字符串: Num
[QString::FromUtf8] 原始字符串: X
[QTranslate] 原始字符串: Ctrl
[QTranslate] 原始字符串: Shift
[QTranslate] 原始字符串: Alt
[QTranslate] 原始字符串: Meta
[QTranslate] 原始字符串: Num
[QString::FromUtf8] 原始字符串: X
[QString::FromUtf8] 原始字符串: X
[QTranslate] 原始字符串: Ctrl
[QTranslate] 原始字符串: Shift
[QTranslate] 原始字符串: Alt
[QTranslate] 原始字符串: Meta
[QTranslate] 原始字符串: Num
[QString::FromUtf8] 原始字符串: Jump to xref globally...
[QString::FromUtf8] 原始字符串: Ctrl-Alt-X
[QTranslate] 原始字符串: Ctrl
[QTranslate] 原始字符串: Shift
[QTranslate] 原始字符串: Alt
[QTranslate] 原始字符串: Meta
[QTranslate] 原始字符串: Num
[QString::FromUtf8] 原始字符串: Ctrl+Alt+X
[QTranslate] 原始字符串: Ctrl
[QTranslate] 原始字符串: Shift
[QTranslate] 原始字符串: Alt
[QTranslate] 原始字符串: Meta
[QTranslate] 原始字符串: Num
[QString::FromUtf8] 原始字符串: Ctrl+Alt+X
[QString::FromUtf8] 原始字符串: Ctrl+Alt+X
[QTranslate] 原始字符串: Ctrl
[QTranslate] 原始字符串: Shift
[QTranslate] 原始字符串: Alt
[QTranslate] 原始字符串: Meta
[QTranslate] 原始字符串: Num
[QString::FromUtf8] 原始字符串: Jump to pseudocode in a new view
[QString::FromUtf8] 原始字符串: Alt-Enter
[QTranslate] 原始字符串: Ctrl
[QTranslate] 原始字符串: Shift
[QTranslate] 原始字符串: Alt
[QTranslate] 原始字符串: Meta
[QTranslate] 原始字符串: Num
[QTranslate] 原始字符串: Space
[QTranslate] 原始字符串: Esc
[QTranslate] 原始字符串: Tab
[QTranslate] 原始字符串: Backtab
[QTranslate] 原始字符串: Backspace
[QTranslate] 原始字符串: Return
[QTranslate] 原始字符串: Enter
[QString::FromUtf8] 原始字符串: Alt+Enter
[QTranslate] 原始字符串: Ctrl
[QTranslate] 原始字符串: Shift
[QTranslate] 原始字符串: Alt
[QTranslate] 原始字符串: Meta
[QTranslate] 原始字符串: Num
[QTranslate] 原始字符串: Space
[QTranslate] 原始字符串: Esc
[QTranslate] 原始字符串: Tab
[QTranslate] 原始字符串: Backtab
[QTranslate] 原始字符串: Backspace
[QTranslate] 原始字符串: Return
[QTranslate] 原始字符串: Enter
[QString::FromUtf8] 原始字符串: Alt+Enter
[QString::FromUtf8] 原始字符串: Alt+Enter
[QTranslate] 原始字符串: Ctrl
[QTranslate] 原始字符串: Shift
[QTranslate] 原始字符串: Alt
[QTranslate] 原始字符串: Meta
[QTranslate] 原始字符串: Num
[QTranslate] 原始字符串: Space
[QTranslate] 原始字符串: Esc
[QTranslate] 原始字符串: Tab
[QTranslate] 原始字符串: Backtab
[QTranslate] 原始字符串: Backspace
[QTranslate] 原始字符串: Return
[QTranslate] 原始字符串: Enter
[QTranslate] 原始字符串: Ctrl
[QTranslate] 原始字符串: Shift
[QTranslate] 原始字符串: Alt
[QTranslate] 原始字符串: Meta
[QTranslate] 原始字符串: Num
[QTranslate] 原始字符串: Space
[QTranslate] 原始字符串: Esc
[QTranslate] 原始字符串: Tab
[QTranslate] 原始字符串: Backtab
[QTranslate] 原始字符串: Backspace
[QTranslate] 原始字符串: Return
[QString::FromUtf8] 原始字符串: Edit comment...
[QString::FromUtf8] 原始字符串: /
[QTranslate] 原始字符串: Ctrl
[QTranslate] 原始字符串: Shift
[QTranslate] 原始字符串: Alt
[QTranslate] 原始字符串: Meta
[QTranslate] 原始字符串: Num
[QString::FromUtf8] 原始字符串: Numpad/
[QTranslate] 原始字符串: Ctrl
[QTranslate] 原始字符串: Shift
[QTranslate] 原始字符串: Alt
[QTranslate] 原始字符串: Meta
[QTranslate] 原始字符串: Num
[QString::FromUtf8] 原始字符串: /
[QTranslate] 原始字符串: Ctrl
[QTranslate] 原始字符串: Shift
[QTranslate] 原始字符串: Alt
[QTranslate] 原始字符串: Meta
[QTranslate] 原始字符串: Num
[QString::FromUtf8] 原始字符串: Num+/
[QTranslate] 原始字符串: Ctrl
[QTranslate] 原始字符串: Shift
[QTranslate] 原始字符串: Alt
[QTranslate] 原始字符串: Meta
[QTranslate] 原始字符串: Num
[QString::FromUtf8] 原始字符串: /
[QString::FromUtf8] 原始字符串: Num+/
[QString::FromUtf8] 原始字符串: /
[QTranslate] 原始字符串: Ctrl
[QTranslate] 原始字符串: Shift
[QTranslate] 原始字符串: Alt
[QTranslate] 原始字符串: Meta
[QTranslate] 原始字符串: Num
[QString::FromUtf8] 原始字符串: Num+/
[QTranslate] 原始字符串: Ctrl
[QTranslate] 原始字符串: Shift
[QTranslate] 原始字符串: Alt
[QTranslate] 原始字符串: Meta
[QTranslate] 原始字符串: Num
[QString::FromUtf8] 原始字符串: Edit block comment...
[QString::FromUtf8] 原始字符串: Ins
[QTranslate] 原始字符串: Ctrl
[QTranslate] 原始字符串: Shift
[QTranslate] 原始字符串: Alt
[QTranslate] 原始字符串: Meta
[QTranslate] 原始字符串: Num
[QTranslate] 原始字符串: Space
[QTranslate] 原始字符串: Esc
[QTranslate] 原始字符串: Tab
[QTranslate] 原始字符串: Backtab
[QTranslate] 原始字符串: Backspace
[QTranslate] 原始字符串: Return
[QTranslate] 原始字符串: Enter
[QTranslate] 原始字符串: Ins
[QString::FromUtf8] 原始字符串: Ins
[QTranslate] 原始字符串: Ctrl
[QTranslate] 原始字符串: Shift
[QTranslate] 原始字符串: Alt
[QTranslate] 原始字符串: Meta
[QTranslate] 原始字符串: Num
[QTranslate] 原始字符串: Space
[QTranslate] 原始字符串: Esc
[QTranslate] 原始字符串: Tab
[QTranslate] 原始字符串: Backtab
[QTranslate] 原始字符串: Backspace
[QTranslate] 原始字符串: Return
[QTranslate] 原始字符串: Enter
[QTranslate] 原始字符串: Ins
[QString::FromUtf8] 原始字符串: Ins
[QString::FromUtf8] 原始字符串: Ins
[QTranslate] 原始字符串: Ctrl
[QTranslate] 原始字符串: Shift
[QTranslate] 原始字符串: Alt
[QTranslate] 原始字符串: Meta
[QTranslate] 原始字符串: Num
[QTranslate] 原始字符串: Space
[QTranslate] 原始字符串: Esc
[QTranslate] 原始字符串: Tab
[QTranslate] 原始字符串: Backtab
[QTranslate] 原始字符串: Backspace
[QTranslate] 原始字符串: Return
[QTranslate] 原始字符串: Enter
[QTranslate] 原始字符串: Ins
[QString::FromUtf8] 原始字符串: Delete orphan comments
[QString::FromUtf8] 原始字符串: Generate HTML...
[QString::FromUtf8] 原始字符串: Collapse item
[QString::FromUtf8] 原始字符串: Numpad-
[QTranslate] 原始字符串: Ctrl
[QTranslate] 原始字符串: Shift
[QTranslate] 原始字符串: Alt
[QTranslate] 原始字符串: Meta
[QTranslate] 原始字符串: Num
[QString::FromUtf8] 原始字符串: Num+-
[QTranslate] 原始字符串: Ctrl
[QTranslate] 原始字符串: Shift
[QTranslate] 原始字符串: Alt
[QTranslate] 原始字符串: Meta
[QTranslate] 原始字符串: Num
[QString::FromUtf8] 原始字符串: Num+-
[QString::FromUtf8] 原始字符串: Num+-
[QTranslate] 原始字符串: Ctrl
[QTranslate] 原始字符串: Shift
[QTranslate] 原始字符串: Alt
[QTranslate] 原始字符串: Meta
[QTranslate] 原始字符串: Num
[QString::FromUtf8] 原始字符串: Uncollapse item
[QString::FromUtf8] 原始字符串: Numpad+
[QTranslate] 原始字符串: Ctrl
[QTranslate] 原始字符串: Shift
[QTranslate] 原始字符串: Alt
[QTranslate] 原始字符串: Meta
[QTranslate] 原始字符串: Num
[QString::FromUtf8] 原始字符串: Num++
[QTranslate] 原始字符串: Ctrl
[QTranslate] 原始字符串: Shift
[QTranslate] 原始字符串: Alt
[QTranslate] 原始字符串: Meta
[QTranslate] 原始字符串: Num
[QString::FromUtf8] 原始字符串: Num++
[QString::FromUtf8] 原始字符串: Num++
[QTranslate] 原始字符串: Ctrl
[QTranslate] 原始字符串: Shift
[QTranslate] 原始字符串: Alt
[QTranslate] 原始字符串: Meta
[QTranslate] 原始字符串: Num
[QString::FromUtf8] 原始字符串: Collapse declarations
[QString::FromUtf8] 原始字符串: Numpad-
[QTranslate] 原始字符串: Ctrl
[QTranslate] 原始字符串: Shift
[QTranslate] 原始字符串: Alt
[QTranslate] 原始字符串: Meta
[QTranslate] 原始字符串: Num
[QString::FromUtf8] 原始字符串: Num+-
[QTranslate] 原始字符串: Ctrl
[QTranslate] 原始字符串: Shift
[QTranslate] 原始字符串: Alt
[QTranslate] 原始字符串: Meta
[QTranslate] 原始字符串: Num
[QString::FromUtf8] 原始字符串: Num+-
[QString::FromUtf8] 原始字符串: Num+-
[QTranslate] 原始字符串: Ctrl
[QTranslate] 原始字符串: Shift
[QTranslate] 原始字符串: Alt
[QTranslate] 原始字符串: Meta
[QTranslate] 原始字符串: Num
[QString::FromUtf8] 原始字符串: Uncollapse declarations
[QString::FromUtf8] 原始字符串: Numpad+
[QTranslate] 原始字符串: Ctrl
[QTranslate] 原始字符串: Shift
[QTranslate] 原始字符串: Alt
[QTranslate] 原始字符串: Meta
[QTranslate] 原始字符串: Num
[QString::FromUtf8] 原始字符串: Num++
[QTranslate] 原始字符串: Ctrl
[QTranslate] 原始字符串: Shift
[QTranslate] 原始字符串: Alt
[QTranslate] 原始字符串: Meta
[QTranslate] 原始字符串: Num
[QString::FromUtf8] 原始字符串: Num++
[QString::FromUtf8] 原始字符串: Num++
[QTranslate] 原始字符串: Ctrl
[QTranslate] 原始字符串: Shift
[QTranslate] 原始字符串: Alt
[QTranslate] 原始字符串: Meta
[QTranslate] 原始字符串: Num
[QString::FromUtf8] 原始字符串: Mark as decompiled
[QString::FromUtf8] 原始字符串: Unmark as decompiled
[QString::FromUtf8] 原始字符串: Copy to assembly
[QString::FromUtf8] 原始字符串: Toggle display casts
[QString::FromUtf8] 原始字符串: \\
[QTranslate] 原始字符串: Ctrl
[QTranslate] 原始字符串: Shift
[QTranslate] 原始字符串: Alt
[QTranslate] 原始字符串: Meta
[QTranslate] 原始字符串: Num
[QString::FromUtf8] 原始字符串: \\
[QTranslate] 原始字符串: Ctrl
[QTranslate] 原始字符串: Shift
[QTranslate] 原始字符串: Alt
[QTranslate] 原始字符串: Meta
[QTranslate] 原始字符串: Num
[QString::FromUtf8] 原始字符串: \\
[QString::FromUtf8] 原始字符串: \\
[QTranslate] 原始字符串: Ctrl
[QTranslate] 原始字符串: Shift
[QTranslate] 原始字符串: Alt
[QTranslate] 原始字符串: Meta
[QTranslate] 原始字符串: Num
[QString::FromUtf8] 原始字符串: Toggle SSE intrinsics
[QString::FromUtf8] 原始字符串: Generate pseudocode
[QString::FromUtf8] 原始字符串: F5
[QTranslate] 原始字符串: Ctrl
[QTranslate] 原始字符串: Shift
[QTranslate] 原始字符串: Alt
[QTranslate] 原始字符串: Meta
[QTranslate] 原始字符串: Num
[QString::FromUtf8] 原始字符串: F5
[QTranslate] 原始字符串: Ctrl
[QTranslate] 原始字符串: Shift
[QTranslate] 原始字符串: Alt
[QTranslate] 原始字符串: Meta
[QTranslate] 原始字符串: Num
[QString::FromUtf8] 原始字符串: F5
[QString::FromUtf8] 原始字符串: F5
[QTranslate] 原始字符串: Ctrl
[QTranslate] 原始字符串: Shift
[QTranslate] 原始字符串: Alt
[QTranslate] 原始字符串: Meta
[QTranslate] 原始字符串: Num
[QString::FromUtf8] 原始字符串: Add empty line
[QString::FromUtf8] 原始字符串: Jump to matching brace
[QString::FromUtf8] 原始字符串: %
[QTranslate] 原始字符串: Ctrl
[QTranslate] 原始字符串: Shift
[QTranslate] 原始字符串: Alt
[QTranslate] 原始字符串: Meta
[QTranslate] 原始字符串: Num
[QString::FromUtf8] 原始字符串: %
[QTranslate] 原始字符串: Ctrl
[QTranslate] 原始字符串: Shift
[QTranslate] 原始字符串: Alt
[QTranslate] 原始字符串: Meta
[QTranslate] 原始字符串: Num
[QString::FromUtf8] 原始字符串: %
[QString::FromUtf8] 原始字符串: %
[QTranslate] 原始字符串: Ctrl
[QTranslate] 原始字符串: Shift
[QTranslate] 原始字符串: Alt
[QTranslate] 原始字符串: Meta
[QTranslate] 原始字符串: Num
[QString::FromUtf8] 原始字符串: Show all call decompilations...
[QString::FromUtf8] 原始字符串: Show all xref decompilations...
[QString::FromUtf8] 原始字符串: Stock comments
[QString::FromUtf8] 原始字符串: A
[QTranslate] 原始字符串: Ctrl
[QTranslate] 原始字符串: Shift
[QTranslate] 原始字符串: Alt
[QTranslate] 原始字符串: Meta
[QTranslate] 原始字符串: Num
[QString::FromUtf8] 原始字符串: A
[QTranslate] 原始字符串: Ctrl
[QTranslate] 原始字符串: Shift
[QTranslate] 原始字符串: Alt
[QTranslate] 原始字符串: Meta
[QTranslate] 原始字符串: Num
[QString::FromUtf8] 原始字符串: A
[QString::FromUtf8] 原始字符串: A
[QTranslate] 原始字符串: Ctrl
[QTranslate] 原始字符串: Shift
[QTranslate] 原始字符串: Alt
[QTranslate] 原始字符串: Meta
[QTranslate] 原始字符串: Num
[QString::FromUtf8] 原始字符串: Edit/Comments/Enter
[QString::FromUtf8] 原始字符串: Default:Edit
[QString::FromUtf8] 原始字符串: Default:Edit
[QString::FromUtf8] 原始字符串: Default:Edit
[QString::FromUtf8] 原始字符串: View/Open/Hex
[QString::FromUtf8] 原始字符串: View
[QString::FromUtf8] 精确匹配: 视图
[QString::FromUtf8] 原始字符串: Create &C file...
[QString::FromUtf8] 原始字符串: Ctrl-F5
[QTranslate] 原始字符串: Ctrl
[QTranslate] 原始字符串: Shift
[QTranslate] 原始字符串: Alt
[QTranslate] 原始字符串: Meta
[QTranslate] 原始字符串: Num
[QString::FromUtf8] 原始字符串: Ctrl+F5
[QTranslate] 原始字符串: Ctrl
[QTranslate] 原始字符串: Shift
[QTranslate] 原始字符串: Alt
[QTranslate] 原始字符串: Meta
[QTranslate] 原始字符串: Num
[QString::FromUtf8] 原始字符串: Ctrl+F5
[QString::FromUtf8] 原始字符串: Ctrl+F5
[QTranslate] 原始字符串: Ctrl
[QTranslate] 原始字符串: Shift
[QTranslate] 原始字符串: Alt
[QTranslate] 原始字符串: Meta
[QTranslate] 原始字符串: Num
[QString::FromUtf8] 原始字符串: File/Produce/Create HTML
[QString::FromUtf8] 原始字符串: File
[QString::FromUtf8] 原始字符串: Send &database...
[QString::FromUtf8] 原始字符串: Help/Check
[QString::FromUtf8] 原始字符串: Help
[QString::FromUtf8] 精确匹配: 帮助
[QString::FromUtf8] 原始字符串: E&xtract function...
[QString::FromUtf8] 原始字符串: Help/Check
[QString::FromUtf8] 原始字符串: Help
[QString::FromUtf8] 精确匹配: 帮助
[QString::FromUtf8] 原始字符串: Jump to pseudocode
[QString::FromUtf8] 原始字符串: Tab
[QTranslate] 原始字符串: Ctrl
[QTranslate] 原始字符串: Shift
[QTranslate] 原始字符串: Alt
[QTranslate] 原始字符串: Meta
[QTranslate] 原始字符串: Num
[QTranslate] 原始字符串: Space
[QTranslate] 原始字符串: Esc
[QTranslate] 原始字符串: Tab
[QString::FromUtf8] 原始字符串: Tab
[QTranslate] 原始字符串: Ctrl
[QTranslate] 原始字符串: Shift
[QTranslate] 原始字符串: Alt
[QTranslate] 原始字符串: Meta
[QTranslate] 原始字符串: Num
[QTranslate] 原始字符串: Space
[QTranslate] 原始字符串: Esc
[QTranslate] 原始字符串: Tab
[QString::FromUtf8] 原始字符串: Tab
[QString::FromUtf8] 原始字符串: Tab
[QTranslate] 原始字符串: Ctrl
[QTranslate] 原始字符串: Shift
[QTranslate] 原始字符串: Alt
[QTranslate] 原始字符串: Meta
[QTranslate] 原始字符串: Num
[QTranslate] 原始字符串: Space
[QTranslate] 原始字符串: Esc
[QTranslate] 原始字符串: Tab
[QString::FromUtf8] 原始字符串: Jump/Jump to address
[QString::FromUtf8] 原始字符串: Default:Jump
[QString::FromUtf8] 原始字符串: Default:Jump
[QString::FromUtf8] 原始字符串: Default:Jump
[QString::FromUtf8] 原始字符串: Add pseudocode comments...
[QString::FromUtf8] 原始字符串: Edit/Comments/Enter
[QString::FromUtf8] 原始字符串: Default:Edit
[QString::FromUtf8] 原始字符串: Default:Edit
[QString::FromUtf8] 原始字符串: Default:Edit
[QString::FromUtf8] 原始字符串: Delete pseudocode comments...
[QString::FromUtf8] 原始字符串: Edit/Comments/Enter
[QString::FromUtf8] 原始字符串: Default:Edit
[QString::FromUtf8] 原始字符串: Default:Edit
[QString::FromUtf8] 原始字符串: Default:Edit
[QString::FromUtf8] 原始字符串: &Reset decompiler information...
[QString::FromUtf8] 原始字符串: Edit/Other/Toggle border
[QString::FromUtf8] 原始字符串: Default:Edit
[QString::FromUtf8] 原始字符串: Default:Edit
[QString::FromUtf8] 原始字符串: Default:Edit
[QString::FromUtf8] 原始字符串: &Toggle skippable instructions...
[QString::FromUtf8] 原始字符串: Edit/Other/Toggle border
[QString::FromUtf8] 原始字符串: Default:Edit
[QString::FromUtf8] 原始字符串: Default:Edit
[QString::FromUtf8] 原始字符串: Default:Edit
[QString::FromUtf8] 原始字符串: Decompile as cal&l...
[QString::FromUtf8] 原始字符串: Edit/Other/Toggle border
[QString::FromUtf8] 原始字符串: Default:Edit
[QString::FromUtf8] 原始字符串: Default:Edit
[QString::FromUtf8] 原始字符串: Default:Edit
[QString::FromUtf8] 原始字符串: Alt-F5
[QTranslate] 原始字符串: Ctrl
[QTranslate] 原始字符串: Shift
[QTranslate] 原始字符串: Alt
[QTranslate] 原始字符串: Meta
[QTranslate] 原始字符串: Num
[QString::FromUtf8] 原始字符串: Alt+F5
[QString::FromUtf8] 原始字符串: Search for pictures
[QString::FromUtf8] 原始字符串: Search/All error operands
[QString::FromUtf8] 原始字符串: Default:Search
[QString::FromUtf8] 原始字符串: Default:Search
[QString::FromUtf8] 原始字符串: Default:Search
[QString::FromUtf8] 原始字符串: Open picture
[QString::FromUtf8] 原始字符串: View/Open subviews/Bookmarks
[QString::FromUtf8] 原始字符串: View
[QString::FromUtf8] 精确匹配: 视图
[QString::FromUtf8] 原始字符串: Open picture in default viewer
[QString::FromUtf8] 原始字符串: Ctrl+Shift+O
[QTranslate] 原始字符串: Ctrl
[QTranslate] 原始字符串: Shift
[QTranslate] 原始字符串: Alt
[QTranslate] 原始字符串: Meta
[QTranslate] 原始字符串: Num
[QString::FromUtf8] 原始字符串: Ctrl+Shift+O
[QTranslate] 原始字符串: Ctrl
[QTranslate] 原始字符串: Shift
[QTranslate] 原始字符串: Alt
[QTranslate] 原始字符串: Meta
[QTranslate] 原始字符串: Num
[QString::FromUtf8] 原始字符串: Ctrl+Shift+O
[QString::FromUtf8] 原始字符串: Ctrl+Shift+O
[QTranslate] 原始字符串: Ctrl
[QTranslate] 原始字符串: Shift
[QTranslate] 原始字符串: Alt
[QTranslate] 原始字符串: Meta
[QTranslate] 原始字符串: Num
[QString::FromUtf8] 原始字符串: Edit/Other/
[QString::FromUtf8] 原始字符串: Default:Edit
[QString::FromUtf8] 原始字符串: Default:Edit
[QString::FromUtf8] 原始字符串: Default:Edit
[QString::FromUtf8] 原始字符串: Save picture
[QString::FromUtf8] 原始字符串: Ctrl+S
[QTranslate] 原始字符串: Ctrl
[QTranslate] 原始字符串: Shift
[QTranslate] 原始字符串: Alt
[QTranslate] 原始字符串: Meta
[QTranslate] 原始字符串: Num
[QString::FromUtf8] 原始字符串: Ctrl+S
[QTranslate] 原始字符串: Ctrl
[QTranslate] 原始字符串: Shift
[QTranslate] 原始字符串: Alt
[QTranslate] 原始字符串: Meta
[QTranslate] 原始字符串: Num
[QString::FromUtf8] 原始字符串: Ctrl+S
[QString::FromUtf8] 原始字符串: Ctrl+S
[QTranslate] 原始字符串: Ctrl
[QTranslate] 原始字符串: Shift
[QTranslate] 原始字符串: Alt
[QTranslate] 原始字符串: Meta
[QTranslate] 原始字符串: Num
[QString::FromUtf8] 原始字符串: Edit/Other/
[QString::FromUtf8] 原始字符串: Default:Edit
[QString::FromUtf8] 原始字符串: Default:Edit
[QString::FromUtf8] 原始字符串: Default:Edit
[QString::FromUtf8] 原始字符串: Jump to address
[QString::FromUtf8] 原始字符串: Ctrl+Shift+J
[QTranslate] 原始字符串: Ctrl
[QTranslate] 原始字符串: Shift
[QTranslate] 原始字符串: Alt
[QTranslate] 原始字符串: Meta
[QTranslate] 原始字符串: Num
[QString::FromUtf8] 原始字符串: Ctrl+Shift+J
[QTranslate] 原始字符串: Ctrl
[QTranslate] 原始字符串: Shift
[QTranslate] 原始字符串: Alt
[QTranslate] 原始字符串: Meta
[QTranslate] 原始字符串: Num
[QString::FromUtf8] 原始字符串: Ctrl+Shift+J
[QString::FromUtf8] 原始字符串: Ctrl+Shift+J
[QTranslate] 原始字符串: Ctrl
[QTranslate] 原始字符串: Shift
[QTranslate] 原始字符串: Alt
[QTranslate] 原始字符串: Meta
[QTranslate] 原始字符串: Num
[QString::FromUtf8] 原始字符串: Fit window
[QString::FromUtf8] 原始字符串: W
[QTranslate] 原始字符串: Ctrl
[QTranslate] 原始字符串: Shift
[QTranslate] 原始字符串: Alt
[QTranslate] 原始字符串: Meta
[QTranslate] 原始字符串: Num
[QString::FromUtf8] 原始字符串: W
[QTranslate] 原始字符串: Ctrl
[QTranslate] 原始字符串: Shift
[QTranslate] 原始字符串: Alt
[QTranslate] 原始字符串: Meta
[QTranslate] 原始字符串: Num
[QString::FromUtf8] 原始字符串: W
[QString::FromUtf8] 原始字符串: W
[QTranslate] 原始字符串: Ctrl
[QTranslate] 原始字符串: Shift
[QTranslate] 原始字符串: Alt
[QTranslate] 原始字符串: Meta
[QTranslate] 原始字符串: Num
[QString::FromUtf8] 原始字符串: Fit the selected nodes in the view
[QString::FromUtf8] 原始字符串: Layout calculation
[QString::FromUtf8] 原始字符串: Space
[QTranslate] 原始字符串: Ctrl
[QTranslate] 原始字符串: Shift
[QTranslate] 原始字符串: Alt
[QTranslate] 原始字符串: Meta
[QTranslate] 原始字符串: Num
[QTranslate] 原始字符串: Space
[QString::FromUtf8] 原始字符串: Space
[QTranslate] 原始字符串: Ctrl
[QTranslate] 原始字符串: Shift
[QTranslate] 原始字符串: Alt
[QTranslate] 原始字符串: Meta
[QTranslate] 原始字符串: Num
[QTranslate] 原始字符串: Space
[QString::FromUtf8] 原始字符串: Space
[QString::FromUtf8] 原始字符串: Space
[QTranslate] 原始字符串: Ctrl
[QTranslate] 原始字符串: Shift
[QTranslate] 原始字符串: Alt
[QTranslate] 原始字符串: Meta
[QTranslate] 原始字符串: Num
[QTranslate] 原始字符串: Space
[QString::FromUtf8] 原始字符串: Toggle the layout calculation
[QString::FromUtf8] 原始字符串: Search nodes
[QString::FromUtf8] 原始字符串: Ctrl-F
[QTranslate] 原始字符串: Ctrl
[QTranslate] 原始字符串: Shift
[QTranslate] 原始字符串: Alt
[QTranslate] 原始字符串: Meta
[QTranslate] 原始字符串: Num
[QString::FromUtf8] 原始字符串: Ctrl+F
[QTranslate] 原始字符串: Ctrl
[QTranslate] 原始字符串: Shift
[QTranslate] 原始字符串: Alt
[QTranslate] 原始字符串: Meta
[QTranslate] 原始字符串: Num
[QString::FromUtf8] 原始字符串: Ctrl+F
[QString::FromUtf8] 原始字符串: Ctrl+F
[QTranslate] 原始字符串: Ctrl
[QTranslate] 原始字符串: Shift
[QTranslate] 原始字符串: Alt
[QTranslate] 原始字符串: Meta
[QTranslate] 原始字符串: Num
[QString::FromUtf8] 原始字符串: Select all
[QString::FromUtf8] 原始字符串: Ctrl-A
[QTranslate] 原始字符串: Ctrl
[QTranslate] 原始字符串: Shift
[QTranslate] 原始字符串: Alt
[QTranslate] 原始字符串: Meta
[QTranslate] 原始字符串: Num
[QString::FromUtf8] 原始字符串: Ctrl+A
[QTranslate] 原始字符串: Ctrl
[QTranslate] 原始字符串: Shift
[QTranslate] 原始字符串: Alt
[QTranslate] 原始字符串: Meta
[QTranslate] 原始字符串: Num
[QString::FromUtf8] 原始字符串: Ctrl+A
[QString::FromUtf8] 原始字符串: Ctrl+A
[QTranslate] 原始字符串: Ctrl
[QTranslate] 原始字符串: Shift
[QTranslate] 原始字符串: Alt
[QTranslate] 原始字符串: Meta
[QTranslate] 原始字符串: Num
[QString::FromUtf8] 原始字符串: Invert selection
[QString::FromUtf8] 原始字符串: Ctrl-I
[QTranslate] 原始字符串: Ctrl
[QTranslate] 原始字符串: Shift
[QTranslate] 原始字符串: Alt
[QTranslate] 原始字符串: Meta
[QTranslate] 原始字符串: Num
[QString::FromUtf8] 原始字符串: Ctrl+I
[QTranslate] 原始字符串: Ctrl
[QTranslate] 原始字符串: Shift
[QTranslate] 原始字符串: Alt
[QTranslate] 原始字符串: Meta
[QTranslate] 原始字符串: Num
[QString::FromUtf8] 原始字符串: Ctrl+I
[QString::FromUtf8] 原始字符串: Ctrl+I
[QTranslate] 原始字符串: Ctrl
[QTranslate] 原始字符串: Shift
[QTranslate] 原始字符串: Alt
[QTranslate] 原始字符串: Meta
[QTranslate] 原始字符串: Num
[QString::FromUtf8] 原始字符串: Minimap
[QString::FromUtf8] 原始字符串: M
[QTranslate] 原始字符串: Ctrl
[QTranslate] 原始字符串: Shift
[QTranslate] 原始字符串: Alt
[QTranslate] 原始字符串: Meta
[QTranslate] 原始字符串: Num
[QString::FromUtf8] 原始字符串: M
[QTranslate] 原始字符串: Ctrl
[QTranslate] 原始字符串: Shift
[QTranslate] 原始字符串: Alt
[QTranslate] 原始字符串: Meta
[QTranslate] 原始字符串: Num
[QString::FromUtf8] 原始字符串: M
[QString::FromUtf8] 原始字符串: M
[QTranslate] 原始字符串: Ctrl
[QTranslate] 原始字符串: Shift
[QTranslate] 原始字符串: Alt
[QTranslate] 原始字符串: Meta
[QTranslate] 原始字符串: Num
[QString::FromUtf8] 原始字符串: Toggle the minimap
[QString::FromUtf8] 原始字符串: Options
[QString::FromUtf8] 原始字符串: O
[QTranslate] 原始字符串: Ctrl
[QTranslate] 原始字符串: Shift
[QTranslate] 原始字符串: Alt
[QTranslate] 原始字符串: Meta
[QTranslate] 原始字符串: Num
[QString::FromUtf8] 原始字符串: O
[QTranslate] 原始字符串: Ctrl
[QTranslate] 原始字符串: Shift
[QTranslate] 原始字符串: Alt
[QTranslate] 原始字符串: Meta
[QTranslate] 原始字符串: Num
[QString::FromUtf8] 原始字符串: O
[QString::FromUtf8] 原始字符串: O
[QTranslate] 原始字符串: Ctrl
[QTranslate] 原始字符串: Shift
[QTranslate] 原始字符串: Alt
[QTranslate] 原始字符串: Meta
[QTranslate] 原始字符串: Num
[QString::FromUtf8] 原始字符串: Toggle the options panel
[QString::FromUtf8] 原始字符串: Pin node(s)
[QString::FromUtf8] 原始字符串: P
[QTranslate] 原始字符串: Ctrl
[QTranslate] 原始字符串: Shift
[QTranslate] 原始字符串: Alt
[QTranslate] 原始字符串: Meta
[QTranslate] 原始字符串: Num
[QString::FromUtf8] 原始字符串: P
[QTranslate] 原始字符串: Ctrl
[QTranslate] 原始字符串: Shift
[QTranslate] 原始字符串: Alt
[QTranslate] 原始字符串: Meta
[QTranslate] 原始字符串: Num
[QString::FromUtf8] 原始字符串: P
[QString::FromUtf8] 原始字符串: P
[QTranslate] 原始字符串: Ctrl
[QTranslate] 原始字符串: Shift
[QTranslate] 原始字符串: Alt
[QTranslate] 原始字符串: Meta
[QTranslate] 原始字符串: Num
[QString::FromUtf8] 原始字符串: Fix the nodes so that they will be immovable during the layer calculation
[QString::FromUtf8] 长度超过50字符，跳过替换
[QString::FromUtf8] 原始字符串: Add xrefs to/from node
[QString::FromUtf8] 原始字符串: A
[QTranslate] 原始字符串: Ctrl
[QTranslate] 原始字符串: Shift
[QTranslate] 原始字符串: Alt
[QTranslate] 原始字符串: Meta
[QTranslate] 原始字符串: Num
[QString::FromUtf8] 原始字符串: A
[QTranslate] 原始字符串: Ctrl
[QTranslate] 原始字符串: Shift
[QTranslate] 原始字符串: Alt
[QTranslate] 原始字符串: Meta
[QTranslate] 原始字符串: Num
[QString::FromUtf8] 原始字符串: A
[QString::FromUtf8] 原始字符串: A
[QTranslate] 原始字符串: Ctrl
[QTranslate] 原始字符串: Shift
[QTranslate] 原始字符串: Alt
[QTranslate] 原始字符串: Meta
[QTranslate] 原始字符串: Num
[QString::FromUtf8] 原始字符串: Add all nodes with an xref with this node
[QString::FromUtf8] 原始字符串: Add xrefs from node
[QString::FromUtf8] 原始字符串: F
[QTranslate] 原始字符串: Ctrl
[QTranslate] 原始字符串: Shift
[QTranslate] 原始字符串: Alt
[QTranslate] 原始字符串: Meta
[QTranslate] 原始字符串: Num
[QString::FromUtf8] 原始字符串: F
[QTranslate] 原始字符串: Ctrl
[QTranslate] 原始字符串: Shift
[QTranslate] 原始字符串: Alt
[QTranslate] 原始字符串: Meta
[QTranslate] 原始字符串: Num
[QString::FromUtf8] 原始字符串: F
[QString::FromUtf8] 原始字符串: F
[QTranslate] 原始字符串: Ctrl
[QTranslate] 原始字符串: Shift
[QTranslate] 原始字符串: Alt
[QTranslate] 原始字符串: Meta
[QTranslate] 原始字符串: Num
[QString::FromUtf8] 原始字符串: Add xrefs to node
[QString::FromUtf8] 原始字符串: T
[QTranslate] 原始字符串: Ctrl
[QTranslate] 原始字符串: Shift
[QTranslate] 原始字符串: Alt
[QTranslate] 原始字符串: Meta
[QTranslate] 原始字符串: Num
[QString::FromUtf8] 原始字符串: T
[QTranslate] 原始字符串: Ctrl
[QTranslate] 原始字符串: Shift
[QTranslate] 原始字符串: Alt
[QTranslate] 原始字符串: Meta
[QTranslate] 原始字符串: Num
[QString::FromUtf8] 原始字符串: T
[QString::FromUtf8] 原始字符串: T
[QTranslate] 原始字符串: Ctrl
[QTranslate] 原始字符串: Shift
[QTranslate] 原始字符串: Alt
[QTranslate] 原始字符串: Meta
[QTranslate] 原始字符串: Num
[QString::FromUtf8] 原始字符串: Add xrefs...
[QString::FromUtf8] 原始字符串: X
[QTranslate] 原始字符串: Ctrl
[QTranslate] 原始字符串: Shift
[QTranslate] 原始字符串: Alt
[QTranslate] 原始字符串: Meta
[QTranslate] 原始字符串: Num
[QString::FromUtf8] 原始字符串: X
[QTranslate] 原始字符串: Ctrl
[QTranslate] 原始字符串: Shift
[QTranslate] 原始字符串: Alt
[QTranslate] 原始字符串: Meta
[QTranslate] 原始字符串: Num
[QString::FromUtf8] 原始字符串: X
[QString::FromUtf8] 原始字符串: X
[QTranslate] 原始字符串: Ctrl
[QTranslate] 原始字符串: Shift
[QTranslate] 原始字符串: Alt
[QTranslate] 原始字符串: Meta
[QTranslate] 原始字符串: Num
[QString::FromUtf8] 原始字符串: Choose which xrefs to add
[QString::FromUtf8] 原始字符串: Delete selected nodes
[QString::FromUtf8] 原始字符串: D
[QTranslate] 原始字符串: Ctrl
[QTranslate] 原始字符串: Shift
[QTranslate] 原始字符串: Alt
[QTranslate] 原始字符串: Meta
[QTranslate] 原始字符串: Num
[QString::FromUtf8] 原始字符串: D
[QTranslate] 原始字符串: Ctrl
[QTranslate] 原始字符串: Shift
[QTranslate] 原始字符串: Alt
[QTranslate] 原始字符串: Meta
[QTranslate] 原始字符串: Num
[QString::FromUtf8] 原始字符串: D
[QString::FromUtf8] 原始字符串: D
[QTranslate] 原始字符串: Ctrl
[QTranslate] 原始字符串: Shift
[QTranslate] 原始字符串: Alt
[QTranslate] 原始字符串: Meta
[QTranslate] 原始字符串: Num
[QString::FromUtf8] 原始字符串: Xrefs graph to
[QString::FromUtf8] 原始字符串: View/Graphs/
[QString::FromUtf8] 原始字符串: View
[QString::FromUtf8] 精确匹配: 视图
[QString::FromUtf8] 原始字符串: Xrefs graph from
[QString::FromUtf8] 原始字符串: View/Graphs/
[QString::FromUtf8] 原始字符串: View
[QString::FromUtf8] 精确匹配: 视图
[QString::FromUtf8] 原始字符串: Function calls
[QString::FromUtf8] 原始字符串: View/Graphs/
[QString::FromUtf8] 原始字符串: View
[QString::FromUtf8] 精确匹配: 视图
[QString::FromUtf8] 原始字符串: Manage...
[QString::FromUtf8] 原始字符串: Show dialog for managing graphs or create new one
[QString::FromUtf8] 原始字符串: View/Graphs/
[QString::FromUtf8] 原始字符串: View
[QString::FromUtf8] 精确匹配: 视图
[QString::FromUtf8] 原始字符串: Alt-F11
[QTranslate] 原始字符串: Ctrl
[QTranslate] 原始字符串: Shift
[QTranslate] 原始字符串: Alt
[QTranslate] 原始字符串: Meta
[QTranslate] 原始字符串: Num
[QString::FromUtf8] 原始字符串: Alt+F11
[QString::FromUtf8] 原始字符串: De-obfuscate arithmetic expressions
[QString::FromUtf8] 原始字符串: Attempt to simplify Mixed Boolean Arithmetic-obfuscated expressions using gooMBA
[QString::FromUtf8] 长度超过50字符，跳过替换
[QString::FromUtf8] 原始字符串: Create &SIG file...
[QString::FromUtf8] 原始字符串: Ctrl-Shift-F12
[QTranslate] 原始字符串: Ctrl
[QTranslate] 原始字符串: Shift
[QTranslate] 原始字符串: Alt
[QTranslate] 原始字符串: Meta
[QTranslate] 原始字符串: Num
[QString::FromUtf8] 原始字符串: Ctrl+Shift+F12
[QTranslate] 原始字符串: Ctrl
[QTranslate] 原始字符串: Shift
[QTranslate] 原始字符串: Alt
[QTranslate] 原始字符串: Meta
[QTranslate] 原始字符串: Num
[QString::FromUtf8] 原始字符串: Ctrl+Shift+F12
[QString::FromUtf8] 原始字符串: Ctrl+Shift+F12
[QTranslate] 原始字符串: Ctrl
[QTranslate] 原始字符串: Shift
[QTranslate] 原始字符串: Alt
[QTranslate] 原始字符串: Meta
[QTranslate] 原始字符串: Num
[QString::FromUtf8] 原始字符串: File/Produce file/Create HTML file...
[QString::FromUtf8] 原始字符串: File
[QString::FromUtf8] 原始字符串: Ctrl+Shift+F11
[QTranslate] 原始字符串: Ctrl
[QTranslate] 原始字符串: Shift
[QTranslate] 原始字符串: Alt
[QTranslate] 原始字符串: Meta
[QTranslate] 原始字符串: Num
[QString::FromUtf8] 原始字符串: Ctrl+Shift+F11
[QString::FromUtf8] 原始字符串: Specify switch idiom...
[QString::FromUtf8] 原始字符串: Edit/Other/Create
[QString::FromUtf8] 原始字符串: Default:Edit
[QString::FromUtf8] 原始字符串: Default:Edit
[QString::FromUtf8] 原始字符串: Default:Edit
[QString::FromUtf8] 原始字符串: License manager...
[QString::FromUtf8] 原始字符串: Open license manager
[QTranslate] 原始字符串: No debugger
[QString::FromUtf8] 原始字符串: Remote ARM Linux/Android debugger
[QString::FromUtf8] 原始字符串: Remote GDB debugger
[QString::FromUtf8] 原始字符串: Remote iOS debugger
[QString::FromUtf8] 原始字符串: Trace replayer
[QString::FromUtf8] 原始字符串: DebuggerSelected
[QString::FromUtf8] 原始字符串: DebuggerUnselected
[QString::FromUtf8] 原始字符串: DebuggerRunToAndAttach
[QString::FromUtf8] 原始字符串: Alt+U
[QString::FromUtf8] 原始字符串: Alt+U
[QString::FromUtf8] 原始字符串: Alt+U
[QString::FromUtf8] 原始字符串: Alt+U
[QString::FromUtf8] 原始字符串: Alt+U
[QString::FromUtf8] 原始字符串: Alt+U
[QString::FromUtf8] 原始字符串: Alt+U
[QString::FromUtf8] 原始字符串: Alt+U
[QString::FromUtf8] 原始字符串: Alt+U
[QString::FromUtf8] 原始字符串: Alt+U
[QString::FromUtf8] 原始字符串: Alt+U
[QString::FromUtf8] 原始字符串: Alt+U
[QString::FromUtf8] 原始字符串: Alt+U
[QString::FromUtf8] 原始字符串: Alt+U
[QString::FromUtf8] 原始字符串: Alt+U
[QString::FromUtf8] 原始字符串: Alt+U
[QString::FromUtf8] 原始字符串: Alt+U
[QString::FromUtf8] 原始字符串: Alt+U
[QString::FromUtf8] 原始字符串: Alt+U
[QString::FromUtf8] 原始字符串: Alt+U
[QString::FromUtf8] 原始字符串: Alt+U
[QString::FromUtf8] 原始字符串: Alt+U
[QString::FromUtf8] 原始字符串: Alt+U
[QString::FromUtf8] 原始字符串: Alt+U
[QString::FromUtf8] 原始字符串: Alt+U
[QString::FromUtf8] 原始字符串: Alt+U
[QString::FromUtf8] 原始字符串: Alt+U
[QString::FromUtf8] 原始字符串: Alt+U
[QString::FromUtf8] 原始字符串: Alt+U
[QString::FromUtf8] 原始字符串: Alt+U
[QString::FromUtf8] 原始字符串: Alt+U
[QString::FromUtf8] 原始字符串: Alt+U
[QString::FromUtf8] 原始字符串: Alt+U
[QString::FromUtf8] 原始字符串: Alt+U
[QString::FromUtf8] 原始字符串: Alt+U
[QString::FromUtf8] 原始字符串: Alt+U
[QString::FromUtf8] 原始字符串: Alt+U
[QString::FromUtf8] 原始字符串: Alt+U
[QString::FromUtf8] 原始字符串: Alt+U
[QString::FromUtf8] 原始字符串: Alt+U
[QString::FromUtf8] 原始字符串: Alt+U
[QString::FromUtf8] 原始字符串: Alt+U
[QString::FromUtf8] 原始字符串: Alt+U
[QString::FromUtf8] 原始字符串: Alt+U
[QString::FromUtf8] 原始字符串: Alt+U
[QString::FromUtf8] 原始字符串: Alt+U
[QString::FromUtf8] 原始字符串: Alt+U
[QString::FromUtf8] 原始字符串: Alt+U
[QString::FromUtf8] 原始字符串: Alt+U
[QString::FromUtf8] 原始字符串: Alt+U
[QString::FromUtf8] 原始字符串: Alt+U
[QString::FromUtf8] 原始字符串: Alt+U
[QString::FromUtf8] 原始字符串: Alt+U
[QString::FromUtf8] 原始字符串: Alt+U
[QString::FromUtf8] 原始字符串: Alt+U
[QString::FromUtf8] 原始字符串: Alt+U
[QString::FromUtf8] 原始字符串: Alt+U
[QString::FromUtf8] 原始字符串: Alt+U
[QString::FromUtf8] 原始字符串: Alt+U
[QString::FromUtf8] 原始字符串: Alt+U
[QString::FromUtf8] 原始字符串: Alt+U
[QString::FromUtf8] 原始字符串: Alt+U
[QString::FromUtf8] 原始字符串: Alt+U
[QString::FromUtf8] 原始字符串: Alt+U
[QString::FromUtf8] 原始字符串: Alt+U
[QString::FromUtf8] 原始字符串: Alt+U
[QString::FromUtf8] 原始字符串: Alt+U
[QString::FromUtf8] 原始字符串: Alt+U
[QString::FromUtf8] 原始字符串: Alt+U
[QString::FromUtf8] 原始字符串: Alt+U
[QString::FromUtf8] 原始字符串: Alt+U
[QString::FromUtf8] 原始字符串: Alt+U
[QString::FromUtf8] 原始字符串: Alt+U
[QString::FromUtf8] 原始字符串: Alt+U
[QString::FromUtf8] 原始字符串: Alt+U
[QString::FromUtf8] 原始字符串: Alt+U
[QString::FromUtf8] 原始字符串: Alt+U
[QString::FromUtf8] 原始字符串: Alt+U
[QString::FromUtf8] 原始字符串: Alt+U
[QString::FromUtf8] 原始字符串: Alt+U
[QString::FromUtf8] 原始字符串: Alt+U
[QString::FromUtf8] 原始字符串: Alt+U
[QString::FromUtf8] 原始字符串: Alt+U
[QString::FromUtf8] 原始字符串: Alt+U
[QString::FromUtf8] 原始字符串: Alt+U
[QString::FromUtf8] 原始字符串: Alt+U
[QString::FromUtf8] 原始字符串: Alt+U
[QString::FromUtf8] 原始字符串: Alt+U
[QString::FromUtf8] 原始字符串: Alt+U
[QString::FromUtf8] 原始字符串: Alt+U
[QString::FromUtf8] 原始字符串: Alt+U
[QString::FromUtf8] 原始字符串: Alt+U
[QString::FromUtf8] 原始字符串: Alt+U
[QString::FromUtf8] 原始字符串: Alt+U
[QString::FromUtf8] 原始字符串: Alt+U
[QString::FromUtf8] 原始字符串: Alt+U
[QString::FromUtf8] 原始字符串: Alt+U
[QString::FromUtf8] 原始字符串: Alt+U
[QString::FromUtf8] 原始字符串: Alt+U
[QString::FromUtf8] 原始字符串: Alt+U
[QString::FromUtf8] 原始字符串: Alt+U
[QString::FromUtf8] 原始字符串: Alt+U
[QString::FromUtf8] 原始字符串: Alt+U
[QString::FromUtf8] 原始字符串: Alt+U
[QString::FromUtf8] 原始字符串: Alt+U
[QString::FromUtf8] 原始字符串: Alt+U
[QString::FromUtf8] 原始字符串: Alt+U
[QString::FromUtf8] 原始字符串: Alt+U
[QString::FromUtf8] 原始字符串: Alt+U
[QString::FromUtf8] 原始字符串: Alt+U
[QString::FromUtf8] 原始字符串: Alt+U
[QString::FromUtf8] 原始字符串: Alt+U
[QString::FromUtf8] 原始字符串: Alt+U
[QString::FromUtf8] 原始字符串: Alt+U
[QString::FromUtf8] 原始字符串: Alt+U
[QString::FromUtf8] 原始字符串: Alt+U
[QString::FromUtf8] 原始字符串: Alt+U
[QString::FromUtf8] 原始字符串: Alt+U
[QString::FromUtf8] 原始字符串: Alt+U
[QString::FromUtf8] 原始字符串: Alt+U
[QString::FromUtf8] 原始字符串: Alt+U
[QString::FromUtf8] 原始字符串: Alt+U
[QString::FromUtf8] 原始字符串: Alt+U
[QString::FromUtf8] 原始字符串: Alt+U
[QString::FromUtf8] 原始字符串: Alt+U
[QString::FromUtf8] 原始字符串: Alt+U
[QString::FromUtf8] 原始字符串: Alt+U
[QString::FromUtf8] 原始字符串: Alt+U
[QString::FromUtf8] 原始字符串: Alt+U
[QString::FromUtf8] 原始字符串: Alt+U
[QString::FromUtf8] 原始字符串: Alt+U
[QString::FromUtf8] 原始字符串: Alt+U
[QString::FromUtf8] 原始字符串: Alt+U
[QString::FromUtf8] 原始字符串: Alt+U
[QString::FromUtf8] 原始字符串: Alt+U
[QString::FromUtf8] 原始字符串: Alt+U
[QString::FromUtf8] 原始字符串: Alt+U
[QString::FromUtf8] 原始字符串: Alt+U
[QString::FromUtf8] 原始字符串: Alt+U
[QString::FromUtf8] 原始字符串: Alt+U
[QString::FromUtf8] 原始字符串: Alt+U
[QString::FromUtf8] 原始字符串: Alt+U
[QString::FromUtf8] 原始字符串: Alt+U
[QString::FromUtf8] 原始字符串: Alt+U
[QString::FromUtf8] 原始字符串: Alt+U
[QString::FromUtf8] 原始字符串: Alt+U
[QString::FromUtf8] 原始字符串: Alt+U
[QString::FromUtf8] 原始字符串: Alt+U
[QString::FromUtf8] 原始字符串: Alt+U
[QString::FromUtf8] 原始字符串: Alt+U
[QString::FromUtf8] 原始字符串: Alt+U
[QString::FromUtf8] 原始字符串: Alt+U
[QString::FromUtf8] 原始字符串: Alt+U
[QString::FromUtf8] 原始字符串: Alt+U
[QString::FromUtf8] 原始字符串: Alt+U
[QString::FromUtf8] 原始字符串: Alt+U
[QString::FromUtf8] 原始字符串: Alt+U
[QString::FromUtf8] 原始字符串: Alt+U
[QString::FromUtf8] 原始字符串: Alt+U
[QString::FromUtf8] 原始字符串: Alt+U
[QString::FromUtf8] 原始字符串: Alt+U
[QString::FromUtf8] 原始字符串: Alt+U
[QString::FromUtf8] 原始字符串: Alt+U
[QString::FromUtf8] 原始字符串: Alt+U
[QString::FromUtf8] 原始字符串: Alt+U
[QString::FromUtf8] 原始字符串: Alt+U
[QString::FromUtf8] 原始字符串: Alt+U
[QString::FromUtf8] 原始字符串: Alt+U
[QString::FromUtf8] 原始字符串: Alt+U
[QString::FromUtf8] 原始字符串: Alt+U
[QString::FromUtf8] 原始字符串: Alt+U
[QString::FromUtf8] 原始字符串: Alt+U
[QString::FromUtf8] 原始字符串: Alt+U
[QString::FromUtf8] 原始字符串: Alt+U
[QString::FromUtf8] 原始字符串: Alt+U
[QString::FromUtf8] 原始字符串: Alt+U
[QString::FromUtf8] 原始字符串: Alt+U
[QString::FromUtf8] 原始字符串: Alt+U
[QString::FromUtf8] 原始字符串: Alt+U
[QString::FromUtf8] 原始字符串: Alt+U
[QString::FromUtf8] 原始字符串: Alt+U
[QString::FromUtf8] 原始字符串: Alt+U
[QString::FromUtf8] 原始字符串: Alt+U
[QString::FromUtf8] 原始字符串: Alt+U
[QString::FromUtf8] 原始字符串: Alt+U
[QString::FromUtf8] 原始字符串: Alt+U
[QString::FromUtf8] 原始字符串: Alt+U
[QString::FromUtf8] 原始字符串: Alt+U
[QString::FromUtf8] 原始字符串: Alt+U
[QString::FromUtf8] 原始字符串: Alt+U
[QString::FromUtf8] 原始字符串: Alt+U
[QString::FromUtf8] 原始字符串: Alt+U
[QString::FromUtf8] 原始字符串: Alt+U
[QString::FromUtf8] 原始字符串: Alt+U
[QString::FromUtf8] 原始字符串: Alt+U
[QString::FromUtf8] 原始字符串: Alt+U
[QString::FromUtf8] 原始字符串: Alt+U
[QString::FromUtf8] 原始字符串: Alt+U
[QString::FromUtf8] 原始字符串: Alt+U
[QString::FromUtf8] 原始字符串: Alt+U
[QString::FromUtf8] 原始字符串: Alt+U
[QString::FromUtf8] 原始字符串: Alt+U
[QString::FromUtf8] 原始字符串: Alt+U
[QString::FromUtf8] 原始字符串: Alt+U
[QString::FromUtf8] 原始字符串: Alt+U
[QString::FromUtf8] 原始字符串: Alt+U
[QString::FromUtf8] 原始字符串: Alt+U
[QString::FromUtf8] 原始字符串: Alt+U
[QString::FromUtf8] 原始字符串: Alt+U
[QString::FromUtf8] 原始字符串: Alt+U
[QString::FromUtf8] 原始字符串: Alt+U
[QString::FromUtf8] 原始字符串: Alt+U
[QString::FromUtf8] 原始字符串: Alt+U
[QString::FromUtf8] 原始字符串: Alt+U
[QString::FromUtf8] 原始字符串: Alt+U
[QString::FromUtf8] 原始字符串: Alt+U
[QString::FromUtf8] 原始字符串: Alt+U
[QString::FromUtf8] 原始字符串: Alt+U
[QString::FromUtf8] 原始字符串: Alt+U
[QString::FromUtf8] 原始字符串: Alt+U
[QString::FromUtf8] 原始字符串: Alt+U
[QString::FromUtf8] 原始字符串: Alt+U
[QString::FromUtf8] 原始字符串: Alt+U
[QString::FromUtf8] 原始字符串: Alt+U
[QString::FromUtf8] 原始字符串: Alt+U
[QString::FromUtf8] 原始字符串: Alt+U
[QString::FromUtf8] 原始字符串: Alt+U
[QString::FromUtf8] 原始字符串: Alt+U
[QString::FromUtf8] 原始字符串: Alt+U
[QString::FromUtf8] 原始字符串: Alt+U
[QString::FromUtf8] 原始字符串: Alt+U
[QString::FromUtf8] 原始字符串: Alt+U
[QString::FromUtf8] 原始字符串: Alt+U
[QString::FromUtf8] 原始字符串: Alt+U
[QString::FromUtf8] 原始字符串: Alt+U
[QString::FromUtf8] 原始字符串: Alt+U
[QString::FromUtf8] 原始字符串: Alt+U
[QString::FromUtf8] 原始字符串: Alt+U
[QString::FromUtf8] 原始字符串: Alt+U
[QString::FromUtf8] 原始字符串: Alt+U
[QString::FromUtf8] 原始字符串: Alt+U
[QString::FromUtf8] 原始字符串: Alt+U
[QString::FromUtf8] 原始字符串: Alt+U
[QString::FromUtf8] 原始字符串: Alt+U
[QString::FromUtf8] 原始字符串: Alt+U
[QString::FromUtf8] 原始字符串: Alt+U
[QString::FromUtf8] 原始字符串: Alt+U
[QString::FromUtf8] 原始字符串: Alt+U
[QString::FromUtf8] 原始字符串: Alt+U
[QString::FromUtf8] 原始字符串: Alt+U
[QString::FromUtf8] 原始字符串: Alt+U
[QString::FromUtf8] 原始字符串: Alt+U
[QString::FromUtf8] 原始字符串: Alt+U
[QString::FromUtf8] 原始字符串: Alt+U
[QString::FromUtf8] 原始字符串: Alt+U
[QString::FromUtf8] 原始字符串: Alt+U
[QString::FromUtf8] 原始字符串: Alt+U
[QString::FromUtf8] 原始字符串: Alt+U
[QString::FromUtf8] 原始字符串: Alt+U
[QString::FromUtf8] 原始字符串: Alt+U
[QString::FromUtf8] 原始字符串: Alt+U
[QString::FromUtf8] 原始字符串: Alt+U
[QString::FromUtf8] 原始字符串: Alt+U
[QString::FromUtf8] 原始字符串: Alt+U
[QString::FromUtf8] 原始字符串: Alt+U
[QString::FromUtf8] 原始字符串: Alt+U
[QString::FromUtf8] 原始字符串: Alt+U
[QString::FromUtf8] 原始字符串: Alt+U
[QString::FromUtf8] 原始字符串: Alt+U
[QString::FromUtf8] 原始字符串: Alt+U
[QString::FromUtf8] 原始字符串: Alt+U
[QString::FromUtf8] 原始字符串: Alt+U
[QString::FromUtf8] 原始字符串: Alt+U
[QString::FromUtf8] 原始字符串: Alt+U
[QString::FromUtf8] 原始字符串: Alt+U
[QString::FromUtf8] 原始字符串: Alt+U
[QString::FromUtf8] 原始字符串: Alt+U
[QString::FromUtf8] 原始字符串: Alt+U
[QString::FromUtf8] 原始字符串: Alt+U
[QString::FromUtf8] 原始字符串: Alt+U
[QString::FromUtf8] 原始字符串: Alt+U
[QString::FromUtf8] 原始字符串: Alt+U
[QString::FromUtf8] 原始字符串: Alt+U
[QString::FromUtf8] 原始字符串: Alt+U
[QString::FromUtf8] 原始字符串: Alt+U
[QString::FromUtf8] 原始字符串: Alt+U
[QString::FromUtf8] 原始字符串: Alt+U
[QString::FromUtf8] 原始字符串: Alt+U
[QString::FromUtf8] 原始字符串: Alt+U
[QString::FromUtf8] 原始字符串: Alt+U
[QString::FromUtf8] 原始字符串: Alt+U
[QString::FromUtf8] 原始字符串: Alt+U
[QString::FromUtf8] 原始字符串: Alt+U
[QString::FromUtf8] 原始字符串: Alt+U
[QString::FromUtf8] 原始字符串: Alt+U
[QString::FromUtf8] 原始字符串: Alt+U
[QString::FromUtf8] 原始字符串: Alt+U
[QString::FromUtf8] 原始字符串: Alt+U
[QString::FromUtf8] 原始字符串: Alt+U
[QString::FromUtf8] 原始字符串: Alt+U
[QString::FromUtf8] 原始字符串: Alt+U
[QString::FromUtf8] 原始字符串: Alt+U
[QString::FromUtf8] 原始字符串: Alt+U
[QString::FromUtf8] 原始字符串: Alt+U
[QString::FromUtf8] 原始字符串: Alt+U
[QString::FromUtf8] 原始字符串: Alt+U
[QString::FromUtf8] 原始字符串: Alt+U
[QString::FromUtf8] 原始字符串: Alt+U
[QString::FromUtf8] 原始字符串: Alt+U
[QString::FromUtf8] 原始字符串: Alt+U
[QString::FromUtf8] 原始字符串: Alt+U
[QString::FromUtf8] 原始字符串: Alt+U
[QString::FromUtf8] 原始字符串: Alt+U
[QString::FromUtf8] 原始字符串: Alt+U
[QString::FromUtf8] 原始字符串: Alt+U
[QString::FromUtf8] 原始字符串: Alt+U
[QString::FromUtf8] 原始字符串: Alt+U
[QString::FromUtf8] 原始字符串: Alt+U
[QString::FromUtf8] 原始字符串: Alt+U
[QString::FromUtf8] 原始字符串: Alt+U
[QString::FromUtf8] 原始字符串: Alt+U
[QString::FromUtf8] 原始字符串: Alt+U
[QString::FromUtf8] 原始字符串: Alt+U
[QString::FromUtf8] 原始字符串: Alt+U
[QString::FromUtf8] 原始字符串: Alt+U
[QString::FromUtf8] 原始字符串: Alt+U
[QString::FromUtf8] 原始字符串: Alt+U
[QString::FromUtf8] 原始字符串: Alt+U
[QString::FromUtf8] 原始字符串: Alt+U
[QString::FromUtf8] 原始字符串: Alt+U
[QString::FromUtf8] 原始字符串: Alt+U
[QString::FromUtf8] 原始字符串: Alt+U
[QString::FromUtf8] 原始字符串: Alt+U
[QString::FromUtf8] 原始字符串: Alt+U
[QString::FromUtf8] 原始字符串: Alt+U
[QString::FromUtf8] 原始字符串: Alt+U
[QString::FromUtf8] 原始字符串: Alt+U
[QString::FromUtf8] 原始字符串: Alt+U
[QString::FromUtf8] 原始字符串: Alt+U
[QString::FromUtf8] 原始字符串: Alt+U
[QString::FromUtf8] 原始字符串: Alt+U
[QString::FromUtf8] 原始字符串: Alt+U
[QString::FromUtf8] 原始字符串: Alt+U
[QString::FromUtf8] 原始字符串: Alt+U
[QString::FromUtf8] 原始字符串: Alt+U
[QString::FromUtf8] 原始字符串: Alt+U
[QString::FromUtf8] 原始字符串: Alt+U
[QString::FromUtf8] 原始字符串: Alt+U
[QString::FromUtf8] 原始字符串: Alt+U
[QString::FromUtf8] 原始字符串: Alt+U
[QString::FromUtf8] 原始字符串: Alt+U
[QString::FromUtf8] 原始字符串: Alt+U
[QString::FromUtf8] 原始字符串: Alt+U
[QString::FromUtf8] 原始字符串: Alt+U
[QString::FromUtf8] 原始字符串: Alt+U
[QString::FromUtf8] 原始字符串: Alt+U
[QString::FromUtf8] 原始字符串: Alt+U
[QString::FromUtf8] 原始字符串: Alt+U
[QString::FromUtf8] 原始字符串: Alt+U
[QString::FromUtf8] 原始字符串: Alt+U
[QString::FromUtf8] 原始字符串: Alt+U
[QString::FromUtf8] 原始字符串: Alt+U
[QString::FromUtf8] 原始字符串: Alt+U
[QString::FromUtf8] 原始字符串: Alt+U
[QString::FromUtf8] 原始字符串: Alt+U
[QString::FromUtf8] 原始字符串: Alt+U
[QString::FromUtf8] 原始字符串: Alt+U
[QString::FromUtf8] 原始字符串: Alt+U
[QString::FromUtf8] 原始字符串: Alt+U
[QString::FromUtf8] 原始字符串: Alt+U
[QString::FromUtf8] 原始字符串: Alt+U
[QString::FromUtf8] 原始字符串: Alt+U
[QString::FromUtf8] 原始字符串: Alt+U
[QString::FromUtf8] 原始字符串: Alt+U
[QString::FromUtf8] 原始字符串: Alt+U
[QString::FromUtf8] 原始字符串: Alt+U
[QString::FromUtf8] 原始字符串: Alt+U
[QString::FromUtf8] 原始字符串: Alt+U
[QString::FromUtf8] 原始字符串: Alt+U
[QString::FromUtf8] 原始字符串: Alt+U
[QString::FromUtf8] 原始字符串: Alt+U
[QString::FromUtf8] 原始字符串: Alt+U
[QString::FromUtf8] 原始字符串: Alt+U
[QString::FromUtf8] 原始字符串: Alt+U
[QString::FromUtf8] 原始字符串: Alt+U
[QString::FromUtf8] 原始字符串: Alt+U
[QString::FromUtf8] 原始字符串: Alt+U
[QString::FromUtf8] 原始字符串: Alt+U
[QString::FromUtf8] 原始字符串: Alt+U
[QString::FromUtf8] 原始字符串: Alt+U
[QString::FromUtf8] 原始字符串: Alt+U
[QString::FromUtf8] 原始字符串: Alt+U
[QString::FromUtf8] 原始字符串: Alt+U
[QString::FromUtf8] 原始字符串: Alt+U
[QString::FromUtf8] 原始字符串: Alt+U
[QString::FromUtf8] 原始字符串: Alt+U
[QString::FromUtf8] 原始字符串: Alt+U
[QString::FromUtf8] 原始字符串: Alt+U
[QString::FromUtf8] 原始字符串: Alt+U
[QString::FromUtf8] 原始字符串: Alt+U
[QString::FromUtf8] 原始字符串: Alt+U
[QString::FromUtf8] 原始字符串: Alt+U
[QString::FromUtf8] 原始字符串: Alt+U
[QString::FromUtf8] 原始字符串: Alt+U
[QString::FromUtf8] 原始字符串: Alt+U
[QString::FromUtf8] 原始字符串: Alt+U
[QString::FromUtf8] 原始字符串: Alt+U
[QString::FromUtf8] 原始字符串: Alt+U
[QString::FromUtf8] 原始字符串: Alt+U
[QString::FromUtf8] 原始字符串: Alt+U
[QString::FromUtf8] 原始字符串: Alt+U
[QString::FromUtf8] 原始字符串: DebuggerSelected
[QString::FromUtf8] 原始字符串: DebuggerUnselected
[QString::FromUtf8] 原始字符串: Deb&ugger
[QString::FromUtf8] 精确匹配: 调试器(&U)
[QString::FromUtf8] 原始字符串: DebuggerRunToAndAttach
[QString::FromUtf8] 原始字符串: Open picture
[QString::FromUtf8] 原始字符串: ...     (unassigned)
[QString::FromUtf8] 原始字符串: ...     (unassigned)
[QString::FromUtf8] 原始字符串: ...     (unassigned)
[QString::FromUtf8] 原始字符串: ...     (unassigned)
[QString::FromUtf8] 原始字符串: ...     (unassigned)
[QString::FromUtf8] 原始字符串: ...     (unassigned)
[QString::FromUtf8] 原始字符串: ...     (unassigned)
[QString::FromUtf8] 原始字符串: ...     (unassigned)
[QTranslate] 原始字符串: No debugger
[QString::FromUtf8] 原始字符串: Remote ARM Linux/Android debugger
[QString::FromUtf8] 原始字符串: Remote GDB debugger
[QString::FromUtf8] 原始字符串: Remote iOS debugger
[QString::FromUtf8] 原始字符串: Trace replayer
[QString::FromUtf8] 原始字符串: DebuggerSelected
[QString::FromUtf8] 原始字符串: DebuggerUnselected
[QString::FromUtf8] 原始字符串: DebuggerRunToAndAttach
[QString::FromUtf8] 原始字符串: Alt+U
[QString::FromUtf8] 原始字符串: Alt+U
[QString::FromUtf8] 原始字符串: Alt+U
[QString::FromUtf8] 原始字符串: Alt+U
[QString::FromUtf8] 原始字符串: Alt+U
[QString::FromUtf8] 原始字符串: Alt+U
[QString::FromUtf8] 原始字符串: Alt+U
[QString::FromUtf8] 原始字符串: Alt+U
[QString::FromUtf8] 原始字符串: Alt+U
[QString::FromUtf8] 原始字符串: Alt+U
[QString::FromUtf8] 原始字符串: Alt+U
[QString::FromUtf8] 原始字符串: Alt+U
[QString::FromUtf8] 原始字符串: Alt+U
[QString::FromUtf8] 原始字符串: Alt+U
[QString::FromUtf8] 原始字符串: Alt+U
[QString::FromUtf8] 原始字符串: Alt+U
[QString::FromUtf8] 原始字符串: Alt+U
[QString::FromUtf8] 原始字符串: Alt+U
[QString::FromUtf8] 原始字符串: Alt+U
[QString::FromUtf8] 原始字符串: Alt+U
[QString::FromUtf8] 原始字符串: Alt+U
[QString::FromUtf8] 原始字符串: Alt+U
[QString::FromUtf8] 原始字符串: Alt+U
[QString::FromUtf8] 原始字符串: Alt+U
[QString::FromUtf8] 原始字符串: Alt+U
[QString::FromUtf8] 原始字符串: Alt+U
[QString::FromUtf8] 原始字符串: Alt+U
[QString::FromUtf8] 原始字符串: Alt+U
[QString::FromUtf8] 原始字符串: Alt+U
[QString::FromUtf8] 原始字符串: Alt+U
[QString::FromUtf8] 原始字符串: Alt+U
[QString::FromUtf8] 原始字符串: Alt+U
[QString::FromUtf8] 原始字符串: Alt+U
[QString::FromUtf8] 原始字符串: Alt+U
[QString::FromUtf8] 原始字符串: Alt+U
[QString::FromUtf8] 原始字符串: Alt+U
[QString::FromUtf8] 原始字符串: Alt+U
[QString::FromUtf8] 原始字符串: Alt+U
[QString::FromUtf8] 原始字符串: Alt+U
[QString::FromUtf8] 原始字符串: Alt+U
[QString::FromUtf8] 原始字符串: Alt+U
[QString::FromUtf8] 原始字符串: Alt+U
[QString::FromUtf8] 原始字符串: Alt+U
[QString::FromUtf8] 原始字符串: Alt+U
[QString::FromUtf8] 原始字符串: Alt+U
[QString::FromUtf8] 原始字符串: Alt+U
[QString::FromUtf8] 原始字符串: Alt+U
[QString::FromUtf8] 原始字符串: Alt+U
[QString::FromUtf8] 原始字符串: Alt+U
[QString::FromUtf8] 原始字符串: Alt+U
[QString::FromUtf8] 原始字符串: Alt+U
[QString::FromUtf8] 原始字符串: Alt+U
[QString::FromUtf8] 原始字符串: Alt+U
[QString::FromUtf8] 原始字符串: Alt+U
[QString::FromUtf8] 原始字符串: Alt+U
[QString::FromUtf8] 原始字符串: Alt+U
[QString::FromUtf8] 原始字符串: Alt+U
[QString::FromUtf8] 原始字符串: Alt+U
[QString::FromUtf8] 原始字符串: Alt+U
[QString::FromUtf8] 原始字符串: Alt+U
[QString::FromUtf8] 原始字符串: Alt+U
[QString::FromUtf8] 原始字符串: Alt+U
[QString::FromUtf8] 原始字符串: Alt+U
[QString::FromUtf8] 原始字符串: Alt+U
[QString::FromUtf8] 原始字符串: Alt+U
[QString::FromUtf8] 原始字符串: Alt+U
[QString::FromUtf8] 原始字符串: Alt+U
[QString::FromUtf8] 原始字符串: Alt+U
[QString::FromUtf8] 原始字符串: Alt+U
[QString::FromUtf8] 原始字符串: Alt+U
[QString::FromUtf8] 原始字符串: Alt+U
[QString::FromUtf8] 原始字符串: Alt+U
[QString::FromUtf8] 原始字符串: Alt+U
[QString::FromUtf8] 原始字符串: Alt+U
[QString::FromUtf8] 原始字符串: Alt+U
[QString::FromUtf8] 原始字符串: Alt+U
[QString::FromUtf8] 原始字符串: Alt+U
[QString::FromUtf8] 原始字符串: Alt+U
[QString::FromUtf8] 原始字符串: Alt+U
[QString::FromUtf8] 原始字符串: Alt+U
[QString::FromUtf8] 原始字符串: Alt+U
[QString::FromUtf8] 原始字符串: Alt+U
[QString::FromUtf8] 原始字符串: Alt+U
[QString::FromUtf8] 原始字符串: Alt+U
[QString::FromUtf8] 原始字符串: Alt+U
[QString::FromUtf8] 原始字符串: Alt+U
[QString::FromUtf8] 原始字符串: Alt+U
[QString::FromUtf8] 原始字符串: Alt+U
[QString::FromUtf8] 原始字符串: Alt+U
[QString::FromUtf8] 原始字符串: Alt+U
[QString::FromUtf8] 原始字符串: Alt+U
[QString::FromUtf8] 原始字符串: Alt+U
[QString::FromUtf8] 原始字符串: Alt+U
[QString::FromUtf8] 原始字符串: Alt+U
[QString::FromUtf8] 原始字符串: Alt+U
[QString::FromUtf8] 原始字符串: Alt+U
[QString::FromUtf8] 原始字符串: Alt+U
[QString::FromUtf8] 原始字符串: Alt+U
[QString::FromUtf8] 原始字符串: Alt+U
[QString::FromUtf8] 原始字符串: Alt+U
[QString::FromUtf8] 原始字符串: Alt+U
[QString::FromUtf8] 原始字符串: Alt+U
[QString::FromUtf8] 原始字符串: Alt+U
[QString::FromUtf8] 原始字符串: Alt+U
[QString::FromUtf8] 原始字符串: Alt+U
[QString::FromUtf8] 原始字符串: Alt+U
[QString::FromUtf8] 原始字符串: Alt+U
[QString::FromUtf8] 原始字符串: Alt+U
[QString::FromUtf8] 原始字符串: Alt+U
[QString::FromUtf8] 原始字符串: Alt+U
[QString::FromUtf8] 原始字符串: Alt+U
[QString::FromUtf8] 原始字符串: Alt+U
[QString::FromUtf8] 原始字符串: Alt+U
[QString::FromUtf8] 原始字符串: Alt+U
[QString::FromUtf8] 原始字符串: Alt+U
[QString::FromUtf8] 原始字符串: Alt+U
[QString::FromUtf8] 原始字符串: Alt+U
[QString::FromUtf8] 原始字符串: Alt+U
[QString::FromUtf8] 原始字符串: Alt+U
[QString::FromUtf8] 原始字符串: Alt+U
[QString::FromUtf8] 原始字符串: Alt+U
[QString::FromUtf8] 原始字符串: Alt+U
[QString::FromUtf8] 原始字符串: Alt+U
[QString::FromUtf8] 原始字符串: Alt+U
[QString::FromUtf8] 原始字符串: Alt+U
[QString::FromUtf8] 原始字符串: Alt+U
[QString::FromUtf8] 原始字符串: Alt+U
[QString::FromUtf8] 原始字符串: Alt+U
[QString::FromUtf8] 原始字符串: Alt+U
[QString::FromUtf8] 原始字符串: Alt+U
[QString::FromUtf8] 原始字符串: Alt+U
[QString::FromUtf8] 原始字符串: Alt+U
[QString::FromUtf8] 原始字符串: Alt+U
[QString::FromUtf8] 原始字符串: Alt+U
[QString::FromUtf8] 原始字符串: Alt+U
[QString::FromUtf8] 原始字符串: Alt+U
[QString::FromUtf8] 原始字符串: Alt+U
[QString::FromUtf8] 原始字符串: Alt+U
[QString::FromUtf8] 原始字符串: Alt+U
[QString::FromUtf8] 原始字符串: Alt+U
[QString::FromUtf8] 原始字符串: Alt+U
[QString::FromUtf8] 原始字符串: Alt+U
[QString::FromUtf8] 原始字符串: Alt+U
[QString::FromUtf8] 原始字符串: Alt+U
[QString::FromUtf8] 原始字符串: Alt+U
[QString::FromUtf8] 原始字符串: Alt+U
[QString::FromUtf8] 原始字符串: Alt+U
[QString::FromUtf8] 原始字符串: Alt+U
[QString::FromUtf8] 原始字符串: Alt+U
[QString::FromUtf8] 原始字符串: Alt+U
[QString::FromUtf8] 原始字符串: Alt+U
[QString::FromUtf8] 原始字符串: Alt+U
[QString::FromUtf8] 原始字符串: Alt+U
[QString::FromUtf8] 原始字符串: Alt+U
[QString::FromUtf8] 原始字符串: Alt+U
[QString::FromUtf8] 原始字符串: Alt+U
[QString::FromUtf8] 原始字符串: Alt+U
[QString::FromUtf8] 原始字符串: Alt+U
[QString::FromUtf8] 原始字符串: Alt+U
[QString::FromUtf8] 原始字符串: Alt+U
[QString::FromUtf8] 原始字符串: Alt+U
[QString::FromUtf8] 原始字符串: Alt+U
[QString::FromUtf8] 原始字符串: Alt+U
[QString::FromUtf8] 原始字符串: Alt+U
[QString::FromUtf8] 原始字符串: Alt+U
[QString::FromUtf8] 原始字符串: Alt+U
[QString::FromUtf8] 原始字符串: Alt+U
[QString::FromUtf8] 原始字符串: Alt+U
[QString::FromUtf8] 原始字符串: Alt+U
[QString::FromUtf8] 原始字符串: Alt+U
[QString::FromUtf8] 原始字符串: Alt+U
[QString::FromUtf8] 原始字符串: Alt+U
[QString::FromUtf8] 原始字符串: Alt+U
[QString::FromUtf8] 原始字符串: Alt+U
[QString::FromUtf8] 原始字符串: Alt+U
[QString::FromUtf8] 原始字符串: Alt+U
[QString::FromUtf8] 原始字符串: Alt+U
[QString::FromUtf8] 原始字符串: Alt+U
[QString::FromUtf8] 原始字符串: Alt+U
[QString::FromUtf8] 原始字符串: Alt+U
[QString::FromUtf8] 原始字符串: Alt+U
[QString::FromUtf8] 原始字符串: Alt+U
[QString::FromUtf8] 原始字符串: Alt+U
[QString::FromUtf8] 原始字符串: Alt+U
[QString::FromUtf8] 原始字符串: Alt+U
[QString::FromUtf8] 原始字符串: Alt+U
[QString::FromUtf8] 原始字符串: Alt+U
[QString::FromUtf8] 原始字符串: Alt+U
[QString::FromUtf8] 原始字符串: Alt+U
[QString::FromUtf8] 原始字符串: Alt+U
[QString::FromUtf8] 原始字符串: Alt+U
[QString::FromUtf8] 原始字符串: Alt+U
[QString::FromUtf8] 原始字符串: Alt+U
[QString::FromUtf8] 原始字符串: Alt+U
[QString::FromUtf8] 原始字符串: Alt+U
[QString::FromUtf8] 原始字符串: Alt+U
[QString::FromUtf8] 原始字符串: Alt+U
[QString::FromUtf8] 原始字符串: Alt+U
[QString::FromUtf8] 原始字符串: Alt+U
[QString::FromUtf8] 原始字符串: Alt+U
[QString::FromUtf8] 原始字符串: Alt+U
[QString::FromUtf8] 原始字符串: Alt+U
[QString::FromUtf8] 原始字符串: Alt+U
[QString::FromUtf8] 原始字符串: Alt+U
[QString::FromUtf8] 原始字符串: Alt+U
[QString::FromUtf8] 原始字符串: Alt+U
[QString::FromUtf8] 原始字符串: Alt+U
[QString::FromUtf8] 原始字符串: Alt+U
[QString::FromUtf8] 原始字符串: Alt+U
[QString::FromUtf8] 原始字符串: Alt+U
[QString::FromUtf8] 原始字符串: Alt+U
[QString::FromUtf8] 原始字符串: Alt+U
[QString::FromUtf8] 原始字符串: Alt+U
[QString::FromUtf8] 原始字符串: Alt+U
[QString::FromUtf8] 原始字符串: Alt+U
[QString::FromUtf8] 原始字符串: Alt+U
[QString::FromUtf8] 原始字符串: Alt+U
[QString::FromUtf8] 原始字符串: Alt+U
[QString::FromUtf8] 原始字符串: Alt+U
[QString::FromUtf8] 原始字符串: Alt+U
[QString::FromUtf8] 原始字符串: Alt+U
[QString::FromUtf8] 原始字符串: Alt+U
[QString::FromUtf8] 原始字符串: Alt+U
[QString::FromUtf8] 原始字符串: Alt+U
[QString::FromUtf8] 原始字符串: Alt+U
[QString::FromUtf8] 原始字符串: Alt+U
[QString::FromUtf8] 原始字符串: Alt+U
[QString::FromUtf8] 原始字符串: Alt+U
[QString::FromUtf8] 原始字符串: Alt+U
[QString::FromUtf8] 原始字符串: Alt+U
[QString::FromUtf8] 原始字符串: Alt+U
[QString::FromUtf8] 原始字符串: Alt+U
[QString::FromUtf8] 原始字符串: Alt+U
[QString::FromUtf8] 原始字符串: Alt+U
[QString::FromUtf8] 原始字符串: Alt+U
[QString::FromUtf8] 原始字符串: Alt+U
[QString::FromUtf8] 原始字符串: Alt+U
[QString::FromUtf8] 原始字符串: Alt+U
[QString::FromUtf8] 原始字符串: Alt+U
[QString::FromUtf8] 原始字符串: Alt+U
[QString::FromUtf8] 原始字符串: Alt+U
[QString::FromUtf8] 原始字符串: Alt+U
[QString::FromUtf8] 原始字符串: Alt+U
[QString::FromUtf8] 原始字符串: Alt+U
[QString::FromUtf8] 原始字符串: Alt+U
[QString::FromUtf8] 原始字符串: Alt+U
[QString::FromUtf8] 原始字符串: Alt+U
[QString::FromUtf8] 原始字符串: Alt+U
[QString::FromUtf8] 原始字符串: Alt+U
[QString::FromUtf8] 原始字符串: Alt+U
[QString::FromUtf8] 原始字符串: Alt+U
[QString::FromUtf8] 原始字符串: Alt+U
[QString::FromUtf8] 原始字符串: Alt+U
[QString::FromUtf8] 原始字符串: Alt+U
[QString::FromUtf8] 原始字符串: Alt+U
[QString::FromUtf8] 原始字符串: Alt+U
[QString::FromUtf8] 原始字符串: Alt+U
[QString::FromUtf8] 原始字符串: Alt+U
[QString::FromUtf8] 原始字符串: Alt+U
[QString::FromUtf8] 原始字符串: Alt+U
[QString::FromUtf8] 原始字符串: Alt+U
[QString::FromUtf8] 原始字符串: Alt+U
[QString::FromUtf8] 原始字符串: Alt+U
[QString::FromUtf8] 原始字符串: Alt+U
[QString::FromUtf8] 原始字符串: Alt+U
[QString::FromUtf8] 原始字符串: Alt+U
[QString::FromUtf8] 原始字符串: Alt+U
[QString::FromUtf8] 原始字符串: Alt+U
[QString::FromUtf8] 原始字符串: Alt+U
[QString::FromUtf8] 原始字符串: Alt+U
[QString::FromUtf8] 原始字符串: Alt+U
[QString::FromUtf8] 原始字符串: Alt+U
[QString::FromUtf8] 原始字符串: Alt+U
[QString::FromUtf8] 原始字符串: Alt+U
[QString::FromUtf8] 原始字符串: Alt+U
[QString::FromUtf8] 原始字符串: Alt+U
[QString::FromUtf8] 原始字符串: Alt+U
[QString::FromUtf8] 原始字符串: Alt+U
[QString::FromUtf8] 原始字符串: Alt+U
[QString::FromUtf8] 原始字符串: Alt+U
[QString::FromUtf8] 原始字符串: Alt+U
[QString::FromUtf8] 原始字符串: Alt+U
[QString::FromUtf8] 原始字符串: Alt+U
[QString::FromUtf8] 原始字符串: Alt+U
[QString::FromUtf8] 原始字符串: Alt+U
[QString::FromUtf8] 原始字符串: Alt+U
[QString::FromUtf8] 原始字符串: Alt+U
[QString::FromUtf8] 原始字符串: Alt+U
[QString::FromUtf8] 原始字符串: Alt+U
[QString::FromUtf8] 原始字符串: Alt+U
[QString::FromUtf8] 原始字符串: Alt+U
[QString::FromUtf8] 原始字符串: Alt+U
[QString::FromUtf8] 原始字符串: Alt+U
[QString::FromUtf8] 原始字符串: Alt+U
[QString::FromUtf8] 原始字符串: Alt+U
[QString::FromUtf8] 原始字符串: Alt+U
[QString::FromUtf8] 原始字符串: Alt+U
[QString::FromUtf8] 原始字符串: Alt+U
[QString::FromUtf8] 原始字符串: Alt+U
[QString::FromUtf8] 原始字符串: Alt+U
[QString::FromUtf8] 原始字符串: Alt+U
[QString::FromUtf8] 原始字符串: Alt+U
[QString::FromUtf8] 原始字符串: Alt+U
[QString::FromUtf8] 原始字符串: Alt+U
[QString::FromUtf8] 原始字符串: Alt+U
[QString::FromUtf8] 原始字符串: Alt+U
[QString::FromUtf8] 原始字符串: Alt+U
[QString::FromUtf8] 原始字符串: Alt+U
[QString::FromUtf8] 原始字符串: Alt+U
[QString::FromUtf8] 原始字符串: Alt+U
[QString::FromUtf8] 原始字符串: Alt+U
[QString::FromUtf8] 原始字符串: Alt+U
[QString::FromUtf8] 原始字符串: Alt+U
[QString::FromUtf8] 原始字符串: Alt+U
[QString::FromUtf8] 原始字符串: Alt+U
[QString::FromUtf8] 原始字符串: Alt+U
[QString::FromUtf8] 原始字符串: Alt+U
[QString::FromUtf8] 原始字符串: Alt+U
[QString::FromUtf8] 原始字符串: Alt+U
[QString::FromUtf8] 原始字符串: Alt+U
[QString::FromUtf8] 原始字符串: Alt+U
[QString::FromUtf8] 原始字符串: Alt+U
[QString::FromUtf8] 原始字符串: Alt+U
[QString::FromUtf8] 原始字符串: Alt+U
[QString::FromUtf8] 原始字符串: Alt+U
[QString::FromUtf8] 原始字符串: Alt+U
[QString::FromUtf8] 原始字符串: Alt+U
[QString::FromUtf8] 原始字符串: Alt+U
[QString::FromUtf8] 原始字符串: Alt+U
[QString::FromUtf8] 原始字符串: Alt+U
[QString::FromUtf8] 原始字符串: Alt+U
[QString::FromUtf8] 原始字符串: Alt+U
[QString::FromUtf8] 原始字符串: Alt+U
[QString::FromUtf8] 原始字符串: Alt+U
[QString::FromUtf8] 原始字符串: Alt+U
[QString::FromUtf8] 原始字符串: Alt+U
[QString::FromUtf8] 原始字符串: Alt+U
[QString::FromUtf8] 原始字符串: Alt+U
[QString::FromUtf8] 原始字符串: Alt+U
[QString::FromUtf8] 原始字符串: Alt+U
[QString::FromUtf8] 原始字符串: Alt+U
[QString::FromUtf8] 原始字符串: Alt+U
[QString::FromUtf8] 原始字符串: Alt+U
[QString::FromUtf8] 原始字符串: Alt+U
[QString::FromUtf8] 原始字符串: Alt+U
[QString::FromUtf8] 原始字符串: Alt+U
[QString::FromUtf8] 原始字符串: Alt+U
[QString::FromUtf8] 原始字符串: Alt+U
[QString::FromUtf8] 原始字符串: Alt+U
[QString::FromUtf8] 原始字符串: Alt+U
[QString::FromUtf8] 原始字符串: Alt+U
[QString::FromUtf8] 原始字符串: Alt+U
[QString::FromUtf8] 原始字符串: Alt+U
[QString::FromUtf8] 原始字符串: Alt+U
[QString::FromUtf8] 原始字符串: Alt+U
[QString::FromUtf8] 原始字符串: Alt+U
[QString::FromUtf8] 原始字符串: Alt+U
[QString::FromUtf8] 原始字符串: Alt+U
[QString::FromUtf8] 原始字符串: Alt+U
[QString::FromUtf8] 原始字符串: Alt+U
[QString::FromUtf8] 原始字符串: Alt+U
[QString::FromUtf8] 原始字符串: Alt+U
[QString::FromUtf8] 原始字符串: Alt+U
[QString::FromUtf8] 原始字符串: Alt+U
[QString::FromUtf8] 原始字符串: Alt+U
[QString::FromUtf8] 原始字符串: Alt+U
[QString::FromUtf8] 原始字符串: Alt+U
[QString::FromUtf8] 原始字符串: Alt+U
[QString::FromUtf8] 原始字符串: Alt+U
[QString::FromUtf8] 原始字符串: Alt+U
[QString::FromUtf8] 原始字符串: Alt+U
[QString::FromUtf8] 原始字符串: Alt+U
[QString::FromUtf8] 原始字符串: Alt+U
[QString::FromUtf8] 原始字符串: Alt+U
[QString::FromUtf8] 原始字符串: Alt+U
[QString::FromUtf8] 原始字符串: Alt+U
[QString::FromUtf8] 原始字符串: Alt+U
[QString::FromUtf8] 原始字符串: Alt+U
[QString::FromUtf8] 原始字符串: Alt+U
[QString::FromUtf8] 原始字符串: Alt+U
[QString::FromUtf8] 原始字符串: Alt+U
[QString::FromUtf8] 原始字符串: Alt+U
[QString::FromUtf8] 原始字符串: Alt+U
[QString::FromUtf8] 原始字符串: Alt+U
[QString::FromUtf8] 原始字符串: Alt+U
[QString::FromUtf8] 原始字符串: Alt+U
[QString::FromUtf8] 原始字符串: Alt+U
[QString::FromUtf8] 原始字符串: Alt+U
[QString::FromUtf8] 原始字符串: Alt+U
[QString::FromUtf8] 原始字符串: Alt+U
[QString::FromUtf8] 原始字符串: Alt+U
[QString::FromUtf8] 原始字符串: Alt+U
[QString::FromUtf8] 原始字符串: Alt+U
[QString::FromUtf8] 原始字符串: Alt+U
[QString::FromUtf8] 原始字符串: Alt+U
[QString::FromUtf8] 原始字符串: Alt+U
[QString::FromUtf8] 原始字符串: Alt+U
[QString::FromUtf8] 原始字符串: Alt+U
[QString::FromUtf8] 原始字符串: Alt+U
[QString::FromUtf8] 原始字符串: Alt+U
[QString::FromUtf8] 原始字符串: Alt+U
[QString::FromUtf8] 原始字符串: Alt+U
[QString::FromUtf8] 原始字符串: Alt+U
[QString::FromUtf8] 原始字符串: Alt+U
[QString::FromUtf8] 原始字符串: Alt+U
[QString::FromUtf8] 原始字符串: Alt+U
[QString::FromUtf8] 原始字符串: Alt+U
[QString::FromUtf8] 原始字符串: Alt+U
[QString::FromUtf8] 原始字符串: Alt+U
[QString::FromUtf8] 原始字符串: Alt+U
[QString::FromUtf8] 原始字符串: Alt+U
[QString::FromUtf8] 原始字符串: DebuggerSelected
[QString::FromUtf8] 原始字符串: DebuggerUnselected
[QString::FromUtf8] 原始字符串: Deb&ugger
[QString::FromUtf8] 精确匹配: 调试器(&U)
[QString::FromUtf8] 原始字符串: DebuggerRunToAndAttach
[QString::FromUtf8] 原始字符串: ...     (unassigned)
[QString::FromUtf8] 原始字符串: ...     (unassigned)
[QString::FromUtf8] 原始字符串: ...     (unassigned)
[QString::FromUtf8] 原始字符串: ...     (unassigned)
[QString::FromUtf8] 原始字符串: ...     (unassigned)
[QString::FromUtf8] 原始字符串: ...     (unassigned)
[QString::FromUtf8] 原始字符串: ...     (unassigned)
[QString::FromUtf8] 原始字符串: ...     (unassigned)
[QString::FromUtf8] 原始字符串: libDexHelper_fixed.so
[QString::FromUtf8] 原始字符串: E:\\code\\逆向\\android\\case-studies\\imoutai\\hooks\\libDexHelper_fixed.so
[QString::FromUtf8] 长度超过50字符，跳过替换
[SetTitle] 原始窗口标题: -
[QString::FromUtf8] 原始字符串: Processing relocations...
[QString::FromUtf8] 原始字符串: Flushing buffers, please wait...ok
[QString::FromUtf8] 原始字符串: File 'E:\\code\\逆向\\android\\case-studies\\imoutai\\hooks\\libDexHelper_fixed.so' has been successfully loaded into the database.
[QString::FromUtf8] 长度超过50字符，跳过替换
[QString::FromUtf8] 原始字符串: Flushing buffers, please wait...ok
[QString::FromUtf8] 原始字符串: Hex-Rays Decompiler plugin has been loaded (v9.3.0.251224)
[QString::FromUtf8] 长度超过50字符，跳过替换
[QString::FromUtf8] 原始字符串:   The hotkeys are F5: decompile, Ctrl-F5: decompile all.
[QString::FromUtf8] 长度超过50字符，跳过替换
[QString::FromUtf8] 原始字符串:   Please check the Edit/Plugins menu for more information.
[QString::FromUtf8] 长度超过50字符，跳过替换
[QString::FromUtf8] 原始字符串: Hex-rays version 9.3.0.251224 has been detected, gooMBA plugin ready to use
[QString::FromUtf8] 长度超过50字符，跳过替换
[QString::FromUtf8] 原始字符串: Using type parser: legacy
[QString::FromUtf8] 原始字符串: IDA is analysing the input file...
[QString::FromUtf8] 原始字符串: You may start to explore the input file right now.
[QString::FromUtf8] 原始字符串: Functions
[QString::FromUtf8] 原始字符串: Tabular views
[QString::FromUtf8] 原始字符串: Microsoft YaHei UI
[QString::FromUtf8] 原始字符串: sleep
[QString::FromUtf8] 原始字符串: extern
[QString::FromUtf8] 原始字符串: 000000000016C6D0
[QString::FromUtf8] 原始字符串: 00000008
[QString::FromUtf8] 原始字符串: R
[QString::FromUtf8] 原始字符串: .
[QString::FromUtf8] 原始字符串: .
[QString::FromUtf8] 原始字符串: .
[QString::FromUtf8] 原始字符串: .
[QString::FromUtf8] 原始字符串: .
[QString::FromUtf8] 原始字符串: .
[QString::FromUtf8] 原始字符串: T
[QString::FromUtf8] 原始字符串: .
[QString::FromUtf8] 原始字符串: .
[QString::FromUtf8] 原始字符串: Function name
[QString::FromUtf8] 原始字符串: Segment
[QString::FromUtf8] 原始字符串: Start
[QString::FromUtf8] 原始字符串: Length
[QString::FromUtf8] 原始字符串: Locals
[QString::FromUtf8] 原始字符串: Arguments
[QString::FromUtf8] 原始字符串: R
[QString::FromUtf8] 原始字符串: F
[QString::FromUtf8] 原始字符串: L
[QString::FromUtf8] 原始字符串: M
[QString::FromUtf8] 原始字符串: O
[QString::FromUtf8] 原始字符串: S
[QString::FromUtf8] 原始字符串: B
[QString::FromUtf8] 原始字符串: T
[QString::FromUtf8] 原始字符串: =
[QString::FromUtf8] 原始字符串: X
[QString::FromUtf8] 原始字符串: Function name
[QString::FromUtf8] 原始字符串: Segment
[QString::FromUtf8] 原始字符串: Start
[QString::FromUtf8] 原始字符串: Length
[QString::FromUtf8] 原始字符串: Locals
[QString::FromUtf8] 原始字符串: Arguments
[QString::FromUtf8] 原始字符串: R
[QString::FromUtf8] 原始字符串: F
[QString::FromUtf8] 原始字符串: L
[QString::FromUtf8] 原始字符串: M
[QString::FromUtf8] 原始字符串: O
[QString::FromUtf8] 原始字符串: S
[QString::FromUtf8] 原始字符串: B
[QString::FromUtf8] 原始字符串: T
[QString::FromUtf8] 原始字符串: =
[QString::FromUtf8] 原始字符串: X
[QString::FromUtf8] 原始字符串: sleep
[QString::FromUtf8] 原始字符串: extern
[QString::FromUtf8] 原始字符串: 000000000016C6D0
[QString::FromUtf8] 原始字符串: 00000008
[QString::FromUtf8] 原始字符串: R
[QString::FromUtf8] 原始字符串: .
[QString::FromUtf8] 原始字符串: .
[QString::FromUtf8] 原始字符串: .
[QString::FromUtf8] 原始字符串: .
[QString::FromUtf8] 原始字符串: .
[QString::FromUtf8] 原始字符串: .
[QString::FromUtf8] 原始字符串: T
[QString::FromUtf8] 原始字符串: .
[QString::FromUtf8] 原始字符串: .
[QString::FromUtf8] 原始字符串: Function name
[QString::FromUtf8] 原始字符串: Segment
[QString::FromUtf8] 原始字符串: Start
[QString::FromUtf8] 原始字符串: Length
[QString::FromUtf8] 原始字符串: Locals
[QString::FromUtf8] 原始字符串: Arguments
[QString::FromUtf8] 原始字符串: R
[QString::FromUtf8] 原始字符串: F
[QString::FromUtf8] 原始字符串: L
[QString::FromUtf8] 原始字符串: M
[QString::FromUtf8] 原始字符串: O
[QString::FromUtf8] 原始字符串: S
[QString::FromUtf8] 原始字符串: B
[QString::FromUtf8] 原始字符串: T
[QString::FromUtf8] 原始字符串: =
[QString::FromUtf8] 原始字符串: X
[QString::FromUtf8] 原始字符串: Fullscreen
[QString::FromUtf8] 原始字符串: Float
[QString::FromUtf8] 原始字符串: Close
[QString::FromUtf8] 原始字符串: Fullscreen
[QString::FromUtf8] 原始字符串: Float
[QString::FromUtf8] 原始字符串: Close
[QTranslate] 原始字符串: Scroll Left
[QTranslate] 原始字符串: Scroll Right
[QString::FromUtf8] 原始字符串: A
[QString::FromUtf8] 原始字符串: IDA View-A
[QString::FromUtf8] 原始字符串: Courier New
[QString::FromUtf8] 原始字符串: Zoom
[QString::FromUtf8] 原始字符串: Graph origin
[QString::FromUtf8] 原始字符串: Mouse
[QString::FromUtf8] 原始字符串: Current offset in the input file
[QString::FromUtf8] 原始字符串: Current location
[QString::FromUtf8] 原始字符串: Synchronization
[QString::FromUtf8] 原始字符串: Disassembly
[QString::FromUtf8] 原始字符串: Consolas
[QString::FromUtf8] 原始字符串: IDA View-A
[QString::FromUtf8] 原始字符串: IDA View-A
[QString::FromUtf8] 原始字符串: Fullscreen
[QString::FromUtf8] 原始字符串: Float
[QString::FromUtf8] 原始字符串: Close
[QTranslate] 原始字符串: Close Tab
[QString::FromUtf8] 原始字符串: Hex View-1
[QString::FromUtf8] 原始字符串: Courier New
[QString::FromUtf8] 原始字符串: Zoom
[QString::FromUtf8] 原始字符串: Graph origin
[QString::FromUtf8] 原始字符串: Mouse
[QString::FromUtf8] 原始字符串: Current offset in the input file
[QString::FromUtf8] 原始字符串: Current location
[QString::FromUtf8] 原始字符串: Synchronization
[QString::FromUtf8] 原始字符串: Disassembly
[QString::FromUtf8] 原始字符串: Consolas
[QString::FromUtf8] 原始字符串: Hex view
[QString::FromUtf8] 原始字符串: Consolas
[QString::FromUtf8] 原始字符串: Fullscreen
[QString::FromUtf8] 原始字符串: Float
[QString::FromUtf8] 原始字符串: Close
[QTranslate] 原始字符串: Close Tab
[QString::FromUtf8] 原始字符串: Local Types: Types Layout
[QString::FromUtf8] 原始字符串: Courier New
[QString::FromUtf8] 原始字符串: Zoom
[QString::FromUtf8] 原始字符串: Graph origin
[QString::FromUtf8] 原始字符串: Mouse
[QString::FromUtf8] 原始字符串: Current offset in the input file
[QString::FromUtf8] 原始字符串: Current location
[QString::FromUtf8] 原始字符串: Synchronization
[QString::FromUtf8] 原始字符串: Disassembly
[QString::FromUtf8] 原始字符串: Consolas
[QString::FromUtf8] 原始字符串: Local Types: Tree
[QString::FromUtf8] 原始字符串: Tabular views
[QString::FromUtf8] 原始字符串: Microsoft YaHei UI
[QString::FromUtf8] 原始字符串: Tree:Edit
[QString::FromUtf8] 原始字符串: Elf64_Sym
[QString::FromUtf8] 原始字符串: 00000018
[QString::FromUtf8] 原始字符串: 1
[QString::FromUtf8] 原始字符串: struct {unsigned __int32 st_name __offset(OFF64,0x16B000);unsigned __int8 st_info;unsigned __int8 st_other;unsigned __int16 st_shndx;unsigned __int64 st_value __off;unsigned __int64 st_size;}
[QString::FromUtf8] 长度超过50字符，跳过替换
[QString::FromUtf8] 原始字符串: Name
[QString::FromUtf8] 原始字符串: Size
[QString::FromUtf8] 原始字符串: Ordinal
[QString::FromUtf8] 原始字符串: Definition
[QString::FromUtf8] 原始字符串: Comment
[QString::FromUtf8] 原始字符串: Local Types
[QString::FromUtf8] 原始字符串: Name
[QString::FromUtf8] 原始字符串: Size
[QString::FromUtf8] 原始字符串: Ordinal
[QString::FromUtf8] 原始字符串: Elf64_Sym
[QString::FromUtf8] 原始字符串: 00000018
[QString::FromUtf8] 原始字符串: 1
[QString::FromUtf8] 原始字符串: Name
[QString::FromUtf8] 原始字符串: Size
[QString::FromUtf8] 原始字符串: Ordinal
[QString::FromUtf8] 原始字符串: Name
[QString::FromUtf8] 原始字符串: Size
[QString::FromUtf8] 原始字符串: Ordinal
[QString::FromUtf8] 原始字符串: Elf64_Sym
[QString::FromUtf8] 原始字符串: 00000018
[QString::FromUtf8] 原始字符串: 1
[QString::FromUtf8] 原始字符串: Name
[QString::FromUtf8] 原始字符串: Size
[QString::FromUtf8] 原始字符串: Ordinal
[QString::FromUtf8] 原始字符串: Fullscreen
[QString::FromUtf8] 原始字符串: Float
[QString::FromUtf8] 原始字符串: Close
[QTranslate] 原始字符串: Close Tab
[QString::FromUtf8] 原始字符串: Imports
[QString::FromUtf8] 原始字符串: Tabular views
[QString::FromUtf8] 原始字符串: Microsoft YaHei UI
[QString::FromUtf8] 原始字符串: .dynsym
[QString::FromUtf8] 原始字符串: Address
[QString::FromUtf8] 原始字符串: Ordinal
[QString::FromUtf8] 原始字符串: Name
[QString::FromUtf8] 原始字符串: Address
[QString::FromUtf8] 原始字符串: Ordinal
[QString::FromUtf8] 原始字符串: Name
[QString::FromUtf8] 原始字符串: .dynsym
[QString::FromUtf8] 原始字符串: Address
[QString::FromUtf8] 原始字符串: Ordinal
[QString::FromUtf8] 原始字符串: Name
[QString::FromUtf8] 原始字符串: Fullscreen
[QString::FromUtf8] 原始字符串: Float
[QString::FromUtf8] 原始字符串: Close
[QTranslate] 原始字符串: Close Tab
[QString::FromUtf8] 原始字符串: Exports
[QString::FromUtf8] 原始字符串: Tabular views
[QString::FromUtf8] 原始字符串: Microsoft YaHei UI
[QString::FromUtf8] 原始字符串: Chooser:Edit
[QString::FromUtf8] 原始字符串: Chooser:Search
[QString::FromUtf8] 原始字符串: Exports_splitter
[QString::FromUtf8] 原始字符串: Name
[QString::FromUtf8] 原始字符串: Address
[QString::FromUtf8] 原始字符串: Ordinal
[QString::FromUtf8] 原始字符串: ...     (unassigned)
[QString::FromUtf8] 原始字符串: ...     (unassigned)
[QString::FromUtf8] 原始字符串: ...     (unassigned)
[QString::FromUtf8] 原始字符串: ...     (unassigned)
[QString::FromUtf8] 原始字符串: ...     (unassigned)
[QString::FromUtf8] 原始字符串: ...     (unassigned)
[QString::FromUtf8] 原始字符串: ...     (unassigned)
[QString::FromUtf8] 原始字符串: ...     (unassigned)
[QString::FromUtf8] 原始字符串: Name
[QString::FromUtf8] 原始字符串: Address
[QString::FromUtf8] 原始字符串: Ordinal
[QString::FromUtf8] 原始字符串: Exports:Edit
[QString::FromUtf8] 原始字符串: Fullscreen
[QString::FromUtf8] 原始字符串: Float
[QString::FromUtf8] 原始字符串: Close
[QTranslate] 原始字符串: Close Tab
[QString::FromUtf8] 原始字符串: Fullscreen
[QString::FromUtf8] 原始字符串: Float
[QString::FromUtf8] 原始字符串: Close
[QString::FromUtf8] 原始字符串: File
[QString::FromUtf8] 原始字符串: Live:Edit
[QString::FromUtf8] 原始字符串: Live:Jump
[QString::FromUtf8] 原始字符串: Live:Search
[QString::FromUtf8] 原始字符串: View
[QString::FromUtf8] 精确匹配: 视图
[QString::FromUtf8] 原始字符串: Teams
[QString::FromUtf8] 原始字符串: DebuggerSelected
[QString::FromUtf8] 原始字符串: DebuggerUnselected
[QString::FromUtf8] 原始字符串: DebuggerRunToAndAttach
[QString::FromUtf8] 原始字符串: Lumina
[QString::FromUtf8] 原始字符串: Options
[QString::FromUtf8] 原始字符串: Windows
[QString::FromUtf8] 原始字符串: Help
[QString::FromUtf8] 精确匹配: 帮助
[QString::FromUtf8] 原始字符串: Hex View-1
[QString::FromUtf8] 原始字符串: IDA View-A
[QString::FromUtf8] 原始字符串: Function name
[QString::FromUtf8] 原始字符串: Segment
[QString::FromUtf8] 原始字符串: Start
[QString::FromUtf8] 原始字符串: Length
[QString::FromUtf8] 原始字符串: Locals
[QString::FromUtf8] 原始字符串: Arguments
[QString::FromUtf8] 原始字符串: R
[QString::FromUtf8] 原始字符串: F
[QString::FromUtf8] 原始字符串: L
[QString::FromUtf8] 原始字符串: M
[QString::FromUtf8] 原始字符串: O
[QString::FromUtf8] 原始字符串: S
[QString::FromUtf8] 原始字符串: B
[QString::FromUtf8] 原始字符串: T
[QString::FromUtf8] 原始字符串: =
[QString::FromUtf8] 原始字符串: X
[QString::FromUtf8] 原始字符串: sleep
[QString::FromUtf8] 原始字符串: extern
[QString::FromUtf8] 原始字符串: 000000000016C6D0
[QString::FromUtf8] 原始字符串: 00000008
[QString::FromUtf8] 原始字符串: R
[QString::FromUtf8] 原始字符串: .
[QString::FromUtf8] 原始字符串: .
[QString::FromUtf8] 原始字符串: .
[QString::FromUtf8] 原始字符串: .
[QString::FromUtf8] 原始字符串: .
[QString::FromUtf8] 原始字符串: .
[QString::FromUtf8] 原始字符串: T
[QString::FromUtf8] 原始字符串: .
[QString::FromUtf8] 原始字符串: .
[QString::FromUtf8] 原始字符串: Function name
[QString::FromUtf8] 原始字符串: Segment
[QString::FromUtf8] 原始字符串: Start
[QString::FromUtf8] 原始字符串: Length
[QString::FromUtf8] 原始字符串: Locals
[QString::FromUtf8] 原始字符串: Arguments
[QString::FromUtf8] 原始字符串: R
[QString::FromUtf8] 原始字符串: F
[QString::FromUtf8] 原始字符串: L
[QString::FromUtf8] 原始字符串: M
[QString::FromUtf8] 原始字符串: O
[QString::FromUtf8] 原始字符串: S
[QString::FromUtf8] 原始字符串: B
[QString::FromUtf8] 原始字符串: T
[QString::FromUtf8] 原始字符串: =
[QString::FromUtf8] 原始字符串: X
[QString::FromUtf8] 原始字符串: Name
[QString::FromUtf8] 原始字符串: Size
[QString::FromUtf8] 原始字符串: Ordinal
[QString::FromUtf8] 原始字符串: Elf64_Sym
[QString::FromUtf8] 原始字符串: 00000018
[QString::FromUtf8] 原始字符串: 1
[QString::FromUtf8] 原始字符串: Elf64_Sym
[QString::FromUtf8] 原始字符串: 00000018
[QString::FromUtf8] 原始字符串: 1
[QString::FromUtf8] 原始字符串: Name
[QString::FromUtf8] 原始字符串: Size
[QString::FromUtf8] 原始字符串: Ordinal
[QString::FromUtf8] 原始字符串: Address
[QString::FromUtf8] 原始字符串: Ordinal
[QString::FromUtf8] 原始字符串: Name
[QString::FromUtf8] 原始字符串: .dynsym
[QString::FromUtf8] 原始字符串: Address
[QString::FromUtf8] 原始字符串: Ordinal
[QString::FromUtf8] 原始字符串: Name
[QString::FromUtf8] 原始字符串: Name
[QString::FromUtf8] 原始字符串: Address
[QString::FromUtf8] 原始字符串: Ordinal
[QString::FromUtf8] 原始字符串: Name
[QString::FromUtf8] 原始字符串: Address
[QString::FromUtf8] 原始字符串: Ordinal
[QString::FromUtf8] 原始字符串: Name
[QString::FromUtf8] 原始字符串: Address
[QString::FromUtf8] 原始字符串: Ordinal
[QString::FromUtf8] 原始字符串: Function name
[QString::FromUtf8] 原始字符串: Segment
[QString::FromUtf8] 原始字符串: Start
[QString::FromUtf8] 原始字符串: Length
[QString::FromUtf8] 原始字符串: Locals
[QString::FromUtf8] 原始字符串: Arguments
[QString::FromUtf8] 原始字符串: R
[QString::FromUtf8] 原始字符串: F
[QString::FromUtf8] 原始字符串: L
[QString::FromUtf8] 原始字符串: M
[QString::FromUtf8] 原始字符串: O
[QString::FromUtf8] 原始字符串: S
[QString::FromUtf8] 原始字符串: B
[QString::FromUtf8] 原始字符串: T
[QString::FromUtf8] 原始字符串: =
[QString::FromUtf8] 原始字符串: X
[QString::FromUtf8] 原始字符串: sleep
[QString::FromUtf8] 原始字符串: extern
[QString::FromUtf8] 原始字符串: 000000000016C6D0
[QString::FromUtf8] 原始字符串: 00000008
[QString::FromUtf8] 原始字符串: R
[QString::FromUtf8] 原始字符串: .
[QString::FromUtf8] 原始字符串: .
[QString::FromUtf8] 原始字符串: .
[QString::FromUtf8] 原始字符串: .
[QString::FromUtf8] 原始字符串: .
[QString::FromUtf8] 原始字符串: .
[QString::FromUtf8] 原始字符串: T
[QString::FromUtf8] 原始字符串: .
[QString::FromUtf8] 原始字符串: .
[QString::FromUtf8] 原始字符串: Function name
[QString::FromUtf8] 原始字符串: Segment
[QString::FromUtf8] 原始字符串: Start
[QString::FromUtf8] 原始字符串: Length
[QString::FromUtf8] 原始字符串: Locals
[QString::FromUtf8] 原始字符串: Arguments
[QString::FromUtf8] 原始字符串: R
[QString::FromUtf8] 原始字符串: F
[QString::FromUtf8] 原始字符串: L
[QString::FromUtf8] 原始字符串: M
[QString::FromUtf8] 原始字符串: O
[QString::FromUtf8] 原始字符串: S
[QString::FromUtf8] 原始字符串: B
[QString::FromUtf8] 原始字符串: T
[QString::FromUtf8] 原始字符串: =
[QString::FromUtf8] 原始字符串: X
[QString::FromUtf8] 原始字符串: Function name
[QString::FromUtf8] 原始字符串: Segment
[QString::FromUtf8] 原始字符串: Start
[QString::FromUtf8] 原始字符串: Length
[QString::FromUtf8] 原始字符串: Locals
[QString::FromUtf8] 原始字符串: Arguments
[QString::FromUtf8] 原始字符串: R
[QString::FromUtf8] 原始字符串: F
[QString::FromUtf8] 原始字符串: L
[QString::FromUtf8] 原始字符串: M
[QString::FromUtf8] 原始字符串: O
[QString::FromUtf8] 原始字符串: S
[QString::FromUtf8] 原始字符串: B
[QString::FromUtf8] 原始字符串: T
[QString::FromUtf8] 原始字符串: =
[QString::FromUtf8] 原始字符串: X
[QString::FromUtf8] 原始字符串: Function name
[QString::FromUtf8] 原始字符串: Segment
[QString::FromUtf8] 原始字符串: Start
[QString::FromUtf8] 原始字符串: Length
[QString::FromUtf8] 原始字符串: Locals
[QString::FromUtf8] 原始字符串: Arguments
[QString::FromUtf8] 原始字符串: R
[QString::FromUtf8] 原始字符串: F
[QString::FromUtf8] 原始字符串: L
[QString::FromUtf8] 原始字符串: M
[QString::FromUtf8] 原始字符串: O
[QString::FromUtf8] 原始字符串: S
[QString::FromUtf8] 原始字符串: B
[QString::FromUtf8] 原始字符串: T
[QString::FromUtf8] 原始字符串: =
[QString::FromUtf8] 原始字符串: X
[QString::FromUtf8] 原始字符串: Function name
[QString::FromUtf8] 原始字符串: Segment
[QString::FromUtf8] 原始字符串: Start
[QString::FromUtf8] 原始字符串: Length
[QString::FromUtf8] 原始字符串: Locals
[QString::FromUtf8] 原始字符串: Arguments
[QString::FromUtf8] 原始字符串: R
[QString::FromUtf8] 原始字符串: F
[QString::FromUtf8] 原始字符串: L
[QString::FromUtf8] 原始字符串: M
[QString::FromUtf8] 原始字符串: O
[QString::FromUtf8] 原始字符串: S
[QString::FromUtf8] 原始字符串: B
[QString::FromUtf8] 原始字符串: T
[QString::FromUtf8] 原始字符串: =
[QString::FromUtf8] 原始字符串: X
[QString::FromUtf8] 原始字符串: IDA View-A
[QString::FromUtf8] 原始字符串: Default:Edit
[QString::FromUtf8] 原始字符串: Default:Search
[QString::FromUtf8] 原始字符串: Default:Jump
[QString::FromUtf8] 原始字符串: Copy pseudocode to disassembly
[QString::FromUtf8] 原始字符串: Open picture
[QString::FromUtf8] 原始字符串: ...     (unassigned)
[QString::FromUtf8] 原始字符串: ...     (unassigned)
[QString::FromUtf8] 原始字符串: ...     (unassigned)
[QString::FromUtf8] 原始字符串: ...     (unassigned)
[QString::FromUtf8] 原始字符串: ...     (unassigned)
[QString::FromUtf8] 原始字符串: ...     (unassigned)
[QString::FromUtf8] 原始字符串: ...     (unassigned)
[QString::FromUtf8] 原始字符串: ...     (unassigned)
[QString::FromUtf8] 原始字符串: Disassembly
[QString::FromUtf8] 原始字符串: Disassembly
[QString::FromUtf8] 原始字符串: Copy pseudocode to disassembly
[QString::FromUtf8] 原始字符串: Open picture
[QString::FromUtf8] 原始字符串: ...     (unassigned)
[QString::FromUtf8] 原始字符串: ...     (unassigned)
[QString::FromUtf8] 原始字符串: ...     (unassigned)
[QString::FromUtf8] 原始字符串: ...     (unassigned)
[QString::FromUtf8] 原始字符串: ...     (unassigned)
[QString::FromUtf8] 原始字符串: ...     (unassigned)
[QString::FromUtf8] 原始字符串: ...     (unassigned)
[QString::FromUtf8] 原始字符串: ...     (unassigned)
[QString::FromUtf8] 原始字符串: Disassembly
[QString::FromUtf8] 原始字符串: Disassembly
[QString::FromUtf8] 原始字符串: 00000000 struct Elf64_Sym // sizeof=0x18
[QString::FromUtf8] 原始字符串: 00000000 {                                       // XREF: LOAD:0000000000169000/r
[QString::FromUtf8] 长度超过50字符，跳过替换
[QString::FromUtf8] 原始字符串: 00000000                                         // LOAD:0000000000169018/r ...
[QString::FromUtf8] 长度超过50字符，跳过替换
[QString::FromUtf8] 原始字符串: 00000000     unsigned __int32 st_name __offset(OFF64,0x16B000);
[QString::FromUtf8] 长度超过50字符，跳过替换
[QString::FromUtf8] 原始字符串: 00000004     unsigned __int8 st_info;
[QString::FromUtf8] 原始字符串: 00000005     unsigned __int8 st_other;
[QString::FromUtf8] 原始字符串: 00000006     unsigned __int16 st_shndx;
[QString::FromUtf8] 原始字符串: 00000008     unsigned __int64 st_value __off;
[QString::FromUtf8] 原始字符串: 00000010     unsigned __int64 st_size;
[QString::FromUtf8] 原始字符串: 00000018 };
[QString::FromUtf8] 原始字符串: 00000000 struct Elf64_Rela // sizeof=0x18
[QString::FromUtf8] 原始字符串: 00000000 {                                       // XREF: LOAD:00000000000026E8/r
[QString::FromUtf8] 长度超过50字符，跳过替换
[QString::FromUtf8] 原始字符串: 00000000                                         // LOAD:0000000000002700/r ...
[QString::FromUtf8] 长度超过50字符，跳过替换
[QString::FromUtf8] 原始字符串: 00000000     unsigned __int64 r_offset;
[QString::FromUtf8] 原始字符串: 00000008     unsigned __int64 r_info;
[QString::FromUtf8] 原始字符串: 00000010     __int64 r_addend;
[QString::FromUtf8] 原始字符串: 00000018 };
[QString::FromUtf8] 原始字符串: 00000000 struct Elf64_Dyn // sizeof=0x10
[QString::FromUtf8] 原始字符串: 00000000 {                                       // XREF: LOAD:0000000000026000/r
[QString::FromUtf8] 长度超过50字符，跳过替换
[QString::FromUtf8] 原始字符串: 00000000                                         // LOAD:0000000000026010/r ...
[QString::FromUtf8] 长度超过50字符，跳过替换
[QString::FromUtf8] 原始字符串: 00000000     unsigned __int64 d_tag;
[QString::FromUtf8] 原始字符串: 00000008     unsigned __int64 d_un;
[QString::FromUtf8] 原始字符串: 00000010 };
[QString::FromUtf8] 原始字符串: Open picture
[QString::FromUtf8] 原始字符串: ...     (unassigned)
[QString::FromUtf8] 原始字符串: ...     (unassigned)
[QString::FromUtf8] 原始字符串: ...     (unassigned)
[QString::FromUtf8] 原始字符串: ...     (unassigned)
[QString::FromUtf8] 原始字符串: ...     (unassigned)
[QString::FromUtf8] 原始字符串: ...     (unassigned)
[QString::FromUtf8] 原始字符串: ...     (unassigned)
[QString::FromUtf8] 原始字符串: ...     (unassigned)
[QString::FromUtf8] 原始字符串: Disassembly
[QString::FromUtf8] 原始字符串: Disassembly
[QString::FromUtf8] 原始字符串: 0000000000002B00  90 00 00 D0 11 F6 47 F9  10 A2 3F 91 20 02 1F D6  ..........?.·...
[QString::FromUtf8] 长度超过50字符，跳过替换
[QString::FromUtf8] 原始字符串: 0000000000002AF0  90 00 00 D0 11 F2 47 F9  10 82 3F 91 20 02 1F D6  ..........?.·...
[QString::FromUtf8] 长度超过50字符，跳过替换
[QString::FromUtf8] 原始字符串: 0000000000002AE0  90 00 00 D0 11 EE 47 F9  10 62 3F 91 20 02 1F D6  .........b?.·...
[QString::FromUtf8] 长度超过50字符，跳过替换
[QString::FromUtf8] 原始字符串: 0000000000002AD0  90 00 00 D0 11 EA 47 F9  10 42 3F 91 20 02 1F D6  .........B?.·...
[QString::FromUtf8] 长度超过50字符，跳过替换
[QString::FromUtf8] 原始字符串: 0000000000002B10  80 00 00 F0 00 00 00 91  AA FF FF 17 FF 43 00 D1  .............C..
[QString::FromUtf8] 长度超过50字符，跳过替换
[QString::FromUtf8] 原始字符串: 0000000000002B20  C4 03 80 52 23 22 80 52  C5 08 80 52 C7 00 80 52  ...R#".R...R...R
[QString::FromUtf8] 长度超过50字符，跳过替换
[QString::FromUtf8] 原始字符串: 0000000000002B30  C6 1A 80 52 FF 07 00 B9  E4 0B 00 B9 E3 0F 00 B9  ...R............
[QString::FromUtf8] 长度超过50字符，跳过替换
[QString::FromUtf8] 原始字符串: 0000000000002B40  E3 0F 40 B9 7F 18 01 71  A0 02 00 54 E3 0F 40 B9  .......q...T....
[QString::FromUtf8] 长度超过50字符，跳过替换
[QString::FromUtf8] 原始字符串: 0000000000002B50  7F 14 04 71 80 04 00 54  7F 44 04 71 E0 03 00 54  ...q...T.D.q...T
[QString::FromUtf8] 长度超过50字符，跳过替换
[QString::FromUtf8] 原始字符串: 0000000000002B60  7F 54 00 71 E1 FE FF 54  E3 0F 40 B9 63 08 03 0B  .T.q...T....c...
[QString::FromUtf8] 长度超过50字符，跳过替换
[QString::FromUtf8] 原始字符串: 0000000000002B70  63 74 1E 53 63 D0 01 11  E3 0F 00 B9 FF 03 01 91  ct.Sc...........
[QString::FromUtf8] 长度超过50字符，跳过替换
[QString::FromUtf8] 原始字符串: 0000000000002B80  E3 0F 40 B9 7F 0C 00 71  4D 03 00 54 E6 0F 00 B9  .......qM..T....
[QString::FromUtf8] 长度超过50字符，跳过替换
[QString::FromUtf8] 原始字符串: 0000000000002B90  E3 0F 40 B9 7F 18 01 71  A1 FD FF 54 42 7C 40 93  .......q...TB|@.
[QString::FromUtf8] 长度超过50字符，跳过替换
[QString::FromUtf8] 原始字符串: 0000000000002BA0  00 C0 21 8B 81 00 00 F0  E3 03 00 AA 21 00 02 91  ............!...
[QString::FromUtf8] 长度超过50字符，跳过替换
[QString::FromUtf8] 原始字符串: 0000000000002BB0  02 01 00 B4 64 14 40 38  26 00 40 B9 65 00 00 4B  ....d.@8&.@.e..K
[QString::FromUtf8] 长度超过50字符，跳过替换
[QString::FromUtf8] 原始字符串: 0000000000002BC0  C4 00 04 4A 5F 00 05 EB  64 F0 1F 38 48 FF FF 54  ...J_......8H..T
[QString::FromUtf8] 长度超过50字符，跳过替换
[QString::FromUtf8] 原始字符串: 0000000000002BD0  FF 43 00 91 C0 03 5F D6  E4 0B 00 B9 E5 0F 00 B9  .C...._.........
[QString::FromUtf8] 长度超过50字符，跳过替换
[QString::FromUtf8] 原始字符串: 0000000000002BE0  D8 FF FF 17 5F 00 00 91  E1 03 03 2A D5 FF FF 17  ...._......*....
[QString::FromUtf8] 长度超过50字符，跳过替换
[QString::FromUtf8] 原始字符串: 0000000000002BF0  E7 0B 00 B9 D3 FF FF 17  FF 43 00 D1 C2 03 80 52  .........C.....R
[QString::FromUtf8] 长度超过50字符，跳过替换
[QString::FromUtf8] 原始字符串: 0000000000002C00  21 22 80 52 C3 08 80 52  C5 00 80 52 C4 1A 80 52  !".R...R...R...R
[QString::FromUtf8] 长度超过50字符，跳过替换
[QString::FromUtf8] 原始字符串: 0000000000002C10  FF 07 00 B9 E2 0B 00 B9  E1 0F 00 B9 E1 0F 40 B9  ................
[QString::FromUtf8] 长度超过50字符，跳过替换
[QString::FromUtf8] 原始字符串: 0000000000002C20  3F 18 01 71 A0 02 00 54  E1 0F 40 B9 3F 14 04 71  ?..q...T....?..q
[QString::FromUtf8] 长度超过50字符，跳过替换
[QString::FromUtf8] 原始字符串: 0000000000002C30  20 04 00 54 3F 44 04 71  80 03 00 54 3F 54 00 71  ·..T?D.q...T?T.q
[QString::FromUtf8] 长度超过50字符，跳过替换
[QString::FromUtf8] 原始字符串: 0000000000002C40  E1 FE FF 54 E1 0F 40 B9  21 08 01 0B 21 74 1E 53  ...T....!...!t.S
[QString::FromUtf8] 长度超过50字符，跳过替换
[QString::FromUtf8] 原始字符串: 0000000000002C50  21 D0 01 11 E1 0F 00 B9  FF 03 01 91 E1 0F 40 B9  !...............
[QString::FromUtf8] 长度超过50字符，跳过替换
[QString::FromUtf8] 原始字符串: 0000000000002C60  3F 0C 00 71 ED 02 00 54  E4 0F 00 B9 E1 0F 40 B9  ?..q...T........
[QString::FromUtf8] 长度超过50字符，跳过替换
[QString::FromUtf8] 原始字符串: 0000000000002C70  3F 18 01 71 A1 FD FF 54  02 00 40 39 62 02 00 34  ?..q...T..@9b..4
[QString::FromUtf8] 长度超过50字符，跳过替换
[QString::FromUtf8] 原始字符串: 0000000000002C80  01 00 80 52 41 10 01 0B  02 1C 40 38 23 0C 04 12  ...RA.....@8#...
[QString::FromUtf8] 长度超过50字符，跳过替换
[QString::FromUtf8] 原始字符串: 0000000000002C90  61 00 01 4A 21 60 43 4A  62 FF FF 35 E0 03 01 2A  a..J!`CJb..5...*
[QString::FromUtf8] 长度超过50字符，跳过替换
[QString::FromUtf8] 原始字符串: 0000000000002CA0  FF 43 00 91 C0 03 5F D6  E2 0B 00 B9 E3 0F 00 B9  .C...._.........
[QString::FromUtf8] 长度超过50字符，跳过替换
[QString::FromUtf8] 原始字符串: 0000000000002CB0  DB FF FF 17 5F 00 00 91  E1 03 03 2A D8 FF FF 17  ...._......*....
[QString::FromUtf8] 长度超过50字符，跳过替换
[QString::FromUtf8] 原始字符串: 0000000000002CC0  E5 0B 00 B9 D6 FF FF 17  E1 03 02 2A F4 FF FF 17  ...........*....
[QString::FromUtf8] 长度超过50字符，跳过替换
[QString::FromUtf8] 原始字符串: Open picture
[QString::FromUtf8] 原始字符串: ...     (unassigned)
[QString::FromUtf8] 原始字符串: ...     (unassigned)
[QString::FromUtf8] 原始字符串: ...     (unassigned)
[QString::FromUtf8] 原始字符串: ...     (unassigned)
[QString::FromUtf8] 原始字符串: ...     (unassigned)
[QString::FromUtf8] 原始字符串: ...     (unassigned)
[QString::FromUtf8] 原始字符串: ...     (unassigned)
[QString::FromUtf8] 原始字符串: ...     (unassigned)
[QString::FromUtf8] 原始字符串: Disassembly
[QString::FromUtf8] 原始字符串: Disassembly
[QString::FromUtf8] 原始字符串: LOAD:0000000000002B10
[QString::FromUtf8] 原始字符串: LOAD:0000000000002B10                 EXPORT start
[QString::FromUtf8] 原始字符串: LOAD:0000000000002B10 start
[QString::FromUtf8] 原始字符串: LOAD:0000000000002B10                 ADRL            X0, unk_15000
[QString::FromUtf8] 长度超过50字符，跳过替换
[QString::FromUtf8] 原始字符串: LOAD:0000000000002B18                 B               unk_29C0
[QString::FromUtf8] 长度超过50字符，跳过替换
[QString::FromUtf8] 原始字符串: LOAD:0000000000002B18 ; ---------------------------------------------------------------------------
[QString::FromUtf8] 长度超过50字符，跳过替换
[QString::FromUtf8] 原始字符串: LOAD:0000000000002B1C                 DCB 0xFF
[QString::FromUtf8] 原始字符串: LOAD:0000000000002B1D                 DCB 0x43 ; C
[QString::FromUtf8] 原始字符串: LOAD:0000000000002B1E                 DCB    0
[QString::FromUtf8] 原始字符串: LOAD:0000000000002B1F                 DCB 0xD1
[QString::FromUtf8] 原始字符串: LOAD:0000000000002B20                 DCB 0xC4
[QString::FromUtf8] 原始字符串: LOAD:0000000000002B21                 DCB    3
[QString::FromUtf8] 原始字符串: LOAD:0000000000002B22                 DCB 0x80
[QString::FromUtf8] 原始字符串: LOAD:0000000000002B23                 DCB 0x52 ; R
[QString::FromUtf8] 原始字符串: LOAD:0000000000002B24                 DCB 0x23 ; #
[QString::FromUtf8] 原始字符串: LOAD:0000000000002B25                 DCB 0x22 ; "
[QString::FromUtf8] 原始字符串: LOAD:0000000000002B26                 DCB 0x80
[QString::FromUtf8] 原始字符串: LOAD:0000000000002B27                 DCB 0x52 ; R
[QString::FromUtf8] 原始字符串: LOAD:0000000000002B28                 DCB 0xC5
[QString::FromUtf8] 原始字符串: LOAD:0000000000002B29                 DCB    8
[QString::FromUtf8] 原始字符串: LOAD:0000000000002B2A                 DCB 0x80
[QString::FromUtf8] 原始字符串: LOAD:0000000000002B2B                 DCB 0x52 ; R
[QString::FromUtf8] 原始字符串: LOAD:0000000000002B2C                 DCB 0xC7
[QString::FromUtf8] 原始字符串: LOAD:0000000000002B2D                 DCB    0
[QString::FromUtf8] 原始字符串: LOAD:0000000000002B2E                 DCB 0x80
[QString::FromUtf8] 原始字符串: LOAD:0000000000002B2F                 DCB 0x52 ; R
[QString::FromUtf8] 原始字符串: LOAD:0000000000002B30                 DCB 0xC6
[QString::FromUtf8] 原始字符串: LOAD:0000000000002B31                 DCB 0x1A
[QString::FromUtf8] 原始字符串: LOAD:0000000000002B32                 DCB 0x80
[QString::FromUtf8] 原始字符串: LOAD:0000000000002B33                 DCB 0x52 ; R
[QString::FromUtf8] 原始字符串: LOAD:0000000000002B34                 DCB 0xFF
[QString::FromUtf8] 原始字符串: LOAD:0000000000002B35                 DCB    7
[QString::FromUtf8] 原始字符串: LOAD:0000000000002B36                 DCB    0
[QString::FromUtf8] 原始字符串: LOAD:0000000000002B37                 DCB 0xB9
[QString::FromUtf8] 原始字符串: LOAD:0000000000002B38                 DCB 0xE4
[QString::FromUtf8] 原始字符串: LOAD:0000000000002B39                 DCB  0xB
[QString::FromUtf8] 原始字符串: LOAD:0000000000002B3A                 DCB    0
[QString::FromUtf8] 原始字符串: LOAD:0000000000002B3B                 DCB 0xB9
[QString::FromUtf8] 原始字符串: LOAD:0000000000002B3C                 DCB 0xE3
[QString::FromUtf8] 原始字符串: LOAD:0000000000002B3D                 DCB  0xF
[QString::FromUtf8] 原始字符串: LOAD:0000000000002B3E                 DCB    0
[QString::FromUtf8] 原始字符串: LOAD:0000000000002B3F                 DCB 0xB9
[QString::FromUtf8] 原始字符串: LOAD:0000000000002B40                 DCB 0xE3
[QString::FromUtf8] 原始字符串: LOAD:0000000000002B41                 DCB  0xF
[QString::FromUtf8] 原始字符串: LOAD:0000000000002B42                 DCB 0x40 ; @
[QString::FromUtf8] 原始字符串: LOAD:0000000000002B43                 DCB 0xB9
[QString::FromUtf8] 原始字符串: LOAD:0000000000002B44                 DCB 0x7F ; \x7F
[QString::FromUtf8] 原始字符串: 0000000000002B10: LOAD:start
[QString::FromUtf8] 原始字符串: 00002B10
[QString::FromUtf8] 原始字符串: Open picture
[QString::FromUtf8] 原始字符串: ...     (unassigned)
[QString::FromUtf8] 原始字符串: ...     (unassigned)
[QString::FromUtf8] 原始字符串: ...     (unassigned)
[QString::FromUtf8] 原始字符串: ...     (unassigned)
[QString::FromUtf8] 原始字符串: ...     (unassigned)
[QString::FromUtf8] 原始字符串: ...     (unassigned)
[QString::FromUtf8] 原始字符串: ...     (unassigned)
[QString::FromUtf8] 原始字符串: ...     (unassigned)
[QString::FromUtf8] 原始字符串: Disassembly
[QString::FromUtf8] 原始字符串: Disassembly
[QString::FromUtf8] 原始字符串: 0000000000002B10: LOAD:start
[QString::FromUtf8] 原始字符串: 00002B10
[QString::FromUtf8] 原始字符串: Open picture
[QString::FromUtf8] 原始字符串: ...     (unassigned)
[QString::FromUtf8] 原始字符串: ...     (unassigned)
[QString::FromUtf8] 原始字符串: ...     (unassigned)
[QString::FromUtf8] 原始字符串: ...     (unassigned)
[QString::FromUtf8] 原始字符串: ...     (unassigned)
[QString::FromUtf8] 原始字符串: ...     (unassigned)
[QString::FromUtf8] 原始字符串: ...     (unassigned)
[QString::FromUtf8] 原始字符串: ...     (unassigned)
[QString::FromUtf8] 原始字符串: Disassembly
[QString::FromUtf8] 原始字符串: Disassembly
[QString::FromUtf8] 原始字符串: 0000000000002B10: LOAD:start
[QString::FromUtf8] 原始字符串: 00002B10
[QString::FromUtf8] 原始字符串: Navigator Scale: 1 pixel = 1024 bytes; Range: 0000000000000000-000000000016CE08
[QString::FromUtf8] 长度超过50字符，跳过替换
[QString::FromUtf8] 原始字符串: Navigator Scale: 1 pixel = 1024 bytes; Range: 0000000000000000-000000000016CE08
[QString::FromUtf8] 长度超过50字符，跳过替换
[QString::FromUtf8] 原始字符串: Function name
[QString::FromUtf8] 原始字符串: Segment
[QString::FromUtf8] 原始字符串: Start
[QString::FromUtf8] 原始字符串: Length
[QString::FromUtf8] 原始字符串: Locals
[QString::FromUtf8] 原始字符串: Arguments
[QString::FromUtf8] 原始字符串: R
[QString::FromUtf8] 原始字符串: F
[QString::FromUtf8] 原始字符串: L
[QString::FromUtf8] 原始字符串: M
[QString::FromUtf8] 原始字符串: O
[QString::FromUtf8] 原始字符串: S
[QString::FromUtf8] 原始字符串: B
[QString::FromUtf8] 原始字符串: T
[QString::FromUtf8] 原始字符串: =
[QString::FromUtf8] 原始字符串: X
[QString::FromUtf8] 原始字符串: Navigator Scale: 1 pixel = 1024 bytes; Range: 0000000000000000-000000000016CE08
[QString::FromUtf8] 长度超过50字符，跳过替换
[QString::FromUtf8] 原始字符串: Navigator Scale: 1 pixel = 1024 bytes; Range: 0000000000000000-000000000016CE08
[QString::FromUtf8] 长度超过50字符，跳过替换
[QString::FromUtf8] 原始字符串: Python
[QString::FromUtf8] 原始字符串: Enter any Python expression
[QString::FromUtf8] 原始字符串: Microsoft YaHei UI
[QString::FromUtf8] 原始字符串: Consolas
[QString::FromUtf8] 原始字符串: Consolas
[QString::FromUtf8] 原始字符串: Microsoft YaHei UI
[QString::FromUtf8] 原始字符串: Consolas
[QString::FromUtf8] 原始字符串: Consolas
[QString::FromUtf8] 原始字符串: Consolas
[QString::FromUtf8] 原始字符串: Output window
[QString::FromUtf8] 原始字符串: Output window
[QString::FromUtf8] 原始字符串: Tabular views
[QString::FromUtf8] 原始字符串: Tabular views
[QString::FromUtf8] 原始字符串: Disassembly
[QString::FromUtf8] 原始字符串: Tabular views
[QString::FromUtf8] 原始字符串: Hex view
[QString::FromUtf8] 原始字符串: Disassembly
[QString::FromUtf8] 原始字符串: Tabular views
[QString::FromUtf8] 原始字符串: Disk: 21GB
[QString::FromUtf8] 原始字符串: Plugins
[QString::FromUtf8] 原始字符串: Swift
[QString::FromUtf8] 原始字符串: Swift
[QString::FromUtf8] 原始字符串: SVD file management
[QString::FromUtf8] 原始字符串: SVD file management
[QString::FromUtf8] 原始字符串: Ctrl+Shift+F11
[QString::FromUtf8] 原始字符串: Ctrl+Shift+F11
[QTranslate] 原始字符串: Ctrl
[QTranslate] 原始字符串: Shift
[QTranslate] 原始字符串: Alt
[QTranslate] 原始字符串: Meta
[QTranslate] 原始字符串: Num
[QString::FromUtf8] 原始字符串: Ctrl+Shift+F11
[QTranslate] 原始字符串: Ctrl
[QTranslate] 原始字符串: Shift
[QTranslate] 原始字符串: Alt
[QTranslate] 原始字符串: Meta
[QTranslate] 原始字符串: Num
[QString::FromUtf8] 原始字符串: This plugin is designed to load SVD files
[QString::FromUtf8] 原始字符串: Rust language helper
[QString::FromUtf8] 原始字符串: Rust language helper
[QString::FromUtf8] 原始字符串: Jump to next fixup
[QString::FromUtf8] 原始字符串: Jump to next fixup
[QString::FromUtf8] 原始字符串: Find the next fixup in the code
[QString::FromUtf8] 原始字符串: Change the callee address
[QString::FromUtf8] 原始字符串: Change the callee address
[QString::FromUtf8] 原始字符串: Alt+F11
[QString::FromUtf8] 原始字符串: Alt+F11
[QTranslate] 原始字符串: Ctrl
[QTranslate] 原始字符串: Shift
[QTranslate] 原始字符串: Alt
[QTranslate] 原始字符串: Meta
[QTranslate] 原始字符串: Num
[QString::FromUtf8] 原始字符串: Alt+F11
[QTranslate] 原始字符串: Ctrl
[QTranslate] 原始字符串: Shift
[QTranslate] 原始字符串: Alt
[QTranslate] 原始字符串: Meta
[QTranslate] 原始字符串: Num
[QString::FromUtf8] 原始字符串: Change the callee address
[QString::FromUtf8] 原始字符串: Hex-Rays Decompiler Options
[QString::FromUtf8] 原始字符串: Hex-Rays Decompiler Options
[QString::FromUtf8] 原始字符串: This is a decompilation plugin.
[QString::FromUtf8] 原始字符串: Load DWARF file
[QString::FromUtf8] 原始字符串: Load DWARF file
[QString::FromUtf8] 原始字符串: Load debug information from a DWARF file
[QString::FromUtf8] 原始字符串: stalker trace so
[QString::FromUtf8] 原始字符串: stalker trace so
[QString::FromUtf8] 原始字符串: stalker trace so
[QString::FromUtf8] 原始字符串: Find functions
[QString::FromUtf8] 原始字符串: Find functions
[QString::FromUtf8] 原始字符串: IDA Feeds
[QString::FromUtf8] 原始字符串: IDA Feeds
[QString::FromUtf8] 原始字符串: Ctrl+Shift+F5
[QTranslate] 原始字符串: Ctrl
[QTranslate] 原始字符串: Shift
[QTranslate] 原始字符串: Alt
[QTranslate] 原始字符串: Meta
[QTranslate] 原始字符串: Num
[QString::FromUtf8] 原始字符串: Ctrl+Shift+F5
[QString::FromUtf8] 原始字符串: Ctrl+Shift+F5
[QTranslate] 原始字符串: Ctrl
[QTranslate] 原始字符串: Shift
[QTranslate] 原始字符串: Alt
[QTranslate] 原始字符串: Meta
[QTranslate] 原始字符串: Num
[QString::FromUtf8] 原始字符串: Ctrl+Shift+F5
[QTranslate] 原始字符串: Ctrl
[QTranslate] 原始字符串: Shift
[QTranslate] 原始字符串: Alt
[QTranslate] 原始字符串: Meta
[QTranslate] 原始字符串: Num
[QString::FromUtf8] 原始字符串: Hex-Rays IDA Feeds Plugin
[QString::FromUtf8] 原始字符串: Lumina
[QString::FromUtf8] 原始字符串: Copy pseudocode to disassembly
[QString::FromUtf8] 原始字符串: Open picture
[QString::FromUtf8] 原始字符串: ...     (unassigned)
[QString::FromUtf8] 原始字符串: ...     (unassigned)
[QString::FromUtf8] 原始字符串: ...     (unassigned)
[QString::FromUtf8] 原始字符串: ...     (unassigned)
[QString::FromUtf8] 原始字符串: ...     (unassigned)
[QString::FromUtf8] 原始字符串: ...     (unassigned)
[QString::FromUtf8] 原始字符串: ...     (unassigned)
[QString::FromUtf8] 原始字符串: ...     (unassigned)
[QString::FromUtf8] 原始字符串: Start process
[QString::FromUtf8] 原始字符串: Disassembly
[QString::FromUtf8] 原始字符串: Disassembly
[QString::FromUtf8] 原始字符串: Set t&ype...
[QString::FromUtf8] 原始字符串: Undo 
[QString::FromUtf8] 原始字符串: Redo 
[QString::FromUtf8] 原始字符串: Disable undo
[QString::FromUtf8] 原始字符串: Metadata History
[QString::FromUtf8] 原始字符串: Copy pseudocode to disassembly
[QString::FromUtf8] 原始字符串: Open picture
[QString::FromUtf8] 原始字符串: ...     (unassigned)
[QString::FromUtf8] 原始字符串: ...     (unassigned)
[QString::FromUtf8] 原始字符串: ...     (unassigned)
[QString::FromUtf8] 原始字符串: ...     (unassigned)
[QString::FromUtf8] 原始字符串: ...     (unassigned)
[QString::FromUtf8] 原始字符串: ...     (unassigned)
[QString::FromUtf8] 原始字符串: ...     (unassigned)
[QString::FromUtf8] 原始字符串: ...     (unassigned)
[QString::FromUtf8] 原始字符串: Start process
[QString::FromUtf8] 原始字符串: Disassembly
[QString::FromUtf8] 原始字符串: Disassembly
[QString::FromUtf8] 原始字符串: Set t&ype...
[QString::FromUtf8] 原始字符串: Undo 
[QString::FromUtf8] 原始字符串: Redo 
[QString::FromUtf8] 原始字符串: Disable undo
[QString::FromUtf8] 原始字符串: Metadata History
[QString::FromUtf8] 原始字符串: Function name
[QString::FromUtf8] 原始字符串: Segment
[QString::FromUtf8] 原始字符串: Start
[QString::FromUtf8] 原始字符串: Length
[QString::FromUtf8] 原始字符串: Locals
[QString::FromUtf8] 原始字符串: Arguments
[QString::FromUtf8] 原始字符串: R
[QString::FromUtf8] 原始字符串: F
[QString::FromUtf8] 原始字符串: L
[QString::FromUtf8] 原始字符串: M
[QString::FromUtf8] 原始字符串: O
[QString::FromUtf8] 原始字符串: S
[QString::FromUtf8] 原始字符串: B
[QString::FromUtf8] 原始字符串: T
[QString::FromUtf8] 原始字符串: =
[QString::FromUtf8] 原始字符串: X
[QString::FromUtf8] 原始字符串: Name
[QString::FromUtf8] 原始字符串: Size
[QString::FromUtf8] 原始字符串: Ordinal
[QString::FromUtf8] 原始字符串: Address
[QString::FromUtf8] 原始字符串: Ordinal
[QString::FromUtf8] 原始字符串: Name
[QString::FromUtf8] 原始字符串: .dynsym
[QString::FromUtf8] 原始字符串: Name
[QString::FromUtf8] 原始字符串: Address
[QString::FromUtf8] 原始字符串: Ordinal
[QString::FromUtf8] 原始字符串:   0. Creating a new segment  (0000000000000000-0000000000004CA0) ... ... OK
[QString::FromUtf8] 长度超过50字符，跳过替换
[QString::FromUtf8] 原始字符串:   1. Creating a new segment  (0000000000014D08-0000000000015090) ... ... OK
[QString::FromUtf8] 长度超过50字符，跳过替换
[QString::FromUtf8] 原始字符串:   2. Creating a new segment  (0000000000026000-0000000000027000) ... ... OK
[QString::FromUtf8] 长度超过50字符，跳过替换
[QString::FromUtf8] 原始字符串:   3. Creating a new segment  (0000000000047000-000000000016C6D0) ... ... OK
[QString::FromUtf8] 长度超过50字符，跳过替换
[QString::FromUtf8] 原始字符串: Assuming __fastcall calling convention by default
[QString::FromUtf8] 原始字符串: Type library 'gnulnx_arm64' loaded. Applying types...
[QString::FromUtf8] 长度超过50字符，跳过替换
[QString::FromUtf8] 原始字符串: Types applied to 0 names.
[QString::FromUtf8] 原始字符串:   4. Creating a new segment  (000000000016C6D0-000000000016D158) ... ... OK
[QString::FromUtf8] 长度超过50字符，跳过替换
[QString::FromUtf8] 原始字符串: Processing relocations...
[QString::FromUtf8] 原始字符串: Flushing buffers, please wait...ok
[QString::FromUtf8] 原始字符串: File 'E:\\code\\逆向\\android\\case-studies\\imoutai\\hooks\\libDexHelper_fixed.so' has been successfully loaded into the database.
[QString::FromUtf8] 长度超过50字符，跳过替换
[QString::FromUtf8] 原始字符串: Flushing buffers, please wait...ok
[QString::FromUtf8] 原始字符串: Hex-Rays Decompiler plugin has been loaded (v9.3.0.251224)
[QString::FromUtf8] 长度超过50字符，跳过替换
[QString::FromUtf8] 原始字符串:   The hotkeys are F5: decompile, Ctrl-F5: decompile all.
[QString::FromUtf8] 长度超过50字符，跳过替换
[QString::FromUtf8] 原始字符串:   Please check the Edit/Plugins menu for more information.
[QString::FromUtf8] 长度超过50字符，跳过替换
[QString::FromUtf8] 原始字符串: Hex-rays version 9.3.0.251224 has been detected, gooMBA plugin ready to use
[QString::FromUtf8] 长度超过50字符，跳过替换
[QString::FromUtf8] 原始字符串: Using type parser: legacy
[QString::FromUtf8] 原始字符串: IDA is analysing the input file...
[QString::FromUtf8] 原始字符串: You may start to explore the input file right now.
[QString::FromUtf8] 原始字符串: LOAD:0000000000002B10 ; ---------------------------------------------------------------------------
[QString::FromUtf8] 长度超过50字符，跳过替换
[QString::FromUtf8] 原始字符串: LOAD:0000000000002B10
[QString::FromUtf8] 原始字符串: LOAD:0000000000002B10                 EXPORT start
[QString::FromUtf8] 原始字符串: LOAD:0000000000002B10 start
[QString::FromUtf8] 原始字符串: LOAD:0000000000002B10                 ADRL            X0, unk_15000
[QString::FromUtf8] 长度超过50字符，跳过替换
[QString::FromUtf8] 原始字符串: LOAD:0000000000002B18                 B               unk_29C0
[QString::FromUtf8] 长度超过50字符，跳过替换
[QString::FromUtf8] 原始字符串: LOAD:0000000000002B18 ; ---------------------------------------------------------------------------
[QString::FromUtf8] 长度超过50字符，跳过替换
[QString::FromUtf8] 原始字符串: LOAD:0000000000002B1C                 DCB 0xFF
[QString::FromUtf8] 原始字符串: LOAD:0000000000002B1D                 DCB 0x43 ; C
[QString::FromUtf8] 原始字符串: LOAD:0000000000002B1E                 DCB    0
[QString::FromUtf8] 原始字符串: LOAD:0000000000002B1F                 DCB 0xD1
[QString::FromUtf8] 原始字符串: LOAD:0000000000002B20                 DCB 0xC4
[QString::FromUtf8] 原始字符串: LOAD:0000000000002B21                 DCB    3
[QString::FromUtf8] 原始字符串: LOAD:0000000000002B22                 DCB 0x80
[QString::FromUtf8] 原始字符串: LOAD:0000000000002B23                 DCB 0x52 ; R
[QString::FromUtf8] 原始字符串: LOAD:0000000000002B24                 DCB 0x23 ; #
[QString::FromUtf8] 原始字符串: LOAD:0000000000002B25                 DCB 0x22 ; "
[QString::FromUtf8] 原始字符串: LOAD:0000000000002B26                 DCB 0x80
[QString::FromUtf8] 原始字符串: LOAD:0000000000002B27                 DCB 0x52 ; R
[QString::FromUtf8] 原始字符串: LOAD:0000000000002B28                 DCB 0xC5
[QString::FromUtf8] 原始字符串: LOAD:0000000000002B29                 DCB    8
[QString::FromUtf8] 原始字符串: LOAD:0000000000002B2A                 DCB 0x80
[QString::FromUtf8] 原始字符串: LOAD:0000000000002B2B                 DCB 0x52 ; R
[QString::FromUtf8] 原始字符串: LOAD:0000000000002B2C                 DCB 0xC7
[QString::FromUtf8] 原始字符串: LOAD:0000000000002B2D                 DCB    0
[QString::FromUtf8] 原始字符串: LOAD:0000000000002B2E                 DCB 0x80
[QString::FromUtf8] 原始字符串: LOAD:0000000000002B2F                 DCB 0x52 ; R
[QString::FromUtf8] 原始字符串: LOAD:0000000000002B30                 DCB 0xC6
[QString::FromUtf8] 原始字符串: LOAD:0000000000002B31                 DCB 0x1A
[QString::FromUtf8] 原始字符串: LOAD:0000000000002B32                 DCB 0x80
[QString::FromUtf8] 原始字符串: LOAD:0000000000002B33                 DCB 0x52 ; R
[QString::FromUtf8] 原始字符串: LOAD:0000000000002B34                 DCB 0xFF
[QString::FromUtf8] 原始字符串: LOAD:0000000000002B35                 DCB    7
[QString::FromUtf8] 原始字符串: LOAD:0000000000002B36                 DCB    0
[QString::FromUtf8] 原始字符串: LOAD:0000000000002B37                 DCB 0xB9
[QString::FromUtf8] 原始字符串: LOAD:0000000000002B38                 DCB 0xE4
[QString::FromUtf8] 原始字符串: LOAD:0000000000002B39                 DCB  0xB
[QString::FromUtf8] 原始字符串: LOAD:0000000000002B3A                 DCB    0
[QString::FromUtf8] 原始字符串: LOAD:0000000000002B3B                 DCB 0xB9
[QString::FromUtf8] 原始字符串: LOAD:0000000000002B3C                 DCB 0xE3
[QString::FromUtf8] 原始字符串: LOAD:0000000000002B3D                 DCB  0xF
[QString::FromUtf8] 原始字符串: LOAD:0000000000002B3E                 DCB    0
[QString::FromUtf8] 原始字符串: LOAD:0000000000002B3F                 DCB 0xB9
[QString::FromUtf8] 原始字符串: LOAD:0000000000002B40                 DCB 0xE3
[QString::FromUtf8] 原始字符串: LOAD:0000000000002B41                 DCB  0xF
[QString::FromUtf8] 原始字符串: 0000000000002B10: LOAD:start
[QString::FromUtf8] 原始字符串: 00002B10
[QString::FromUtf8] 原始字符串: Open picture
[QString::FromUtf8] 原始字符串: ...     (unassigned)
[QString::FromUtf8] 原始字符串: ...     (unassigned)
[QString::FromUtf8] 原始字符串: ...     (unassigned)
[QString::FromUtf8] 原始字符串: ...     (unassigned)
[QString::FromUtf8] 原始字符串: ...     (unassigned)
[QString::FromUtf8] 原始字符串: ...     (unassigned)
[QString::FromUtf8] 原始字符串: ...     (unassigned)
[QString::FromUtf8] 原始字符串: ...     (unassigned)
[QString::FromUtf8] 原始字符串: Start process
[QString::FromUtf8] 原始字符串: Disassembly
[QString::FromUtf8] 原始字符串: Disassembly
[QString::FromUtf8] 原始字符串: Set t&ype...
[QString::FromUtf8] 原始字符串: Undo 
[QString::FromUtf8] 原始字符串: Redo 
[QString::FromUtf8] 原始字符串: Disable undo
[QString::FromUtf8] 原始字符串: Metadata History
[QString::FromUtf8] 原始字符串: sleep
[QString::FromUtf8] 原始字符串: extern
[QString::FromUtf8] 原始字符串: mprotect
[QString::FromUtf8] 原始字符串: extern
[QString::FromUtf8] 原始字符串: pthread_detach
[QString::FromUtf8] 原始字符串: extern
[QString::FromUtf8] 原始字符串: sem_wait
[QString::FromUtf8] 原始字符串: extern
[QString::FromUtf8] 原始字符串: __strrchr_chk
[QString::FromUtf8] 原始字符串: extern
[QString::FromUtf8] 原始字符串: deflateEnd
[QString::FromUtf8] 原始字符串: extern
[QString::FromUtf8] 原始字符串: pthread_mutex_destroy
[QString::FromUtf8] 原始字符串: extern
[QString::FromUtf8] 原始字符串: pipe
[QString::FromUtf8] 原始字符串: extern
[QString::FromUtf8] 原始字符串: atoi
[QString::FromUtf8] 原始字符串: extern
[QString::FromUtf8] 原始字符串: pthread_create
[QString::FromUtf8] 原始字符串: extern
[QString::FromUtf8] 原始字符串: wait
[QString::FromUtf8] 原始字符串: extern
[QString::FromUtf8] 原始字符串: strnlen
[QString::FromUtf8] 原始字符串: extern
[QString::FromUtf8] 原始字符串: pthread_join
[QString::FromUtf8] 原始字符串: extern
[QString::FromUtf8] 原始字符串: strtoull
[QString::FromUtf8] 原始字符串: extern
[QString::FromUtf8] 原始字符串: realloc
[QString::FromUtf8] 原始字符串: extern
[QString::FromUtf8] 原始字符串: gettid
[QString::FromUtf8] 原始字符串: extern
[QString::FromUtf8] 原始字符串: open
[QString::FromUtf8] 原始字符串: extern
[QString::FromUtf8] 原始字符串: pthread_key_create
[QString::FromUtf8] 原始字符串: extern
[QString::FromUtf8] 原始字符串: printf
[QString::FromUtf8] 原始字符串: extern
[QString::FromUtf8] 原始字符串: __vsnprintf_chk
[QString::FromUtf8] 原始字符串: extern
[QString::FromUtf8] 原始字符串: __strlcpy_chk
[QString::FromUtf8] 原始字符串: extern
[QString::FromUtf8] 原始字符串: sem_post
[QString::FromUtf8] 原始字符串: extern
[QString::FromUtf8] 原始字符串: inflate
[QString::FromUtf8] 原始字符串: extern
[QString::FromUtf8] 原始字符串: pthread_mutex_trylock
[QString::FromUtf8] 原始字符串: extern
[QString::FromUtf8] 原始字符串: pthread_once
[QString::FromUtf8] 原始字符串: extern
[QString::FromUtf8] 原始字符串: __cxa_finalize
[QString::FromUtf8] 原始字符串: extern
[QString::FromUtf8] 原始字符串: ftell
[QString::FromUtf8] 原始字符串: extern
[QString::FromUtf8] 原始字符串: regcomp
[QString::FromUtf8] 原始字符串: extern
[QString::FromUtf8] 原始字符串: ptrace
[QString::FromUtf8] 原始字符串: extern
[QString::FromUtf8] 原始字符串: siglongjmp
[QString::FromUtf8] 原始字符串: extern
[QString::FromUtf8] 原始字符串: mkdir
[QString::FromUtf8] 原始字符串: extern
[QString::FromUtf8] 原始字符串: calloc
[QString::FromUtf8] 原始字符串: extern
[QString::FromUtf8] 原始字符串: wcstof
[QString::FromUtf8] 原始字符串: extern
[QString::FromUtf8] 原始字符串: fread
[QString::FromUtf8] 原始字符串: extern
[QString::FromUtf8] 原始字符串: syslog
[QString::FromUtf8] 原始字符串: extern
[QString::FromUtf8] 原始字符串: pthread_cond_destroy
[QString::FromUtf8] 原始字符串: extern
[QString::FromUtf8] 原始字符串: inflateInit2_
[QString::FromUtf8] 原始字符串: extern
[QString::FromUtf8] 原始字符串: Function name
[QString::FromUtf8] 原始字符串: Segment
[QString::FromUtf8] 原始字符串:  @:0000000000002B10
[QString::FromUtf8] 原始字符串: READY
[QString::FromUtf8] 原始字符串: sleep
[QString::FromUtf8] 原始字符串: extern
[QString::FromUtf8] 原始字符串: mprotect
[QString::FromUtf8] 原始字符串: extern
[QString::FromUtf8] 原始字符串: pthread_detach
[QString::FromUtf8] 原始字符串: extern
[QString::FromUtf8] 原始字符串: sem_wait
[QString::FromUtf8] 原始字符串: extern
[QString::FromUtf8] 原始字符串: __strrchr_chk
[QString::FromUtf8] 原始字符串: extern
[QString::FromUtf8] 原始字符串: deflateEnd
[QString::FromUtf8] 原始字符串: extern
[QString::FromUtf8] 原始字符串: pthread_mutex_destroy
[QString::FromUtf8] 原始字符串: extern
[QString::FromUtf8] 原始字符串: pipe
[QString::FromUtf8] 原始字符串: extern
[QString::FromUtf8] 原始字符串: atoi
[QString::FromUtf8] 原始字符串: extern
[QString::FromUtf8] 原始字符串: pthread_create
[QString::FromUtf8] 原始字符串: extern
[QString::FromUtf8] 原始字符串: wait
[QString::FromUtf8] 原始字符串: extern
[QString::FromUtf8] 原始字符串: strnlen
[QString::FromUtf8] 原始字符串: extern
[QString::FromUtf8] 原始字符串: pthread_join
[QString::FromUtf8] 原始字符串: extern
[QString::FromUtf8] 原始字符串: strtoull
[QString::FromUtf8] 原始字符串: extern
[QString::FromUtf8] 原始字符串: realloc
[QString::FromUtf8] 原始字符串: extern
[QString::FromUtf8] 原始字符串: gettid
[QString::FromUtf8] 原始字符串: extern
[QString::FromUtf8] 原始字符串: open
[QString::FromUtf8] 原始字符串: extern
[QString::FromUtf8] 原始字符串: pthread_key_create
[QString::FromUtf8] 原始字符串: extern
[QString::FromUtf8] 原始字符串: printf
[QString::FromUtf8] 原始字符串: extern
[QString::FromUtf8] 原始字符串: __vsnprintf_chk
[QString::FromUtf8] 原始字符串: extern
[QString::FromUtf8] 原始字符串: __strlcpy_chk
[QString::FromUtf8] 原始字符串: extern
[QString::FromUtf8] 原始字符串: sem_post
[QString::FromUtf8] 原始字符串: extern
[QString::FromUtf8] 原始字符串: inflate
[QString::FromUtf8] 原始字符串: extern
[QString::FromUtf8] 原始字符串: pthread_mutex_trylock
[QString::FromUtf8] 原始字符串: extern
[QString::FromUtf8] 原始字符串: pthread_once
[QString::FromUtf8] 原始字符串: extern
[QString::FromUtf8] 原始字符串: __cxa_finalize
[QString::FromUtf8] 原始字符串: extern
[QString::FromUtf8] 原始字符串: ftell
[QString::FromUtf8] 原始字符串: extern
[QString::FromUtf8] 原始字符串: regcomp
[QString::FromUtf8] 原始字符串: extern
[QString::FromUtf8] 原始字符串: ptrace
[QString::FromUtf8] 原始字符串: extern
[QString::FromUtf8] 原始字符串: siglongjmp
[QString::FromUtf8] 原始字符串: extern
[QString::FromUtf8] 原始字符串: mkdir
[QString::FromUtf8] 原始字符串: extern
[QString::FromUtf8] 原始字符串: calloc
[QString::FromUtf8] 原始字符串: extern
[QString::FromUtf8] 原始字符串: wcstof
[QString::FromUtf8] 原始字符串: extern
[QString::FromUtf8] 原始字符串: fread
[QString::FromUtf8] 原始字符串: extern
[QString::FromUtf8] 原始字符串: syslog
[QString::FromUtf8] 原始字符串: extern
[QString::FromUtf8] 原始字符串: pthread_cond_destroy
[QString::FromUtf8] 原始字符串: extern
[QString::FromUtf8] 原始字符串: inflateInit2_
[QString::FromUtf8] 原始字符串: extern
[QString::FromUtf8] 原始字符串: Function name
[QString::FromUtf8] 原始字符串: Segment
[QString::FromUtf8] 原始字符串: Navigator Scale: 1 pixel = 1024 bytes; Range: 0000000000000000-000000000016CE08
[QString::FromUtf8] 长度超过50字符，跳过替换
[QString::FromUtf8] 原始字符串: Navigator Scale: 1 pixel = 1024 bytes; Range: 0000000000000000-000000000016CE08
[QString::FromUtf8] 长度超过50字符，跳过替换
[QString::FromUtf8] 原始字符串: Python
[QString::FromUtf8] 原始字符串: Enter any Python expression
[QString::FromUtf8] 原始字符串: Microsoft YaHei UI
[QString::FromUtf8] 原始字符串: Consolas
[QString::FromUtf8] 原始字符串: Consolas
[QString::FromUtf8] 原始字符串: Microsoft YaHei UI
[QString::FromUtf8] 原始字符串: Consolas
[QString::FromUtf8] 原始字符串: Consolas
[QString::FromUtf8] 原始字符串: Consolas
[QString::FromUtf8] 原始字符串: Output window
[QString::FromUtf8] 原始字符串: Output window
[QString::FromUtf8] 原始字符串: Tabular views
[QString::FromUtf8] 原始字符串: Tabular views
[QString::FromUtf8] 原始字符串: Disassembly
[QString::FromUtf8] 原始字符串: Tabular views
[QString::FromUtf8] 原始字符串: Hex view
[QString::FromUtf8] 原始字符串: Disassembly
[QString::FromUtf8] 原始字符串: Tabular views
[QString::FromUtf8] 原始字符串: -----------------------------------------------------------------------------------------
[QString::FromUtf8] 长度超过50字符，跳过替换
[QString::FromUtf8] 原始字符串: Python 3.12.3 (tags/v3.12.3:f6650f9, Apr  9 2024, 14:05:25) [MSC v.1938 64 bit (AMD64)] 
[QString::FromUtf8] 长度超过50字符，跳过替换
[QString::FromUtf8] 原始字符串: IDAPython 64-bit v9.3.0 (c) The IDAPython Team <idapython@googlegroups.com>
[QString::FromUtf8] 长度超过50字符，跳过替换
[QString::FromUtf8] 原始字符串: -----------------------------------------------------------------------------------------
[QString::FromUtf8] 长度超过50字符，跳过替换
[QString::FromUtf8] 原始字符串: LOAD:0000000000002B10
[QString::FromUtf8] 原始字符串: LOAD:0000000000002B10 ; =============== S U B R O U T I N E =======================================
[QString::FromUtf8] 长度超过50字符，跳过替换
[QString::FromUtf8] 原始字符串: LOAD:0000000000002B10
[QString::FromUtf8] 原始字符串: LOAD:0000000000002B10
[QString::FromUtf8] 原始字符串: LOAD:0000000000002B10                 EXPORT start
[QString::FromUtf8] 原始字符串: LOAD:0000000000002B10 start                                   ; DATA XREF: LOAD:0000000000000018↑o
[QString::FromUtf8] 长度超过50字符，跳过替换
[QString::FromUtf8] 原始字符串: LOAD:0000000000002B10                 ADRL            X0, unk_15000
[QString::FromUtf8] 长度超过50字符，跳过替换
[QString::FromUtf8] 原始字符串: LOAD:0000000000002B18                 B               deflateEnd
[QString::FromUtf8] 长度超过50字符，跳过替换
[QString::FromUtf8] 原始字符串: LOAD:0000000000002B18 ; End of function start
[QString::FromUtf8] 原始字符串: LOAD:0000000000002B18
[QString::FromUtf8] 原始字符串: LOAD:0000000000002B1C ; ---------------------------------------------------------------------------
[QString::FromUtf8] 长度超过50字符，跳过替换
[QString::FromUtf8] 原始字符串: LOAD:0000000000002B1C
[QString::FromUtf8] 原始字符串: LOAD:0000000000002B1C loc_2B1C                                ; CODE XREF: LOAD:0000000000003728↓p
[QString::FromUtf8] 长度超过50字符，跳过替换
[QString::FromUtf8] 原始字符串: LOAD:0000000000002B1C                                         ; LOAD:0000000000004064↓p ...
[QString::FromUtf8] 长度超过50字符，跳过替换
[QString::FromUtf8] 原始字符串: LOAD:0000000000002B1C                 SUB             SP, SP, #0x10
[QString::FromUtf8] 长度超过50字符，跳过替换
[QString::FromUtf8] 原始字符串: LOAD:0000000000002B20                 MOV             W4, #0x1E
[QString::FromUtf8] 长度超过50字符，跳过替换
[QString::FromUtf8] 原始字符串: LOAD:0000000000002B24                 MOV             W3, #0x111
[QString::FromUtf8] 长度超过50字符，跳过替换
[QString::FromUtf8] 原始字符串: LOAD:0000000000002B28                 MOV             W5, #0x46 ; 'F'
[QString::FromUtf8] 长度超过50字符，跳过替换
[QString::FromUtf8] 原始字符串: LOAD:0000000000002B2C                 MOV             W7, #6
[QString::FromUtf8] 长度超过50字符，跳过替换
[QString::FromUtf8] 原始字符串: LOAD:0000000000002B30                 MOV             W6, #0xD6
[QString::FromUtf8] 长度超过50字符，跳过替换
[QString::FromUtf8] 原始字符串: LOAD:0000000000002B34                 STR             WZR, [SP,#4]
[QString::FromUtf8] 长度超过50字符，跳过替换
[QString::FromUtf8] 原始字符串: LOAD:0000000000002B38                 STR             W4, [SP,#8]
[QString::FromUtf8] 长度超过50字符，跳过替换
[QString::FromUtf8] 原始字符串: LOAD:0000000000002B3C                 STR             W3, [SP,#0xC]
[QString::FromUtf8] 长度超过50字符，跳过替换
[QString::FromUtf8] 原始字符串: LOAD:0000000000002B40
[QString::FromUtf8] 原始字符串: LOAD:0000000000002B40 loc_2B40                                ; CODE XREF: LOAD:0000000000002B64↓j
[QString::FromUtf8] 长度超过50字符，跳过替换
[QString::FromUtf8] 原始字符串: LOAD:0000000000002B40                                         ; LOAD:0000000000002BE0↓j ...
[QString::FromUtf8] 长度超过50字符，跳过替换
[QString::FromUtf8] 原始字符串: LOAD:0000000000002B40                 LDR             W3, [SP,#0xC]
[QString::FromUtf8] 长度超过50字符，跳过替换
[QString::FromUtf8] 原始字符串: LOAD:0000000000002B44                 CMP             W3, #0x46 ; 'F'
[QString::FromUtf8] 长度超过50字符，跳过替换
[QString::FromUtf8] 原始字符串: LOAD:0000000000002B48                 B.EQ            loc_2B9C
[QString::FromUtf8] 长度超过50字符，跳过替换
[QString::FromUtf8] 原始字符串: LOAD:0000000000002B4C
[QString::FromUtf8] 原始字符串: LOAD:0000000000002B4C loc_2B4C                                ; CODE XREF: LOAD:0000000000002B98↓j
[QString::FromUtf8] 长度超过50字符，跳过替换
[QString::FromUtf8] 原始字符串: LOAD:0000000000002B4C                 LDR             W3, [SP,#0xC]
[QString::FromUtf8] 长度超过50字符，跳过替换
[QString::FromUtf8] 原始字符串: LOAD:0000000000002B50                 CMP             W3, #0x105
[QString::FromUtf8] 长度超过50字符，跳过替换
[QString::FromUtf8] 原始字符串: LOAD:0000000000002B54                 B.EQ            loc_2BE4
[QString::FromUtf8] 长度超过50字符，跳过替换
[QString::FromUtf8] 原始字符串: LOAD:0000000000002B58                 CMP             W3, #0x111
[QString::FromUtf8] 长度超过50字符，跳过替换
[QString::FromUtf8] 原始字符串: LOAD:0000000000002B5C                 B.EQ            loc_2BD8
[QString::FromUtf8] 长度超过50字符，跳过替换
[QString::FromUtf8] 原始字符串: LOAD:0000000000002B60                 CMP             W3, #0x15
[QString::FromUtf8] 长度超过50字符，跳过替换
[QString::FromUtf8] 原始字符串: LOAD:0000000000002B64                 B.NE            loc_2B40
[QString::FromUtf8] 长度超过50字符，跳过替换
[QString::FromUtf8] 原始字符串: LOAD:0000000000002B68                 LDR             W3, [SP,#0xC]
[QString::FromUtf8] 长度超过50字符，跳过替换
[QString::FromUtf8] 原始字符串: LOAD:0000000000002B6C                 ADD             W3, W3, W3,LSL#2
[QString::FromUtf8] 长度超过50字符，跳过替换
[QString::FromUtf8] 原始字符串: LOAD:0000000000002B70                 LSL             W3, W3, #2
[QString::FromUtf8] 长度超过50字符，跳过替换
[QString::FromUtf8] 原始字符串: LOAD:0000000000002B74                 ADD             W3, W3, #0x74 ; 't'
[QString::FromUtf8] 长度超过50字符，跳过替换
[QString::FromUtf8] 原始字符串: LOAD:0000000000002B78                 STR             W3, [SP,#0xC]
[QString::FromUtf8] 长度超过50字符，跳过替换
[QString::FromUtf8] 原始字符串: LOAD:0000000000002B7C                 ADD             SP, SP, #0x40 ; '@'
[QString::FromUtf8] 长度超过50字符，跳过替换
[QString::FromUtf8] 原始字符串: LOAD:0000000000002B80                 LDR             W3, [SP,#0xC]
[QString::FromUtf8] 长度超过50字符，跳过替换
[QString::FromUtf8] 原始字符串: 0000000000002B10: start
[QString::FromUtf8] 原始字符串: 00002B10
[QString::FromUtf8] 原始字符串: Open picture
[QString::FromUtf8] 原始字符串: ...     (unassigned)
[QString::FromUtf8] 原始字符串: ...     (unassigned)
[QString::FromUtf8] 原始字符串: ...     (unassigned)
[QString::FromUtf8] 原始字符串: ...     (unassigned)
[QString::FromUtf8] 原始字符串: ...     (unassigned)
[QString::FromUtf8] 原始字符串: ...     (unassigned)
[QString::FromUtf8] 原始字符串: ...     (unassigned)
[QString::FromUtf8] 原始字符串: ...     (unassigned)
[QString::FromUtf8] 原始字符串: Start process
[QString::FromUtf8] 原始字符串: Disassembly
[QString::FromUtf8] 原始字符串: Disassembly
[QString::FromUtf8] 原始字符串: Set t&ype...
[QString::FromUtf8] 原始字符串: Undo 
[QString::FromUtf8] 原始字符串: Redo 
[QString::FromUtf8] 原始字符串: Disable undo
[QString::FromUtf8] 原始字符串: Revert function start
[QString::FromUtf8] 原始字符串: Metadata History
[QString::FromUtf8] 原始字符串: AC:0000000000002BB4
[QString::FromUtf8] 原始字符串: THINKING
[QString::FromUtf8] 原始字符串: LOAD:0000000000002B10
[QString::FromUtf8] 原始字符串: LOAD:0000000000002B10 ; =============== S U B R O U T I N E =======================================
[QString::FromUtf8] 长度超过50字符，跳过替换
[QString::FromUtf8] 原始字符串: LOAD:0000000000002B10
[QString::FromUtf8] 原始字符串: LOAD:0000000000002B10
[QString::FromUtf8] 原始字符串: LOAD:0000000000002B10                 EXPORT start
[QString::FromUtf8] 原始字符串: LOAD:0000000000002B10 start                                   ; DATA XREF: LOAD:0000000000000018↑o
[QString::FromUtf8] 长度超过50字符，跳过替换
[QString::FromUtf8] 原始字符串: LOAD:0000000000002B10                 ADRL            X0, unk_15000
[QString::FromUtf8] 长度超过50字符，跳过替换
[QString::FromUtf8] 原始字符串: LOAD:0000000000002B18                 B               deflateEnd
[QString::FromUtf8] 长度超过50字符，跳过替换
[QString::FromUtf8] 原始字符串: LOAD:0000000000002B18 ; End of function start
[QString::FromUtf8] 原始字符串: LOAD:0000000000002B18
[QString::FromUtf8] 原始字符串: LOAD:0000000000002B1C
[QString::FromUtf8] 原始字符串: LOAD:0000000000002B1C ; =============== S U B R O U T I N E =======================================
[QString::FromUtf8] 长度超过50字符，跳过替换
[QString::FromUtf8] 原始字符串: LOAD:0000000000002B1C
[QString::FromUtf8] 原始字符串: LOAD:0000000000002B1C
[QString::FromUtf8] 原始字符串: LOAD:0000000000002B1C sub_2B1C                                ; CODE XREF: sub_33F8+C6C↓p
[QString::FromUtf8] 长度超过50字符，跳过替换
[QString::FromUtf8] 原始字符串: LOAD:0000000000002B1C                                         ; sub_33F8+E6C↓p
[QString::FromUtf8] 长度超过50字符，跳过替换
[QString::FromUtf8] 原始字符串: LOAD:0000000000002B1C
[QString::FromUtf8] 原始字符串: LOAD:0000000000002B1C var_C           = -0xC
[QString::FromUtf8] 原始字符串: LOAD:0000000000002B1C var_8           = -8
[QString::FromUtf8] 原始字符串: LOAD:0000000000002B1C var_4           = -4
[QString::FromUtf8] 原始字符串: LOAD:0000000000002B1C arg_38          =  0x38
[QString::FromUtf8] 原始字符串: LOAD:0000000000002B1C arg_3C          =  0x3C
[QString::FromUtf8] 原始字符串: LOAD:0000000000002B1C
[QString::FromUtf8] 原始字符串: LOAD:0000000000002B1C                 SUB             SP, SP, #0x10
[QString::FromUtf8] 长度超过50字符，跳过替换
[QString::FromUtf8] 原始字符串: LOAD:0000000000002B20                 MOV             W4, #0x1E
[QString::FromUtf8] 长度超过50字符，跳过替换
[QString::FromUtf8] 原始字符串: LOAD:0000000000002B24                 MOV             W3, #0x111
[QString::FromUtf8] 长度超过50字符，跳过替换
[QString::FromUtf8] 原始字符串: LOAD:0000000000002B28                 MOV             W5, #0x46 ; 'F'
[QString::FromUtf8] 长度超过50字符，跳过替换
[QString::FromUtf8] 原始字符串: LOAD:0000000000002B2C                 MOV             W7, #6
[QString::FromUtf8] 长度超过50字符，跳过替换
[QString::FromUtf8] 原始字符串: LOAD:0000000000002B30                 MOV             W6, #0xD6
[QString::FromUtf8] 长度超过50字符，跳过替换
[QString::FromUtf8] 原始字符串: LOAD:0000000000002B34                 STR             WZR, [SP,#0x10+var_C]
[QString::FromUtf8] 长度超过50字符，跳过替换
[QString::FromUtf8] 原始字符串: LOAD:0000000000002B38                 STR             W4, [SP,#0x10+var_8]
[QString::FromUtf8] 长度超过50字符，跳过替换
[QString::FromUtf8] 原始字符串: LOAD:0000000000002B3C                 STR             W3, [SP,#0x10+var_4]
[QString::FromUtf8] 长度超过50字符，跳过替换
[QString::FromUtf8] 原始字符串: LOAD:0000000000002B40
[QString::FromUtf8] 原始字符串: LOAD:0000000000002B40 loc_2B40                                ; CODE XREF: sub_2B1C+48↓j
[QString::FromUtf8] 长度超过50字符，跳过替换
[QString::FromUtf8] 原始字符串: LOAD:0000000000002B40                                         ; sub_2B1C+C4↓j ...
[QString::FromUtf8] 长度超过50字符，跳过替换
[QString::FromUtf8] 原始字符串: LOAD:0000000000002B40                 LDR             W3, [SP,#0x10+var_4]
[QString::FromUtf8] 长度超过50字符，跳过替换
[QString::FromUtf8] 原始字符串: LOAD:0000000000002B44                 CMP             W3, #0x46 ; 'F'
[QString::FromUtf8] 长度超过50字符，跳过替换
[QString::FromUtf8] 原始字符串: LOAD:0000000000002B48                 B.EQ            loc_2B9C
[QString::FromUtf8] 长度超过50字符，跳过替换
[QString::FromUtf8] 原始字符串: LOAD:0000000000002B4C
[QString::FromUtf8] 原始字符串: LOAD:0000000000002B4C loc_2B4C                                ; CODE XREF: sub_2B1C+7C↓j
[QString::FromUtf8] 长度超过50字符，跳过替换
[QString::FromUtf8] 原始字符串: LOAD:0000000000002B4C                 LDR             W3, [SP,#0x10+var_4]
[QString::FromUtf8] 长度超过50字符，跳过替换
[QString::FromUtf8] 原始字符串: LOAD:0000000000002B50                 CMP             W3, #0x105
[QString::FromUtf8] 长度超过50字符，跳过替换
[QString::FromUtf8] 原始字符串: LOAD:0000000000002B54                 B.EQ            loc_2BE4
[QString::FromUtf8] 长度超过50字符，跳过替换
[QString::FromUtf8] 原始字符串: LOAD:0000000000002B58                 CMP             W3, #0x111
[QString::FromUtf8] 长度超过50字符，跳过替换
[QString::FromUtf8] 原始字符串: LOAD:0000000000002B5C                 B.EQ            loc_2BD8
[QString::FromUtf8] 长度超过50字符，跳过替换
[QString::FromUtf8] 原始字符串: 0000000000002B10: start
[QString::FromUtf8] 原始字符串: 00002B10
[QString::FromUtf8] 原始字符串: Open picture
[QString::FromUtf8] 原始字符串: ...     (unassigned)
[QString::FromUtf8] 原始字符串: ...     (unassigned)
[QString::FromUtf8] 原始字符串: ...     (unassigned)
[QString::FromUtf8] 原始字符串: ...     (unassigned)
[QString::FromUtf8] 原始字符串: ...     (unassigned)
[QString::FromUtf8] 原始字符串: ...     (unassigned)
[QString::FromUtf8] 原始字符串: ...     (unassigned)
[QString::FromUtf8] 原始字符串: ...     (unassigned)
[QString::FromUtf8] 原始字符串: Start process
[QString::FromUtf8] 原始字符串: Disassembly
[QString::FromUtf8] 原始字符串: Disassembly
[QString::FromUtf8] 原始字符串: Set t&ype...
[QString::FromUtf8] 原始字符串: Undo 
[QString::FromUtf8] 原始字符串: Redo 
[QString::FromUtf8] 原始字符串: Disable undo
[QString::FromUtf8] 原始字符串: Revert function start
[QString::FromUtf8] 原始字符串: Metadata History
[QString::FromUtf8] 原始字符串: AC:00000000000047F0
[QString::FromUtf8] 原始字符串: Elf64_Sym
[QString::FromUtf8] 原始字符串: 00000018
[QString::FromUtf8] 原始字符串: 1
[QString::FromUtf8] 原始字符串: Name
[QString::FromUtf8] 原始字符串: Size
[QString::FromUtf8] 原始字符串: Ordinal
[QString::FromUtf8] 原始字符串: Propagating type information...
[QString::FromUtf8] 原始字符串: EXPORT start
[QString::FromUtf8] 原始字符串: start
[QString::FromUtf8] 原始字符串: ADRL            X0, unk_15000
[QString::FromUtf8] 原始字符串: B               deflateEnd
[QString::FromUtf8] 原始字符串: ; End of function start
[QString::FromUtf8] 原始字符串: Open picture
[QString::FromUtf8] 原始字符串: ...     (unassigned)
[QString::FromUtf8] 原始字符串: ...     (unassigned)
[QString::FromUtf8] 原始字符串: ...     (unassigned)
[QString::FromUtf8] 原始字符串: ...     (unassigned)
[QString::FromUtf8] 原始字符串: ...     (unassigned)
[QString::FromUtf8] 原始字符串: ...     (unassigned)
[QString::FromUtf8] 原始字符串: ...     (unassigned)
[QString::FromUtf8] 原始字符串: ...     (unassigned)
[QString::FromUtf8] 原始字符串: Start process
[QString::FromUtf8] 原始字符串: Disassembly
[QString::FromUtf8] 原始字符串: Set t&ype...
[QString::FromUtf8] 原始字符串: Undo 
[QString::FromUtf8] 原始字符串: Redo 
[QString::FromUtf8] 原始字符串: Disable undo
[QString::FromUtf8] 原始字符串: Revert function start
[QString::FromUtf8] 原始字符串: Metadata History
[QString::FromUtf8] 原始字符串: 100.00%
[QString::FromUtf8] 原始字符串: (-622,-253)
[QString::FromUtf8] 原始字符串: 0000000000002B10: start
[QString::FromUtf8] 原始字符串: 00002B10
[QString::FromUtf8] 原始字符串: Open picture
[QString::FromUtf8] 原始字符串: ...     (unassigned)
[QString::FromUtf8] 原始字符串: ...     (unassigned)
[QString::FromUtf8] 原始字符串: ...     (unassigned)
[QString::FromUtf8] 原始字符串: ...     (unassigned)
[QString::FromUtf8] 原始字符串: ...     (unassigned)
[QString::FromUtf8] 原始字符串: ...     (unassigned)
[QString::FromUtf8] 原始字符串: ...     (unassigned)
[QString::FromUtf8] 原始字符串: ...     (unassigned)
[QString::FromUtf8] 原始字符串: Start process
[QString::FromUtf8] 原始字符串: Disassembly
[QString::FromUtf8] 原始字符串: Set t&ype...
[QString::FromUtf8] 原始字符串: Undo 
[QString::FromUtf8] 原始字符串: Redo 
[QString::FromUtf8] 原始字符串: Disable undo
[QString::FromUtf8] 原始字符串: Revert function start
[QString::FromUtf8] 原始字符串: Metadata History
[QString::FromUtf8] 原始字符串: 100.00%
[QString::FromUtf8] 原始字符串: (-621,-253)
[QString::FromUtf8] 原始字符串: 100.00%
[QString::FromUtf8] 原始字符串: (-621,-253)
[QString::FromUtf8] 原始字符串: 100.00%
[QString::FromUtf8] 原始字符串: (-621,-253)
[QString::FromUtf8] 原始字符串: Copy pseudocode to disassembly
[QString::FromUtf8] 原始字符串: Open picture
[QString::FromUtf8] 原始字符串: ...     (unassigned)
[QString::FromUtf8] 原始字符串: ...     (unassigned)
[QString::FromUtf8] 原始字符串: ...     (unassigned)
[QString::FromUtf8] 原始字符串: ...     (unassigned)
[QString::FromUtf8] 原始字符串: ...     (unassigned)
[QString::FromUtf8] 原始字符串: ...     (unassigned)
[QString::FromUtf8] 原始字符串: ...     (unassigned)
[QString::FromUtf8] 原始字符串: ...     (unassigned)
[QString::FromUtf8] 原始字符串: Start process
[QString::FromUtf8] 原始字符串: Disassembly
[QString::FromUtf8] 原始字符串: Set t&ype...
[QString::FromUtf8] 原始字符串: Undo 
[QString::FromUtf8] 原始字符串: Redo 
[QString::FromUtf8] 原始字符串: Disable undo
[QString::FromUtf8] 原始字符串: Revert function start
[QString::FromUtf8] 原始字符串: Metadata History
[QString::FromUtf8] 原始字符串: Open picture
[QString::FromUtf8] 原始字符串: ...     (unassigned)
[QString::FromUtf8] 原始字符串: ...     (unassigned)
[QString::FromUtf8] 原始字符串: ...     (unassigned)
[QString::FromUtf8] 原始字符串: ...     (unassigned)
[QString::FromUtf8] 原始字符串: ...     (unassigned)
[QString::FromUtf8] 原始字符串: ...     (unassigned)
[QString::FromUtf8] 原始字符串: ...     (unassigned)
[QString::FromUtf8] 原始字符串: ...     (unassigned)
[QString::FromUtf8] 原始字符串: Start process
[QString::FromUtf8] 原始字符串: Disassembly
[QString::FromUtf8] 原始字符串: Set t&ype...
[QString::FromUtf8] 原始字符串: Undo 
[QString::FromUtf8] 原始字符串: Redo 
[QString::FromUtf8] 原始字符串: Disable undo
[QString::FromUtf8] 原始字符串: Revert function start
[QString::FromUtf8] 原始字符串: Metadata History
[QString::FromUtf8] 原始字符串: Vault files
[QString::FromUtf8] 原始字符串: Local files
[QString::FromUtf8] 原始字符串: Worklists
[QString::FromUtf8] 原始字符串: (340,449)
[QString::FromUtf8] 原始字符串: Function argument information has been propagated
[QString::FromUtf8] 原始字符串: The initial autoanalysis has been finished.
[QString::FromUtf8] 原始字符串: Function name
[QString::FromUtf8] 原始字符串: Segment
[QString::FromUtf8] 原始字符串: Start
[QString::FromUtf8] 原始字符串: Length
[QString::FromUtf8] 原始字符串: Locals
[QString::FromUtf8] 原始字符串: Arguments
[QString::FromUtf8] 原始字符串: R
[QString::FromUtf8] 原始字符串: F
[QString::FromUtf8] 原始字符串: L
[QString::FromUtf8] 原始字符串: M
[QString::FromUtf8] 原始字符串: O
[QString::FromUtf8] 原始字符串: S
[QString::FromUtf8] 原始字符串: B
[QString::FromUtf8] 原始字符串: T
[QString::FromUtf8] 原始字符串: =
[QString::FromUtf8] 原始字符串: X
[QString::FromUtf8] 原始字符串: Elf64_Sym
[QString::FromUtf8] 原始字符串: 00000018
[QString::FromUtf8] 原始字符串: 1
[QString::FromUtf8] 原始字符串: Name
[QString::FromUtf8] 原始字符串: Size
[QString::FromUtf8] 原始字符串: Ordinal
[QString::FromUtf8] 原始字符串: sub_2970
[QString::FromUtf8] 原始字符串: LOAD
[QString::FromUtf8] 原始字符串: 0000000000002970
[QString::FromUtf8] 原始字符串: 00000014
[QString::FromUtf8] 原始字符串: 00000010
[QString::FromUtf8] 原始字符串: R
[QString::FromUtf8] 原始字符串: .
[QString::FromUtf8] 原始字符串: .
[QString::FromUtf8] 原始字符串: .
[QString::FromUtf8] 原始字符串: .
[QString::FromUtf8] 原始字符串: .
[QString::FromUtf8] 原始字符串: .
[QString::FromUtf8] 原始字符串: .
[QString::FromUtf8] 原始字符串: .
[QString::FromUtf8] 原始字符串: .
[QString::FromUtf8] 原始字符串: Function name
[QString::FromUtf8] 原始字符串: Segment
[QString::FromUtf8] 原始字符串: Start
[QString::FromUtf8] 原始字符串: Length
[QString::FromUtf8] 原始字符串: Locals
[QString::FromUtf8] 原始字符串: Arguments
[QString::FromUtf8] 原始字符串: R
[QString::FromUtf8] 原始字符串: F
[QString::FromUtf8] 原始字符串: L
[QString::FromUtf8] 原始字符串: M
[QString::FromUtf8] 原始字符串: O
[QString::FromUtf8] 原始字符串: S
[QString::FromUtf8] 原始字符串: B
[QString::FromUtf8] 原始字符串: T
[QString::FromUtf8] 原始字符串: =
[QString::FromUtf8] 原始字符串: X
[QString::FromUtf8] 原始字符串: .dynsym
[QString::FromUtf8] 原始字符串: Address
[QString::FromUtf8] 原始字符串: Ordinal
[QString::FromUtf8] 原始字符串: Name
[QString::FromUtf8] 原始字符串: EXPORT start
[QString::FromUtf8] 原始字符串: start
[QString::FromUtf8] 原始字符串: ADRL            X0, unk_15000
[QString::FromUtf8] 原始字符串: B               deflateEnd
[QString::FromUtf8] 原始字符串: ; End of function start
[QString::FromUtf8] 原始字符串: Open picture
[QString::FromUtf8] 原始字符串: ...     (unassigned)
[QString::FromUtf8] 原始字符串: ...     (unassigned)
[QString::FromUtf8] 原始字符串: ...     (unassigned)
[QString::FromUtf8] 原始字符串: ...     (unassigned)
[QString::FromUtf8] 原始字符串: ...     (unassigned)
[QString::FromUtf8] 原始字符串: ...     (unassigned)
[QString::FromUtf8] 原始字符串: ...     (unassigned)
[QString::FromUtf8] 原始字符串: ...     (unassigned)
[QString::FromUtf8] 原始字符串: Start process
[QString::FromUtf8] 原始字符串: Disassembly
[QString::FromUtf8] 原始字符串: Set t&ype...
[QString::FromUtf8] 原始字符串: Undo 
[QString::FromUtf8] 原始字符串: Redo 
[QString::FromUtf8] 原始字符串: Disable undo
[QString::FromUtf8] 原始字符串: Revert function start
[QString::FromUtf8] 原始字符串: Metadata History
[QString::FromUtf8] 原始字符串: 0000000000002B10: start
[QString::FromUtf8] 原始字符串: 00002B10
[QString::FromUtf8] 原始字符串: Open picture
[QString::FromUtf8] 原始字符串: ...     (unassigned)
[QString::FromUtf8] 原始字符串: ...     (unassigned)
[QString::FromUtf8] 原始字符串: ...     (unassigned)
[QString::FromUtf8] 原始字符串: ...     (unassigned)
[QString::FromUtf8] 原始字符串: ...     (unassigned)
[QString::FromUtf8] 原始字符串: ...     (unassigned)
[QString::FromUtf8] 原始字符串: ...     (unassigned)
[QString::FromUtf8] 原始字符串: ...     (unassigned)
[QString::FromUtf8] 原始字符串: Start process
[QString::FromUtf8] 原始字符串: Disassembly
[QString::FromUtf8] 原始字符串: Set t&ype...
[QString::FromUtf8] 原始字符串: Undo 
[QString::FromUtf8] 原始字符串: Redo 
[QString::FromUtf8] 原始字符串: Disable undo
[QString::FromUtf8] 原始字符串: Revert function start
[QString::FromUtf8] 原始字符串: Metadata History
[QString::FromUtf8] 原始字符串: EXPORT start
[QString::FromUtf8] 原始字符串: start
[QString::FromUtf8] 原始字符串: ADRL            X0, unk_15000
[QString::FromUtf8] 原始字符串: B               deflateEnd
[QString::FromUtf8] 原始字符串: ; End of function start
[QString::FromUtf8] 原始字符串: sub_2970
[QString::FromUtf8] 原始字符串: LOAD
[QString::FromUtf8] 原始字符串: sleep
[QString::FromUtf8] 原始字符串: LOAD
[QString::FromUtf8] 原始字符串: sem_wait
[QString::FromUtf8] 原始字符串: LOAD
[QString::FromUtf8] 原始字符串: __strrchr_chk
[QString::FromUtf8] 原始字符串: LOAD
[QString::FromUtf8] 原始字符串: deflateEnd
[QString::FromUtf8] 原始字符串: LOAD
[QString::FromUtf8] 原始字符串: pipe
[QString::FromUtf8] 原始字符串: LOAD
[QString::FromUtf8] 原始字符串: atoi
[QString::FromUtf8] 原始字符串: LOAD
[QString::FromUtf8] 原始字符串: pthread_create
[QString::FromUtf8] 原始字符串: LOAD
[QString::FromUtf8] 原始字符串: wait
[QString::FromUtf8] 原始字符串: LOAD
[QString::FromUtf8] 原始字符串: pthread_join
[QString::FromUtf8] 原始字符串: LOAD
[QString::FromUtf8] 原始字符串: strtoull
[QString::FromUtf8] 原始字符串: LOAD
[QString::FromUtf8] 原始字符串: realloc
[QString::FromUtf8] 原始字符串: LOAD
[QString::FromUtf8] 原始字符串: gettid
[QString::FromUtf8] 原始字符串: LOAD
[QString::FromUtf8] 原始字符串: open
[QString::FromUtf8] 原始字符串: LOAD
[QString::FromUtf8] 原始字符串: pthread_key_create
[QString::FromUtf8] 原始字符串: LOAD
[QString::FromUtf8] 原始字符串: __vsnprintf_chk
[QString::FromUtf8] 原始字符串: LOAD
[QString::FromUtf8] 原始字符串: __strlcpy_chk
[QString::FromUtf8] 原始字符串: LOAD
[QString::FromUtf8] 原始字符串: inflate
[QString::FromUtf8] 原始字符串: LOAD
[QString::FromUtf8] 原始字符串: pthread_mutex_trylock
[QString::FromUtf8] 原始字符串: LOAD
[QString::FromUtf8] 原始字符串: pthread_once
[QString::FromUtf8] 原始字符串: LOAD
[QString::FromUtf8] 原始字符串: __cxa_finalize
[QString::FromUtf8] 原始字符串: LOAD
[QString::FromUtf8] 原始字符串: ptrace
[QString::FromUtf8] 原始字符串: LOAD
[QString::FromUtf8] 原始字符串: siglongjmp
[QString::FromUtf8] 原始字符串: LOAD
[QString::FromUtf8] 原始字符串: mkdir
[QString::FromUtf8] 原始字符串: LOAD
[QString::FromUtf8] 原始字符串: calloc
[QString::FromUtf8] 原始字符串: LOAD
[QString::FromUtf8] 原始字符串: start
[QString::FromUtf8] 原始字符串: LOAD
[QString::FromUtf8] 原始字符串: sub_2B1C
[QString::FromUtf8] 原始字符串: LOAD
[QString::FromUtf8] 原始字符串: sub_2BF8
[QString::FromUtf8] 原始字符串: LOAD
[QString::FromUtf8] 原始字符串: sub_2CD0
[QString::FromUtf8] 原始字符串: LOAD
[QString::FromUtf8] 原始字符串: Function name
[QString::FromUtf8] 原始字符串: Segment
[QString::FromUtf8] 原始字符串: (414,448)
[QString::FromUtf8] 原始字符串: (397,446)
[QString::FromUtf8] 原始字符串: AU:  idle  
[QString::FromUtf8] 原始字符串: READY
[QString::FromUtf8] 原始字符串: (390,445)
[QString::FromUtf8] 原始字符串: (384,443)
[QString::FromUtf8] 原始字符串: (378,441)
[QString::FromUtf8] 原始字符串: (372,439)
[QString::FromUtf8] 原始字符串: (368,438)
[QString::FromUtf8] 原始字符串: (363,436)
[QString::FromUtf8] 原始字符串: (359,434)
[QString::FromUtf8] 原始字符串: (354,433)
[QString::FromUtf8] 原始字符串: (352,432)
[QString::FromUtf8] 原始字符串: (349,432)
[QString::FromUtf8] 原始字符串: (347,431)
[QString::FromUtf8] 原始字符串: (346,430)
[QString::FromUtf8] 原始字符串: (344,429)
[QString::FromUtf8] 原始字符串: (343,429)
[QString::FromUtf8] 原始字符串: (342,429)
[QString::FromUtf8] 原始字符串: (342,428)
[QString::FromUtf8] 原始字符串: (341,428)
[QString::FromUtf8] 原始字符串: (341,427)
[QString::FromUtf8] 原始字符串: (343,425)
[QString::FromUtf8] 原始字符串: (347,423)
[QString::FromUtf8] 原始字符串: (350,421)
[QString::FromUtf8] 原始字符串: (355,419)
[QString::FromUtf8] 原始字符串: (358,417)
[QString::FromUtf8] 原始字符串: (364,415)
[QString::FromUtf8] 原始字符串: (372,412)
[QString::FromUtf8] 原始字符串: (382,409)
[QString::FromUtf8] 原始字符串: (393,406)
[QString::FromUtf8] 原始字符串: (406,402)
[QString::FromUtf8] 原始字符串: (423,398)
[QString::FromUtf8] 原始字符串: (441,396)
[QString::FromUtf8] 原始字符串: (460,392)
[QString::FromUtf8] 原始字符串: (475,390)
[QString::FromUtf8] 原始字符串: (493,387)
[QString::FromUtf8] 原始字符串: (508,385)
[QString::FromUtf8] 原始字符串: (520,384)
[QString::FromUtf8] 原始字符串: (532,382)
[QString::FromUtf8] 原始字符串: (542,381)
[QString::FromUtf8] 原始字符串: (551,380)
[QString::FromUtf8] 原始字符串: (560,379)
[QString::FromUtf8] 原始字符串: (568,378)
[QString::FromUtf8] 原始字符串: (577,378)
[QString::FromUtf8] 原始字符串: (588,377)
[QString::FromUtf8] 原始字符串: (601,376)
[QString::FromUtf8] 原始字符串: (616,375)
[QString::FromUtf8] 原始字符串: (632,374)
[QString::FromUtf8] 原始字符串: (652,373)
[QString::FromUtf8] 原始字符串: (672,371)
[QString::FromUtf8] 原始字符串: (693,368)
[QString::FromUtf8] 原始字符串: (712,367)
[QString::FromUtf8] 原始字符串: (730,366)
[QString::FromUtf8] 原始字符串: (743,365)
[QString::FromUtf8] 原始字符串: (754,364)
[QString::FromUtf8] 原始字符串: (761,363)
[QString::FromUtf8] 原始字符串: (763,363)
[QString::FromUtf8] 原始字符串: (763,362)
[QString::FromUtf8] 原始字符串: (762,362)
[QString::FromUtf8] 原始字符串: (758,362)
[QString::FromUtf8] 原始字符串: (756,362)
[QString::FromUtf8] 原始字符串: (748,362)
[QString::FromUtf8] 原始字符串: (738,362)
[QString::FromUtf8] 原始字符串: (726,362)
[QString::FromUtf8] 原始字符串: (708,362)
[QString::FromUtf8] 原始字符串: (686,362)
[QString::FromUtf8] 原始字符串: (659,362)
[QString::FromUtf8] 原始字符串: (626,362)
[QString::FromUtf8] 原始字符串: (593,362)
[QString::FromUtf8] 原始字符串: (553,362)
[QString::FromUtf8] 原始字符串: (509,362)
[QString::FromUtf8] 原始字符串: (463,362)
[QString::FromUtf8] 原始字符串: (414,360)
[QString::FromUtf8] 原始字符串: (365,358)
[QString::FromUtf8] 原始字符串: (318,356)
[QString::FromUtf8] 原始字符串: (278,356)
[QString::FromUtf8] 原始字符串: (245,354)
[QString::FromUtf8] 原始字符串: (214,353)
[QString::FromUtf8] 原始字符串: (189,351)
[QString::FromUtf8] 原始字符串: (167,350)
[QString::FromUtf8] 原始字符串: (149,349)
[QString::FromUtf8] 原始字符串: (134,346)
[QString::FromUtf8] 原始字符串: (121,345)
[QString::FromUtf8] 原始字符串: (106,343)
[QString::FromUtf8] 原始字符串: (90,340)
[QString::FromUtf8] 原始字符串: (77,338)
[QString::FromUtf8] 原始字符串: (62,335)
[QString::FromUtf8] 原始字符串: (46,331)
[QString::FromUtf8] 原始字符串: (30,327)
[QString::FromUtf8] 原始字符串: (16,324)
[QString::FromUtf8] 原始字符串: (1,320)
[QString::FromUtf8] 原始字符串: sub_2970
[QString::FromUtf8] 原始字符串: LOAD
[QString::FromUtf8] 原始字符串: sleep
[QString::FromUtf8] 原始字符串: LOAD
[QString::FromUtf8] 原始字符串: sem_wait
[QString::FromUtf8] 原始字符串: LOAD
[QString::FromUtf8] 原始字符串: __strrchr_chk
[QString::FromUtf8] 原始字符串: LOAD
[QString::FromUtf8] 原始字符串: deflateEnd
[QString::FromUtf8] 原始字符串: LOAD
[QString::FromUtf8] 原始字符串: pipe
[QString::FromUtf8] 原始字符串: LOAD
[QString::FromUtf8] 原始字符串: atoi
[QString::FromUtf8] 原始字符串: LOAD
[QString::FromUtf8] 原始字符串: pthread_create
[QString::FromUtf8] 原始字符串: LOAD
[QString::FromUtf8] 原始字符串: wait
[QString::FromUtf8] 原始字符串: LOAD
[QString::FromUtf8] 原始字符串: pthread_join
[QString::FromUtf8] 原始字符串: LOAD
[QString::FromUtf8] 原始字符串: strtoull
[QString::FromUtf8] 原始字符串: LOAD
[QString::FromUtf8] 原始字符串: realloc
[QString::FromUtf8] 原始字符串: LOAD
[QString::FromUtf8] 原始字符串: gettid
[QString::FromUtf8] 原始字符串: LOAD
[QString::FromUtf8] 原始字符串: open
[QString::FromUtf8] 原始字符串: LOAD
[QString::FromUtf8] 原始字符串: pthread_key_create
[QString::FromUtf8] 原始字符串: LOAD
[QString::FromUtf8] 原始字符串: __vsnprintf_chk
[QString::FromUtf8] 原始字符串: LOAD
[QString::FromUtf8] 原始字符串: __strlcpy_chk
[QString::FromUtf8] 原始字符串: LOAD
[QString::FromUtf8] 原始字符串: inflate
[QString::FromUtf8] 原始字符串: LOAD
[QString::FromUtf8] 原始字符串: pthread_mutex_trylock
[QString::FromUtf8] 原始字符串: LOAD
[QString::FromUtf8] 原始字符串: pthread_once
[QString::FromUtf8] 原始字符串: LOAD
[QString::FromUtf8] 原始字符串: __cxa_finalize
[QString::FromUtf8] 原始字符串: LOAD
[QString::FromUtf8] 原始字符串: ptrace
[QString::FromUtf8] 原始字符串: LOAD
[QString::FromUtf8] 原始字符串: siglongjmp
[QString::FromUtf8] 原始字符串: LOAD
[QString::FromUtf8] 原始字符串: mkdir
[QString::FromUtf8] 原始字符串: LOAD
[QString::FromUtf8] 原始字符串: calloc
[QString::FromUtf8] 原始字符串: LOAD
[QString::FromUtf8] 原始字符串: start
[QString::FromUtf8] 原始字符串: LOAD
[QString::FromUtf8] 原始字符串: sub_2B1C
[QString::FromUtf8] 原始字符串: LOAD
[QString::FromUtf8] 原始字符串: sub_2BF8
[QString::FromUtf8] 原始字符串: LOAD
[QString::FromUtf8] 原始字符串: sub_2CD0
[QString::FromUtf8] 原始字符串: LOAD
[QString::FromUtf8] 原始字符串: __vsnprintf_chk
[QString::FromUtf8] 原始字符串: LOAD
[QString::FromUtf8] 原始字符串: __strlcpy_chk
[QString::FromUtf8] 原始字符串: LOAD
[QString::FromUtf8] 原始字符串: __vsnprintf_chk
[QString::FromUtf8] 原始字符串: LOAD
[QString::FromUtf8] 原始字符串: pthread_key_create
[QString::FromUtf8] 原始字符串: LOAD
[QString::FromUtf8] 原始字符串: __vsnprintf_chk
[QString::FromUtf8] 原始字符串: LOAD
[QString::FromUtf8] 原始字符串: open
[QString::FromUtf8] 原始字符串: LOAD
[QString::FromUtf8] 原始字符串: pthread_key_create
[QString::FromUtf8] 原始字符串: LOAD
[QString::FromUtf8] 原始字符串: gettid
[QString::FromUtf8] 原始字符串: LOAD
[QString::FromUtf8] 原始字符串: open
[QString::FromUtf8] 原始字符串: LOAD
[QString::FromUtf8] 原始字符串: gettid
[QString::FromUtf8] 原始字符串: LOAD
[QString::FromUtf8] 原始字符串: open
[QString::FromUtf8] 原始字符串: LOAD
[QString::FromUtf8] 原始字符串: open
[QString::FromUtf8] 原始字符串: LOAD
[QString::FromUtf8] 原始字符串: pthread_key_create
[QString::FromUtf8] 原始字符串: LOAD
[QString::FromUtf8] 原始字符串: pthread_key_create
[QString::FromUtf8] 原始字符串: LOAD
[QString::FromUtf8] 原始字符串: __vsnprintf_chk
[QString::FromUtf8] 原始字符串: LOAD
[QString::FromUtf8] 原始字符串: __vsnprintf_chk
[QString::FromUtf8] 原始字符串: LOAD
[QString::FromUtf8] 原始字符串: __strlcpy_chk
[QString::FromUtf8] 原始字符串: LOAD
[QString::FromUtf8] 原始字符串: __strlcpy_chk
[QString::FromUtf8] 原始字符串: LOAD
[QString::FromUtf8] 原始字符串: inflate
[QString::FromUtf8] 原始字符串: LOAD
[QString::FromUtf8] 原始字符串: inflate
[QString::FromUtf8] 原始字符串: LOAD
[QString::FromUtf8] 原始字符串: pthread_mutex_trylock
[QString::FromUtf8] 原始字符串: LOAD
[QString::FromUtf8] 原始字符串: pthread_mutex_trylock
[QString::FromUtf8] 原始字符串: LOAD
[QString::FromUtf8] 原始字符串: pthread_once
[QString::FromUtf8] 原始字符串: LOAD
[QString::FromUtf8] 原始字符串: pthread_once
[QString::FromUtf8] 原始字符串: LOAD
[QString::FromUtf8] 原始字符串: __cxa_finalize
[QString::FromUtf8] 原始字符串: LOAD
[QString::FromUtf8] 原始字符串: __cxa_finalize
[QString::FromUtf8] 原始字符串: LOAD
[QString::FromUtf8] 原始字符串: ptrace
[QString::FromUtf8] 原始字符串: LOAD
[QString::FromUtf8] 原始字符串: ptrace
[QString::FromUtf8] 原始字符串: LOAD
[QString::FromUtf8] 原始字符串: siglongjmp
[QString::FromUtf8] 原始字符串: LOAD
[QString::FromUtf8] 原始字符串: siglongjmp
[QString::FromUtf8] 原始字符串: LOAD
[QString::FromUtf8] 原始字符串: mkdir
[QString::FromUtf8] 原始字符串: LOAD
[QString::FromUtf8] 原始字符串: mkdir
[QString::FromUtf8] 原始字符串: LOAD
[QString::FromUtf8] 原始字符串: calloc
[QString::FromUtf8] 原始字符串: LOAD
[QString::FromUtf8] 原始字符串: calloc
[QString::FromUtf8] 原始字符串: LOAD
[QString::FromUtf8] 原始字符串: start
[QString::FromUtf8] 原始字符串: LOAD
[QString::FromUtf8] 原始字符串: start
[QString::FromUtf8] 原始字符串: LOAD
[QString::FromUtf8] 原始字符串: sub_2B1C
[QString::FromUtf8] 原始字符串: LOAD
[QString::FromUtf8] 原始字符串: sub_2B1C
[QString::FromUtf8] 原始字符串: LOAD
[QString::FromUtf8] 原始字符串: sub_2BF8
[QString::FromUtf8] 原始字符串: LOAD
[QString::FromUtf8] 原始字符串: sub_2BF8
[QString::FromUtf8] 原始字符串: LOAD
[QString::FromUtf8] 原始字符串: sub_2CD0
[QString::FromUtf8] 原始字符串: LOAD
[QString::FromUtf8] 原始字符串: sub_2970
[QString::FromUtf8] 原始字符串: LOAD
[QString::FromUtf8] 原始字符串: sleep
[QString::FromUtf8] 原始字符串: LOAD
[QString::FromUtf8] 原始字符串: sem_wait
[QString::FromUtf8] 原始字符串: LOAD
[QString::FromUtf8] 原始字符串: __strrchr_chk
[QString::FromUtf8] 原始字符串: LOAD
[QString::FromUtf8] 原始字符串: deflateEnd
[QString::FromUtf8] 原始字符串: LOAD
[QString::FromUtf8] 原始字符串: pipe
[QString::FromUtf8] 原始字符串: LOAD
[QString::FromUtf8] 原始字符串: atoi
[QString::FromUtf8] 原始字符串: LOAD
[QString::FromUtf8] 原始字符串: pthread_create
[QString::FromUtf8] 原始字符串: LOAD
[QString::FromUtf8] 原始字符串: wait
[QString::FromUtf8] 原始字符串: LOAD
[QString::FromUtf8] 原始字符串: pthread_join
[QString::FromUtf8] 原始字符串: LOAD
[QString::FromUtf8] 原始字符串: strtoull
[QString::FromUtf8] 原始字符串: LOAD
[QString::FromUtf8] 原始字符串: realloc
[QString::FromUtf8] 原始字符串: LOAD
[QString::FromUtf8] 原始字符串: gettid
[QString::FromUtf8] 原始字符串: LOAD
[QString::FromUtf8] 原始字符串: open
[QString::FromUtf8] 原始字符串: LOAD
[QString::FromUtf8] 原始字符串: pthread_key_create
[QString::FromUtf8] 原始字符串: LOAD
[QString::FromUtf8] 原始字符串: __vsnprintf_chk
[QString::FromUtf8] 原始字符串: LOAD
[QString::FromUtf8] 原始字符串: __strlcpy_chk
[QString::FromUtf8] 原始字符串: LOAD
[QString::FromUtf8] 原始字符串: inflate
[QString::FromUtf8] 原始字符串: LOAD
[QString::FromUtf8] 原始字符串: pthread_mutex_trylock
[QString::FromUtf8] 原始字符串: LOAD
[QString::FromUtf8] 原始字符串: pthread_once
[QString::FromUtf8] 原始字符串: LOAD
[QString::FromUtf8] 原始字符串: __cxa_finalize
[QString::FromUtf8] 原始字符串: LOAD
[QString::FromUtf8] 原始字符串: ptrace
[QString::FromUtf8] 原始字符串: LOAD
[QString::FromUtf8] 原始字符串: siglongjmp
[QString::FromUtf8] 原始字符串: LOAD
[QString::FromUtf8] 原始字符串: mkdir
[QString::FromUtf8] 原始字符串: LOAD
[QString::FromUtf8] 原始字符串: calloc
[QString::FromUtf8] 原始字符串: LOAD
[QString::FromUtf8] 原始字符串: start
[QString::FromUtf8] 原始字符串: LOAD
[QString::FromUtf8] 原始字符串: sub_2B1C
[QString::FromUtf8] 原始字符串: LOAD
[QString::FromUtf8] 原始字符串: sub_2BF8
[QString::FromUtf8] 原始字符串: LOAD
[QString::FromUtf8] 原始字符串: sub_2CD0
[QString::FromUtf8] 原始字符串: LOAD
[QString::FromUtf8] 原始字符串: Down
[QString::FromUtf8] 原始字符串: Copy pseudocode to disassembly
[QString::FromUtf8] 原始字符串: Open picture
[QString::FromUtf8] 原始字符串: ...     (unassigned)
[QString::FromUtf8] 原始字符串: ...     (unassigned)
[QString::FromUtf8] 原始字符串: ...     (unassigned)
[QString::FromUtf8] 原始字符串: ...     (unassigned)
[QString::FromUtf8] 原始字符串: ...     (unassigned)
[QString::FromUtf8] 原始字符串: ...     (unassigned)
[QString::FromUtf8] 原始字符串: ...     (unassigned)
[QString::FromUtf8] 原始字符串: ...     (unassigned)
[QString::FromUtf8] 原始字符串: Start process
[QString::FromUtf8] 原始字符串: Disassembly
[QString::FromUtf8] 原始字符串: Disassembly
[QString::FromUtf8] 原始字符串: Set t&ype...
[QString::FromUtf8] 原始字符串: Undo 
[QString::FromUtf8] 原始字符串: Redo 
[QString::FromUtf8] 原始字符串: Disable undo
[QString::FromUtf8] 原始字符串: Metadata History
[QString::FromUtf8] 原始字符串: 0000000000004B44: LOAD:0000000000004B44
[QString::FromUtf8] 原始字符串: 00004B44
[QString::FromUtf8] 原始字符串: Copy pseudocode to disassembly
[QString::FromUtf8] 原始字符串: Open picture
[QString::FromUtf8] 原始字符串: ...     (unassigned)
[QString::FromUtf8] 原始字符串: ...     (unassigned)
[QString::FromUtf8] 原始字符串: ...     (unassigned)
[QString::FromUtf8] 原始字符串: ...     (unassigned)
[QString::FromUtf8] 原始字符串: ...     (unassigned)
[QString::FromUtf8] 原始字符串: ...     (unassigned)
[QString::FromUtf8] 原始字符串: ...     (unassigned)
[QString::FromUtf8] 原始字符串: ...     (unassigned)
[QString::FromUtf8] 原始字符串: Start process
[QString::FromUtf8] 原始字符串: Disassembly
[QString::FromUtf8] 原始字符串: Disassembly
[QString::FromUtf8] 原始字符串: Set t&ype...
[QString::FromUtf8] 原始字符串: Undo 
[QString::FromUtf8] 原始字符串: Redo 
[QString::FromUtf8] 原始字符串: Disable undo
[QString::FromUtf8] 原始字符串: Metadata History
[QString::FromUtf8] 原始字符串: Open picture
[QString::FromUtf8] 原始字符串: ...     (unassigned)
[QString::FromUtf8] 原始字符串: ...     (unassigned)
[QString::FromUtf8] 原始字符串: ...     (unassigned)
[QString::FromUtf8] 原始字符串: ...     (unassigned)
[QString::FromUtf8] 原始字符串: ...     (unassigned)
[QString::FromUtf8] 原始字符串: ...     (unassigned)
[QString::FromUtf8] 原始字符串: ...     (unassigned)
[QString::FromUtf8] 原始字符串: ...     (unassigned)
[QString::FromUtf8] 原始字符串: Start process
[QString::FromUtf8] 原始字符串: Disassembly
[QString::FromUtf8] 原始字符串: Disassembly
[QString::FromUtf8] 原始字符串: Set t&ype...
[QString::FromUtf8] 原始字符串: Undo 
[QString::FromUtf8] 原始字符串: Redo 
[QString::FromUtf8] 原始字符串: Disable undo
[QString::FromUtf8] 原始字符串: Metadata History
[QString::FromUtf8] 原始字符串: LOAD:0000000000004B40                 LDR             X8, =0x959B890995959595
[QString::FromUtf8] 长度超过50字符，跳过替换
[QString::FromUtf8] 原始字符串: LOAD:0000000000004B40 ; ---------------------------------------------------------------------------
[QString::FromUtf8] 长度超过50字符，跳过替换
[QString::FromUtf8] 原始字符串: LOAD:0000000000004B30                 DCQ 0x4B05164A05184905, 0x970C4F050E4E0514
[QString::FromUtf8] 长度超过50字符，跳过替换
[QString::FromUtf8] 原始字符串: LOAD:0000000000004B10                 DCQ 0x5C00000074, 0x36CFFFFE1B8, 0x4C054401C00E4200, 0x1A48054E104D0512
[QString::FromUtf8] 长度超过50字符，跳过替换
[QString::FromUtf8] 原始字符串: LOAD:0000000000004B44                 ADR             X30, 0xFFFFFFFFFFF2AED5
[QString::FromUtf8] 长度超过50字符，跳过替换
[QString::FromUtf8] 原始字符串: LOAD:0000000000004B48                 STP             S20, S11, [X20],#0xA8
[QString::FromUtf8] 长度超过50字符，跳过替换
[QString::FromUtf8] 原始字符串: LOAD:0000000000004B48 ; ---------------------------------------------------------------------------
[QString::FromUtf8] 长度超过50字符，跳过替换
[QString::FromUtf8] 原始字符串: LOAD:0000000000004B4C                 DCD 0x24992A96
[QString::FromUtf8] 长度超过50字符，跳过替换
[QString::FromUtf8] 原始字符串: LOAD:0000000000004B50                 DCQ 0xC031E9C209B229A, 0x642D3D442DE0A01, 0x642D5D642480649
[QString::FromUtf8] 长度超过50字符，跳过替换
[QString::FromUtf8] 原始字符串: LOAD:0000000000004B68                 DCQ 0x642D7D8424A064B, 0x642D9DA424C064D, 0xE42DBDC424E064F
[QString::FromUtf8] 长度超过50字符，跳过替换
[QString::FromUtf8] 原始字符串: LOAD:0000000000004B80                 DCQ unk_B4200
[QString::FromUtf8] 长度超过50字符，跳过替换
[QString::FromUtf8] 原始字符串: LOAD:0000000000004B88                 DCB 0x34 ; 4
[QString::FromUtf8] 原始字符串: LOAD:0000000000004B89                 DCB 0, 0, 0, 0xD4, 0, 0, 0
[QString::FromUtf8] 长度超过50字符，跳过替换
[QString::FromUtf8] 原始字符串: LOAD:0000000000004B90                 DCQ 0x148FFFFE4AC, 0x9810974E600E4200, 0x18934C129614950E
[QString::FromUtf8] 长度超过50字符，跳过替换
[QString::FromUtf8] 原始字符串: LOAD:0000000000004BA8                 DCQ 0xD40A6A020C9E1694, 0x42D7D842D5D642D3, 0xB42000E42DE
[QString::FromUtf8] 长度超过50字符，跳过替换
[QString::FromUtf8] 原始字符串: LOAD:0000000000004BC0                 DCQ 0x10C00000024, 0x274FFFFE5BC, 0x4C9E4E02B00E4400, 0x42000E42DE0A5C02
[QString::FromUtf8] 长度超过50字符，跳过替换
[QString::FromUtf8] 原始字符串: LOAD:0000000000004BE0                 DCQ 0xB, 0x13400000094, 0x1388FFFFE808, 0x900E4418F00E4200
[QString::FromUtf8] 长度超过50字符，跳过替换
[QString::FromUtf8] 原始字符串: LOAD:0000000000004C00                 DCB 0x1A, 0x5E, 0xE, 0xA0
[QString::FromUtf8] 长度超过50字符，跳过替换
[QString::FromUtf8] 原始字符串: LOAD:0000000000004C04 ; ---------------------------------------------------------------------------
[QString::FromUtf8] 长度超过50字符，跳过替换
[QString::FromUtf8] 原始字符串: LOAD:0000000000004C04                 FMAXNMP         V26.4H, V8.4H, V8.4H
[QString::FromUtf8] 长度超过50字符，跳过替换
[QString::FromUtf8] 原始字符串: LOAD:0000000000004C08                 LDNP            Q6, Q1, [X8,#0x120]
[QString::FromUtf8] 长度超过50字符，跳过替换
[QString::FromUtf8] 原始字符串: LOAD:0000000000004C0C                 ORR             X6, X8, X10,LSR#1
[QString::FromUtf8] 长度超过50字符，跳过替换
[QString::FromUtf8] 原始字符串: LOAD:0000000000004C10                 LDNP            X6, X1, [X8,#0xB0]
[QString::FromUtf8] 长度超过50字符，跳过替换
[QString::FromUtf8] 原始字符串: LOAD:0000000000004C10 ; ---------------------------------------------------------------------------
[QString::FromUtf8] 长度超过50字符，跳过替换
[QString::FromUtf8] 原始字符串: LOAD:0000000000004C14                 DCD 0x6C49306
[QString::FromUtf8] 长度超过50字符，跳过替换
[QString::FromUtf8] 原始字符串: LOAD:0000000000004C18                 DCQ 0x506A64C0506C294, 0xBE9606C09506A44D, 0xA04F0506A24E0506
[QString::FromUtf8] 长度超过50字符，跳过替换
[QString::FromUtf8] 原始字符串: LOAD:0000000000004C30                 DCQ 0x9906BA9806BC9706, 0x6B49B06B69A06B8, 0xD20306B09E06B29C
[QString::FromUtf8] 长度超过50字符，跳过替换
[QString::FromUtf8] 原始字符串: LOAD:0000000000004C48                 DCQ 0x4906421A900E0A05, 0x4B0642D3D4424806, 0x4D0642D5D6424A06
[QString::FromUtf8] 长度超过50字符，跳过替换
[QString::FromUtf8] 原始字符串: LOAD:0000000000004C60                 DCQ 0x4F0642D7D8424C06, 0xDBDC42D9DA424E06, 0xE4218F00E42DE42
[QString::FromUtf8] 长度超过50字符，跳过替换
[QString::FromUtf8] 原始字符串: LOAD:0000000000004C78                 DCQ 0xB4217D0, 0x1CC0000001C, 0x210FFFFFAF8, 0x20C9E50300E4200
[QString::FromUtf8] 长度超过50字符，跳过替换
[QString::FromUtf8] 原始字符串: LOAD:0000000000004C98                 DCQ 0xB42000E42DE0AD2
[QString::FromUtf8] 长度超过50字符，跳过替换
[QString::FromUtf8] 原始字符串: LOAD:0000000000004C98 ; LOAD          ends
[QString::FromUtf8] 原始字符串: LOAD:0000000000004C98
[QString::FromUtf8] 原始字符串: LOAD:0000000000014D08 ; ELF Initialization Function Table
[QString::FromUtf8] 长度超过50字符，跳过替换
[QString::FromUtf8] 原始字符串: LOAD:0000000000014D08 ; ===========================================================================
[QString::FromUtf8] 长度超过50字符，跳过替换
[QString::FromUtf8] 原始字符串: LOAD:0000000000014D08
[QString::FromUtf8] 原始字符串: LOAD:0000000000014D08 ; Segment type: Pure data
[QString::FromUtf8] 原始字符串: LOAD:0000000000014D08                 AREA LOAD, DATA, ALIGN=0
[QString::FromUtf8] 长度超过50字符，跳过替换
[QString::FromUtf8] 原始字符串: LOAD:0000000000014D08                 ; ORG 0x14D08
[QString::FromUtf8] 长度超过50字符，跳过替换
[QString::FromUtf8] 原始字符串: LOAD:0000000000014D08 off_14D08       DCQ loc_4780            ; DATA XREF: LOAD:0000000000000088↑o
[QString::FromUtf8] 长度超过50字符，跳过替换
[QString::FromUtf8] 原始字符串: LOAD:0000000000014D08                                         ; LOAD:00000000000001D8↑o
[QString::FromUtf8] 长度超过50字符，跳过替换
[QString::FromUtf8] 原始字符串: LOAD:0000000000014D10                 DCB    0
[QString::FromUtf8] 原始字符串: LOAD:0000000000014D11                 DCB    0
[QString::FromUtf8] 原始字符串: LOAD:0000000000014D12                 DCB    0
[QString::FromUtf8] 原始字符串: LOAD:0000000000014D13                 DCB    0
[QString::FromUtf8] 原始字符串: 0000000000004B44: LOAD:0000000000004B44
[QString::FromUtf8] 原始字符串: 00004B44
[QString::FromUtf8] 原始字符串: Open picture
[QString::FromUtf8] 原始字符串: ...     (unassigned)
[QString::FromUtf8] 原始字符串: ...     (unassigned)
[QString::FromUtf8] 原始字符串: ...     (unassigned)
[QString::FromUtf8] 原始字符串: ...     (unassigned)
[QString::FromUtf8] 原始字符串: ...     (unassigned)
[QString::FromUtf8] 原始字符串: ...     (unassigned)
[QString::FromUtf8] 原始字符串: ...     (unassigned)
[QString::FromUtf8] 原始字符串: ...     (unassigned)
[QString::FromUtf8] 原始字符串: Start process
[QString::FromUtf8] 原始字符串: Disassembly
[QString::FromUtf8] 原始字符串: Disassembly
[QString::FromUtf8] 原始字符串: Set t&ype...
[QString::FromUtf8] 原始字符串: Undo 
[QString::FromUtf8] 原始字符串: Redo 
[QString::FromUtf8] 原始字符串: Disable undo
[QString::FromUtf8] 原始字符串: Metadata History
[QString::FromUtf8] 原始字符串: Open picture
[QString::FromUtf8] 原始字符串: ...     (unassigned)
[QString::FromUtf8] 原始字符串: ...     (unassigned)
[QString::FromUtf8] 原始字符串: ...     (unassigned)
[QString::FromUtf8] 原始字符串: ...     (unassigned)
[QString::FromUtf8] 原始字符串: ...     (unassigned)
[QString::FromUtf8] 原始字符串: ...     (unassigned)
[QString::FromUtf8] 原始字符串: ...     (unassigned)
[QString::FromUtf8] 原始字符串: ...     (unassigned)
[QString::FromUtf8] 原始字符串: Start process
[QString::FromUtf8] 原始字符串: Disassembly
[QString::FromUtf8] 原始字符串: Disassembly
[QString::FromUtf8] 原始字符串: Set t&ype...
[QString::FromUtf8] 原始字符串: Undo 
[QString::FromUtf8] 原始字符串: Redo 
[QString::FromUtf8] 原始字符串: Disable undo
[QString::FromUtf8] 原始字符串: Metadata History
[QString::FromUtf8] 原始字符串: Down
[QString::FromUtf8] 原始字符串: Open picture
[QString::FromUtf8] 原始字符串: ...     (unassigned)
[QString::FromUtf8] 原始字符串: ...     (unassigned)
[QString::FromUtf8] 原始字符串: ...     (unassigned)
[QString::FromUtf8] 原始字符串: ...     (unassigned)
[QString::FromUtf8] 原始字符串: ...     (unassigned)
[QString::FromUtf8] 原始字符串: ...     (unassigned)
[QString::FromUtf8] 原始字符串: ...     (unassigned)
[QString::FromUtf8] 原始字符串: ...     (unassigned)
[QString::FromUtf8] 原始字符串: Start process
[QString::FromUtf8] 原始字符串: Disassembly
[QString::FromUtf8] 原始字符串: Disassembly
[QString::FromUtf8] 原始字符串: Set t&ype...
[QString::FromUtf8] 原始字符串: Undo 
[QString::FromUtf8] 原始字符串: Redo 
[QString::FromUtf8] 原始字符串: Disable undo
[QString::FromUtf8] 原始字符串: Metadata History
[QString::FromUtf8] 原始字符串: Search completed. Found at 0000000000004B44.
[QString::FromUtf8] 原始字符串: Function name
[QString::FromUtf8] 原始字符串: Segment
[QString::FromUtf8] 原始字符串: Start
[QString::FromUtf8] 原始字符串: Length
[QString::FromUtf8] 原始字符串: Locals
[QString::FromUtf8] 原始字符串: Arguments
[QString::FromUtf8] 原始字符串: R
[QString::FromUtf8] 原始字符串: F
[QString::FromUtf8] 原始字符串: L
[QString::FromUtf8] 原始字符串: M
[QString::FromUtf8] 原始字符串: O
[QString::FromUtf8] 原始字符串: S
[QString::FromUtf8] 原始字符串: B
[QString::FromUtf8] 原始字符串: T
[QString::FromUtf8] 原始字符串: =
[QString::FromUtf8] 原始字符串: X
[QString::FromUtf8] 原始字符串: sub_2970
[QString::FromUtf8] 原始字符串: LOAD
[QString::FromUtf8] 原始字符串: sleep
[QString::FromUtf8] 原始字符串: LOAD
[QString::FromUtf8] 原始字符串: sem_wait
[QString::FromUtf8] 原始字符串: LOAD
[QString::FromUtf8] 原始字符串: __strrchr_chk
[QString::FromUtf8] 原始字符串: LOAD
[QString::FromUtf8] 原始字符串: deflateEnd
[QString::FromUtf8] 原始字符串: LOAD
[QString::FromUtf8] 原始字符串: pipe
[QString::FromUtf8] 原始字符串: LOAD
[QString::FromUtf8] 原始字符串: atoi
[QString::FromUtf8] 原始字符串: LOAD
[QString::FromUtf8] 原始字符串: pthread_create
[QString::FromUtf8] 原始字符串: LOAD
[QString::FromUtf8] 原始字符串: wait
[QString::FromUtf8] 原始字符串: LOAD
[QString::FromUtf8] 原始字符串: pthread_join
[QString::FromUtf8] 原始字符串: LOAD
[QString::FromUtf8] 原始字符串: strtoull
[QString::FromUtf8] 原始字符串: LOAD
[QString::FromUtf8] 原始字符串: realloc
[QString::FromUtf8] 原始字符串: LOAD
[QString::FromUtf8] 原始字符串: gettid
[QString::FromUtf8] 原始字符串: LOAD
[QString::FromUtf8] 原始字符串: open
[QString::FromUtf8] 原始字符串: LOAD
[QString::FromUtf8] 原始字符串: pthread_key_create
[QString::FromUtf8] 原始字符串: LOAD
[QString::FromUtf8] 原始字符串: __vsnprintf_chk
[QString::FromUtf8] 原始字符串: LOAD
[QString::FromUtf8] 原始字符串: __strlcpy_chk
[QString::FromUtf8] 原始字符串: LOAD
[QString::FromUtf8] 原始字符串: inflate
[QString::FromUtf8] 原始字符串: LOAD
[QString::FromUtf8] 原始字符串: pthread_mutex_trylock
[QString::FromUtf8] 原始字符串: LOAD
[QString::FromUtf8] 原始字符串: pthread_once
[QString::FromUtf8] 原始字符串: LOAD
[QString::FromUtf8] 原始字符串: __cxa_finalize
[QString::FromUtf8] 原始字符串: LOAD
[QString::FromUtf8] 原始字符串: ptrace
[QString::FromUtf8] 原始字符串: LOAD
[QString::FromUtf8] 原始字符串: siglongjmp
[QString::FromUtf8] 原始字符串: LOAD
[QString::FromUtf8] 原始字符串: mkdir
[QString::FromUtf8] 原始字符串: LOAD
[QString::FromUtf8] 原始字符串: calloc
[QString::FromUtf8] 原始字符串: LOAD
[QString::FromUtf8] 原始字符串: start
[QString::FromUtf8] 原始字符串: LOAD
[QString::FromUtf8] 原始字符串: sub_2B1C
[QString::FromUtf8] 原始字符串: LOAD
[QString::FromUtf8] 原始字符串: sub_2BF8
[QString::FromUtf8] 原始字符串: LOAD
[QString::FromUtf8] 原始字符串: sub_2CD0
[QString::FromUtf8] 原始字符串: LOAD
[QString::FromUtf8] 原始字符串: sub_303C
[QString::FromUtf8] 原始字符串: LOAD
[QString::FromUtf8] 原始字符串: sub_3184
[QString::FromUtf8] 原始字符串: LOAD
[QString::FromUtf8] 原始字符串: sub_33F8
[QString::FromUtf8] 原始字符串: LOAD
[QString::FromUtf8] 原始字符串: sub_4990
[QString::FromUtf8] 原始字符串: LOAD
[QString::FromUtf8] 原始字符串: __imp_sleep
[QString::FromUtf8] 原始字符串: extern
[QString::FromUtf8] 原始字符串: mprotect
[QString::FromUtf8] 原始字符串: extern
[QString::FromUtf8] 原始字符串: pthread_detach
[QString::FromUtf8] 原始字符串: extern
[QString::FromUtf8] 原始字符串: __imp_sem_wait
[QString::FromUtf8] 原始字符串: extern
[QString::FromUtf8] 原始字符串: Function name
[QString::FromUtf8] 原始字符串: Segment
[QString::FromUtf8] 原始字符串: sub_2970
[QString::FromUtf8] 原始字符串: LOAD
[QString::FromUtf8] 原始字符串: sleep
[QString::FromUtf8] 原始字符串: LOAD
[QString::FromUtf8] 原始字符串: sem_wait
[QString::FromUtf8] 原始字符串: LOAD
[QString::FromUtf8] 原始字符串: __strrchr_chk
[QString::FromUtf8] 原始字符串: LOAD
[QString::FromUtf8] 原始字符串: deflateEnd
[QString::FromUtf8] 原始字符串: LOAD
[QString::FromUtf8] 原始字符串: pipe
[QString::FromUtf8] 原始字符串: LOAD
[QString::FromUtf8] 原始字符串: atoi
[QString::FromUtf8] 原始字符串: LOAD
[QString::FromUtf8] 原始字符串: pthread_create
[QString::FromUtf8] 原始字符串: LOAD
[QString::FromUtf8] 原始字符串: wait
[QString::FromUtf8] 原始字符串: LOAD
[QString::FromUtf8] 原始字符串: pthread_join
[QString::FromUtf8] 原始字符串: LOAD
[QString::FromUtf8] 原始字符串: strtoull
[QString::FromUtf8] 原始字符串: LOAD
[QString::FromUtf8] 原始字符串: realloc
[QString::FromUtf8] 原始字符串: LOAD
[QString::FromUtf8] 原始字符串: gettid
[QString::FromUtf8] 原始字符串: LOAD
[QString::FromUtf8] 原始字符串: open
[QString::FromUtf8] 原始字符串: LOAD
[QString::FromUtf8] 原始字符串: pthread_key_create
[QString::FromUtf8] 原始字符串: LOAD
[QString::FromUtf8] 原始字符串: __vsnprintf_chk
[QString::FromUtf8] 原始字符串: LOAD
[QString::FromUtf8] 原始字符串: __strlcpy_chk
[QString::FromUtf8] 原始字符串: LOAD
[QString::FromUtf8] 原始字符串: inflate
[QString::FromUtf8] 原始字符串: LOAD
[QString::FromUtf8] 原始字符串: pthread_mutex_trylock
[QString::FromUtf8] 原始字符串: LOAD
[QString::FromUtf8] 原始字符串: pthread_once
[QString::FromUtf8] 原始字符串: LOAD
[QString::FromUtf8] 原始字符串: __cxa_finalize
[QString::FromUtf8] 原始字符串: LOAD
[QString::FromUtf8] 原始字符串: ptrace
[QString::FromUtf8] 原始字符串: LOAD
[QString::FromUtf8] 原始字符串: siglongjmp
[QString::FromUtf8] 原始字符串: LOAD
[QString::FromUtf8] 原始字符串: mkdir
[QString::FromUtf8] 原始字符串: LOAD
[QString::FromUtf8] 原始字符串: calloc
[QString::FromUtf8] 原始字符串: LOAD
[QString::FromUtf8] 原始字符串: start
[QString::FromUtf8] 原始字符串: LOAD
[QString::FromUtf8] 原始字符串: sub_2B1C
[QString::FromUtf8] 原始字符串: LOAD
[QString::FromUtf8] 原始字符串: sub_2BF8
[QString::FromUtf8] 原始字符串: LOAD
[QString::FromUtf8] 原始字符串: sub_2CD0
[QString::FromUtf8] 原始字符串: LOAD
[QString::FromUtf8] 原始字符串: sub_303C
[QString::FromUtf8] 原始字符串: LOAD
[QString::FromUtf8] 原始字符串: sub_3184
[QString::FromUtf8] 原始字符串: LOAD
[QString::FromUtf8] 原始字符串: sub_33F8
[QString::FromUtf8] 原始字符串: LOAD
[QString::FromUtf8] 原始字符串: sub_4990
[QString::FromUtf8] 原始字符串: LOAD
[QString::FromUtf8] 原始字符串: __imp_sleep
[QString::FromUtf8] 原始字符串: extern
[QString::FromUtf8] 原始字符串: mprotect
[QString::FromUtf8] 原始字符串: extern
[QString::FromUtf8] 原始字符串: pthread_detach
[QString::FromUtf8] 原始字符串: extern
[QString::FromUtf8] 原始字符串: __imp_sem_wait
[QString::FromUtf8] 原始字符串: extern
[QString::FromUtf8] 原始字符串: sub_2CD0
[QString::FromUtf8] 原始字符串: LOAD
[QString::FromUtf8] 原始字符串: sub_303C
[QString::FromUtf8] 原始字符串: LOAD
[QString::FromUtf8] 原始字符串: sub_303C
[QString::FromUtf8] 原始字符串: LOAD
[QString::FromUtf8] 原始字符串: sub_3184
[QString::FromUtf8] 原始字符串: LOAD
[QString::FromUtf8] 原始字符串: sub_3184
[QString::FromUtf8] 原始字符串: LOAD
[QString::FromUtf8] 原始字符串: sub_33F8
[QString::FromUtf8] 原始字符串: LOAD
[QString::FromUtf8] 原始字符串: sub_33F8
[QString::FromUtf8] 原始字符串: LOAD
[QString::FromUtf8] 原始字符串: sub_4990
[QString::FromUtf8] 原始字符串: LOAD
[QString::FromUtf8] 原始字符串: sub_4990
[QString::FromUtf8] 原始字符串: LOAD
[QString::FromUtf8] 原始字符串: __imp_sleep
[QString::FromUtf8] 原始字符串: extern
[QString::FromUtf8] 原始字符串: __imp_sleep
[QString::FromUtf8] 原始字符串: extern
[QString::FromUtf8] 原始字符串: mprotect
[QString::FromUtf8] 原始字符串: extern
[QString::FromUtf8] 原始字符串: mprotect
[QString::FromUtf8] 原始字符串: extern
[QString::FromUtf8] 原始字符串: pthread_detach
[QString::FromUtf8] 原始字符串: extern
[QString::FromUtf8] 原始字符串: pthread_detach
[QString::FromUtf8] 原始字符串: extern
[QString::FromUtf8] 原始字符串: __imp_sem_wait
[QString::FromUtf8] 原始字符串: extern
[QString::FromUtf8] 原始字符串: pthread_detach
[QString::FromUtf8] 原始字符串: extern
[QString::FromUtf8] 原始字符串: __imp_sem_wait
[QString::FromUtf8] 原始字符串: extern
[QString::FromUtf8] 原始字符串: mprotect
[QString::FromUtf8] 原始字符串: extern
[QString::FromUtf8] 原始字符串: pthread_detach
[QString::FromUtf8] 原始字符串: extern
[QString::FromUtf8] 原始字符串: __imp_sleep
[QString::FromUtf8] 原始字符串: extern
[QString::FromUtf8] 原始字符串: mprotect
[QString::FromUtf8] 原始字符串: extern
[QString::FromUtf8] 原始字符串: sub_4990
[QString::FromUtf8] 原始字符串: LOAD
[QString::FromUtf8] 原始字符串: __imp_sleep
[QString::FromUtf8] 原始字符串: extern
[QString::FromUtf8] 原始字符串: sub_33F8
[QString::FromUtf8] 原始字符串: LOAD
[QString::FromUtf8] 原始字符串: sub_4990
[QString::FromUtf8] 原始字符串: LOAD
[QString::FromUtf8] 原始字符串: Default:Edit
[QString::FromUtf8] 原始字符串: Default:Search
[QString::FromUtf8] 原始字符串: Default:Jump
[QString::FromUtf8] 原始字符串: Open picture
[QString::FromUtf8] 原始字符串: ...     (unassigned)
[QString::FromUtf8] 原始字符串: ...     (unassigned)
[QString::FromUtf8] 原始字符串: ...     (unassigned)
[QString::FromUtf8] 原始字符串: ...     (unassigned)
[QString::FromUtf8] 原始字符串: ...     (unassigned)
[QString::FromUtf8] 原始字符串: ...     (unassigned)
[QString::FromUtf8] 原始字符串: ...     (unassigned)
[QString::FromUtf8] 原始字符串: ...     (unassigned)
[QString::FromUtf8] 原始字符串: Start process
[QString::FromUtf8] 原始字符串: Tabular views
[QString::FromUtf8] 原始字符串: Tabular views
[QString::FromUtf8] 原始字符串: Undo 
[QString::FromUtf8] 原始字符串: Redo 
[QString::FromUtf8] 原始字符串: Disable undo
[QString::FromUtf8] 原始字符串: Metadata History
[QString::FromUtf8] 原始字符串: Create folder...
[QString::FromUtf8] 原始字符串: Expand entire tree
[QString::FromUtf8] 原始字符串: Collapse entire tree
[QString::FromUtf8] 原始字符串: Edit function...
[QString::FromUtf8] 原始字符串: Delete function(s)...
[QString::FromUtf8] 原始字符串: Tree:Edit
[QString::FromUtf8] 原始字符串: Tree:Search
[QString::FromUtf8] 原始字符串: Open picture
[QString::FromUtf8] 原始字符串: ...     (unassigned)
[QString::FromUtf8] 原始字符串: ...     (unassigned)
[QString::FromUtf8] 原始字符串: ...     (unassigned)
[QString::FromUtf8] 原始字符串: ...     (unassigned)
[QString::FromUtf8] 原始字符串: ...     (unassigned)
[QString::FromUtf8] 原始字符串: ...     (unassigned)
[QString::FromUtf8] 原始字符串: ...     (unassigned)
[QString::FromUtf8] 原始字符串: ...     (unassigned)
[QString::FromUtf8] 原始字符串: Start process
[QString::FromUtf8] 原始字符串: Tabular views
[QString::FromUtf8] 原始字符串: Tabular views
[QString::FromUtf8] 原始字符串: Undo 
[QString::FromUtf8] 原始字符串: Redo 
[QString::FromUtf8] 原始字符串: Disable undo
[QString::FromUtf8] 原始字符串: Metadata History
[QString::FromUtf8] 原始字符串: Create folder...
[QString::FromUtf8] 原始字符串: Expand entire tree
[QString::FromUtf8] 原始字符串: Collapse entire tree
[QString::FromUtf8] 原始字符串: Line 32 of 262, /sub_33F8
[QString::FromUtf8] 原始字符串: ...     (unassigned)
[QString::FromUtf8] 原始字符串: ...     (unassigned)
[QString::FromUtf8] 原始字符串: ...     (unassigned)
[QString::FromUtf8] 原始字符串: ...     (unassigned)
[QString::FromUtf8] 原始字符串: ...     (unassigned)
[QString::FromUtf8] 原始字符串: ...     (unassigned)
[QString::FromUtf8] 原始字符串: ...     (unassigned)
[QString::FromUtf8] 原始字符串: ...     (unassigned)
[QString::FromUtf8] 原始字符串: Start process
[QString::FromUtf8] 原始字符串: Tabular views
[QString::FromUtf8] 原始字符串: Undo 
[QString::FromUtf8] 原始字符串: Redo 
[QString::FromUtf8] 原始字符串: Disable undo
[QString::FromUtf8] 原始字符串: Metadata History
[QString::FromUtf8] 原始字符串: Create folder...
[QString::FromUtf8] 原始字符串: Expand entire tree
[QString::FromUtf8] 原始字符串: Collapse entire tree
[QString::FromUtf8] 原始字符串: ...     (unassigned)
[QString::FromUtf8] 原始字符串: ...     (unassigned)
[QString::FromUtf8] 原始字符串: ...     (unassigned)
[QString::FromUtf8] 原始字符串: ...     (unassigned)
[QString::FromUtf8] 原始字符串: ...     (unassigned)
[QString::FromUtf8] 原始字符串: ...     (unassigned)
[QString::FromUtf8] 原始字符串: ...     (unassigned)
[QString::FromUtf8] 原始字符串: ...     (unassigned)
[QString::FromUtf8] 原始字符串: Start process
[QString::FromUtf8] 原始字符串: Tabular views
[QString::FromUtf8] 原始字符串: Undo 
[QString::FromUtf8] 原始字符串: Redo 
[QString::FromUtf8] 原始字符串: Disable undo
[QString::FromUtf8] 原始字符串: Revert function sub_33F8
[QString::FromUtf8] 原始字符串: Metadata History
[QString::FromUtf8] 原始字符串: Create folder with items...
[QString::FromUtf8] 原始字符串: sub_2970
[QString::FromUtf8] 原始字符串: LOAD
[QString::FromUtf8] 原始字符串: sleep
[QString::FromUtf8] 原始字符串: LOAD
[QString::FromUtf8] 原始字符串: sem_wait
[QString::FromUtf8] 原始字符串: LOAD
[QString::FromUtf8] 原始字符串: __strrchr_chk
[QString::FromUtf8] 原始字符串: LOAD
[QString::FromUtf8] 原始字符串: deflateEnd
[QString::FromUtf8] 原始字符串: LOAD
[QString::FromUtf8] 原始字符串: pipe
[QString::FromUtf8] 原始字符串: LOAD
[QString::FromUtf8] 原始字符串: atoi
[QString::FromUtf8] 原始字符串: LOAD
[QString::FromUtf8] 原始字符串: pthread_create
[QString::FromUtf8] 原始字符串: LOAD
[QString::FromUtf8] 原始字符串: wait
[QString::FromUtf8] 原始字符串: LOAD
[QString::FromUtf8] 原始字符串: pthread_join
[QString::FromUtf8] 原始字符串: LOAD
[QString::FromUtf8] 原始字符串: strtoull
[QString::FromUtf8] 原始字符串: LOAD
[QString::FromUtf8] 原始字符串: realloc
[QString::FromUtf8] 原始字符串: LOAD
[QString::FromUtf8] 原始字符串: gettid
[QString::FromUtf8] 原始字符串: LOAD
[QString::FromUtf8] 原始字符串: open
[QString::FromUtf8] 原始字符串: LOAD
[QString::FromUtf8] 原始字符串: pthread_key_create
[QString::FromUtf8] 原始字符串: LOAD
[QString::FromUtf8] 原始字符串: __vsnprintf_chk
[QString::FromUtf8] 原始字符串: LOAD
[QString::FromUtf8] 原始字符串: __strlcpy_chk
[QString::FromUtf8] 原始字符串: LOAD
[QString::FromUtf8] 原始字符串: inflate
[QString::FromUtf8] 原始字符串: LOAD
[QString::FromUtf8] 原始字符串: pthread_mutex_trylock
[QString::FromUtf8] 原始字符串: LOAD
[QString::FromUtf8] 原始字符串: pthread_once
[QString::FromUtf8] 原始字符串: LOAD
[QString::FromUtf8] 原始字符串: __cxa_finalize
[QString::FromUtf8] 原始字符串: LOAD
[QString::FromUtf8] 原始字符串: ptrace
[QString::FromUtf8] 原始字符串: LOAD
[QString::FromUtf8] 原始字符串: siglongjmp
[QString::FromUtf8] 原始字符串: LOAD
[QString::FromUtf8] 原始字符串: mkdir
[QString::FromUtf8] 原始字符串: LOAD
[QString::FromUtf8] 原始字符串: calloc
[QString::FromUtf8] 原始字符串: LOAD
[QString::FromUtf8] 原始字符串: start
[QString::FromUtf8] 原始字符串: LOAD
[QString::FromUtf8] 原始字符串: sub_2B1C
[QString::FromUtf8] 原始字符串: LOAD
[QString::FromUtf8] 原始字符串: sub_2BF8
[QString::FromUtf8] 原始字符串: LOAD
[QString::FromUtf8] 原始字符串: sub_2CD0
[QString::FromUtf8] 原始字符串: LOAD
[QString::FromUtf8] 原始字符串: sub_303C
[QString::FromUtf8] 原始字符串: LOAD
[QString::FromUtf8] 原始字符串: sub_3184
[QString::FromUtf8] 原始字符串: LOAD
[QString::FromUtf8] 原始字符串: sub_33F8
[QString::FromUtf8] 原始字符串: LOAD
[QString::FromUtf8] 原始字符串: sub_4990
[QString::FromUtf8] 原始字符串: LOAD
[QString::FromUtf8] 原始字符串: __imp_sleep
[QString::FromUtf8] 原始字符串: extern
[QString::FromUtf8] 原始字符串: mprotect
[QString::FromUtf8] 原始字符串: extern
[QString::FromUtf8] 原始字符串: pthread_detach
[QString::FromUtf8] 原始字符串: extern
[QString::FromUtf8] 原始字符串: __imp_sem_wait
[QString::FromUtf8] 原始字符串: extern
[QString::FromUtf8] 原始字符串: Function name
[QString::FromUtf8] 原始字符串: Down
[QString::FromUtf8] 原始字符串: Function name
[QString::FromUtf8] 原始字符串: Segment
[QString::FromUtf8] 原始字符串: Start
[QString::FromUtf8] 原始字符串: Length
[QString::FromUtf8] 原始字符串: Locals
[QString::FromUtf8] 原始字符串: Arguments
[QString::FromUtf8] 原始字符串: R
[QString::FromUtf8] 原始字符串: F
[QString::FromUtf8] 原始字符串: L
[QString::FromUtf8] 原始字符串: M
[QString::FromUtf8] 原始字符串: O
[QString::FromUtf8] 原始字符串: S
[QString::FromUtf8] 原始字符串: B
[QString::FromUtf8] 原始字符串: T
[QString::FromUtf8] 原始字符串: =
[QString::FromUtf8] 原始字符串: X
[QString::FromUtf8] 原始字符串: Line 32 of 262, /sub_33F8
[QString::FromUtf8] 原始字符串: Default:Edit
[QString::FromUtf8] 原始字符串: Default:Search
[QString::FromUtf8] 原始字符串: Default:Jump
[QString::FromUtf8] 原始字符串: Open picture
[QString::FromUtf8] 原始字符串: ...     (unassigned)
[QString::FromUtf8] 原始字符串: ...     (unassigned)
[QString::FromUtf8] 原始字符串: ...     (unassigned)
[QString::FromUtf8] 原始字符串: ...     (unassigned)
[QString::FromUtf8] 原始字符串: ...     (unassigned)
[QString::FromUtf8] 原始字符串: ...     (unassigned)
[QString::FromUtf8] 原始字符串: ...     (unassigned)
[QString::FromUtf8] 原始字符串: ...     (unassigned)
[QString::FromUtf8] 原始字符串: Start process
[QString::FromUtf8] 原始字符串: Undo Quick filter
[QString::FromUtf8] 原始字符串: Redo 
[QString::FromUtf8] 原始字符串: Disable undo
[QString::FromUtf8] 原始字符串: Open picture
[QString::FromUtf8] 原始字符串: ...     (unassigned)
[QString::FromUtf8] 原始字符串: ...     (unassigned)
[QString::FromUtf8] 原始字符串: ...     (unassigned)
[QString::FromUtf8] 原始字符串: ...     (unassigned)
[QString::FromUtf8] 原始字符串: ...     (unassigned)
[QString::FromUtf8] 原始字符串: ...     (unassigned)
[QString::FromUtf8] 原始字符串: ...     (unassigned)
[QString::FromUtf8] 原始字符串: ...     (unassigned)
[QString::FromUtf8] 原始字符串: Start process
[QString::FromUtf8] 原始字符串: Undo Quick filter
[QString::FromUtf8] 原始字符串: Redo 
[QString::FromUtf8] 原始字符串: Disable undo
[QString::FromUtf8] 原始字符串: Undo 
[QString::FromUtf8] 原始字符串: Redo 
[QString::FromUtf8] 原始字符串: Down
[QString::FromUtf8] 原始字符串: ...     (unassigned)
[QString::FromUtf8] 原始字符串: ...     (unassigned)
[QString::FromUtf8] 原始字符串: ...     (unassigned)
[QString::FromUtf8] 原始字符串: ...     (unassigned)
[QString::FromUtf8] 原始字符串: ...     (unassigned)
[QString::FromUtf8] 原始字符串: ...     (unassigned)
[QString::FromUtf8] 原始字符串: ...     (unassigned)
[QString::FromUtf8] 原始字符串: ...     (unassigned)
[QString::FromUtf8] 原始字符串: Start process
[QString::FromUtf8] 原始字符串: Undo 
[QString::FromUtf8] 原始字符串: Redo 
[QString::FromUtf8] 原始字符串: Disable undo
[QString::FromUtf8] 原始字符串: sub_2970
[QString::FromUtf8] 原始字符串: LOAD
[QString::FromUtf8] 原始字符串: sleep
[QString::FromUtf8] 原始字符串: LOAD
[QString::FromUtf8] 原始字符串: sem_wait
[QString::FromUtf8] 原始字符串: LOAD
[QString::FromUtf8] 原始字符串: __strrchr_chk
[QString::FromUtf8] 原始字符串: LOAD
[QString::FromUtf8] 原始字符串: deflateEnd
[QString::FromUtf8] 原始字符串: LOAD
[QString::FromUtf8] 原始字符串: pipe
[QString::FromUtf8] 原始字符串: LOAD
[QString::FromUtf8] 原始字符串: atoi
[QString::FromUtf8] 原始字符串: LOAD
[QString::FromUtf8] 原始字符串: pthread_create
[QString::FromUtf8] 原始字符串: LOAD
[QString::FromUtf8] 原始字符串: wait
[QString::FromUtf8] 原始字符串: LOAD
[QString::FromUtf8] 原始字符串: pthread_join
[QString::FromUtf8] 原始字符串: LOAD
[QString::FromUtf8] 原始字符串: strtoull
[QString::FromUtf8] 原始字符串: LOAD
[QString::FromUtf8] 原始字符串: realloc
[QString::FromUtf8] 原始字符串: LOAD
[QString::FromUtf8] 原始字符串: gettid
[QString::FromUtf8] 原始字符串: LOAD
[QString::FromUtf8] 原始字符串: open
[QString::FromUtf8] 原始字符串: LOAD
[QString::FromUtf8] 原始字符串: pthread_key_create
[QString::FromUtf8] 原始字符串: LOAD
[QString::FromUtf8] 原始字符串: __vsnprintf_chk
[QString::FromUtf8] 原始字符串: LOAD
[QString::FromUtf8] 原始字符串: __strlcpy_chk
[QString::FromUtf8] 原始字符串: LOAD
[QString::FromUtf8] 原始字符串: inflate
[QString::FromUtf8] 原始字符串: LOAD
[QString::FromUtf8] 原始字符串: pthread_mutex_trylock
[QString::FromUtf8] 原始字符串: LOAD
[QString::FromUtf8] 原始字符串: pthread_once
[QString::FromUtf8] 原始字符串: LOAD
[QString::FromUtf8] 原始字符串: __cxa_finalize
[QString::FromUtf8] 原始字符串: LOAD
[QString::FromUtf8] 原始字符串: ptrace
[QString::FromUtf8] 原始字符串: LOAD
[QString::FromUtf8] 原始字符串: siglongjmp
[QString::FromUtf8] 原始字符串: LOAD
[QString::FromUtf8] 原始字符串: mkdir
[QString::FromUtf8] 原始字符串: LOAD
[QString::FromUtf8] 原始字符串: calloc
[QString::FromUtf8] 原始字符串: LOAD
[QString::FromUtf8] 原始字符串: start
[QString::FromUtf8] 原始字符串: LOAD
[QString::FromUtf8] 原始字符串: sub_2B1C
[QString::FromUtf8] 原始字符串: LOAD
[QString::FromUtf8] 原始字符串: sub_2BF8
[QString::FromUtf8] 原始字符串: LOAD
[QString::FromUtf8] 原始字符串: sub_2CD0
[QString::FromUtf8] 原始字符串: LOAD
[QString::FromUtf8] 原始字符串: sub_303C
[QString::FromUtf8] 原始字符串: LOAD
[QString::FromUtf8] 原始字符串: sub_3184
[QString::FromUtf8] 原始字符串: LOAD
[QString::FromUtf8] 原始字符串: sub_33F8
[QString::FromUtf8] 原始字符串: LOAD
[QString::FromUtf8] 原始字符串: sub_4990
[QString::FromUtf8] 原始字符串: LOAD
[QString::FromUtf8] 原始字符串: __imp_sleep
[QString::FromUtf8] 原始字符串: extern
[QString::FromUtf8] 原始字符串: mprotect
[QString::FromUtf8] 原始字符串: extern
[QString::FromUtf8] 原始字符串: pthread_detach
[QString::FromUtf8] 原始字符串: extern
[QString::FromUtf8] 原始字符串: Function name
[QString::FromUtf8] 原始字符串: Segment
[QString::FromUtf8] 原始字符串: sub_2970
[QString::FromUtf8] 原始字符串: LOAD
[QString::FromUtf8] 原始字符串: 0000000000002970
[QString::FromUtf8] 原始字符串: 00000014
[QString::FromUtf8] 原始字符串: 00000010
[QString::FromUtf8] 原始字符串: R
[QString::FromUtf8] 原始字符串: .
[QString::FromUtf8] 原始字符串: .
[QString::FromUtf8] 原始字符串: .
[QString::FromUtf8] 原始字符串: .
[QString::FromUtf8] 原始字符串: .
[QString::FromUtf8] 原始字符串: .
[QString::FromUtf8] 原始字符串: .
[QString::FromUtf8] 原始字符串: .
[QString::FromUtf8] 原始字符串: .
[QString::FromUtf8] 原始字符串: Function name
[QString::FromUtf8] 原始字符串: Segment
[QString::FromUtf8] 原始字符串: Start
[QString::FromUtf8] 原始字符串: Length
[QString::FromUtf8] 原始字符串: Locals
[QString::FromUtf8] 原始字符串: Arguments
[QString::FromUtf8] 原始字符串: R
[QString::FromUtf8] 原始字符串: F
[QString::FromUtf8] 原始字符串: L
[QString::FromUtf8] 原始字符串: M
[QString::FromUtf8] 原始字符串: O
[QString::FromUtf8] 原始字符串: S
[QString::FromUtf8] 原始字符串: B
[QString::FromUtf8] 原始字符串: T
[QString::FromUtf8] 原始字符串: =
[QString::FromUtf8] 原始字符串: X
[QString::FromUtf8] 原始字符串: Line 32 of 262, /sub_33F8
[QString::FromUtf8] 原始字符串: Line 32 of 262, /sub_33F8
[QString::FromUtf8] 原始字符串: LOAD:0000000000004B40                 LDR             X8, =0x959B890995959595
[QString::FromUtf8] 长度超过50字符，跳过替换
[QString::FromUtf8] 原始字符串: LOAD:0000000000004B40 ; ---------------------------------------------------------------------------
[QString::FromUtf8] 长度超过50字符，跳过替换
[QString::FromUtf8] 原始字符串: LOAD:0000000000004B30                 DCQ 0x4B05164A05184905, 0x970C4F050E4E0514
[QString::FromUtf8] 长度超过50字符，跳过替换
[QString::FromUtf8] 原始字符串: LOAD:0000000000004B10                 DCQ 0x5C00000074, 0x36CFFFFE1B8, 0x4C054401C00E4200, 0x1A48054E104D0512
[QString::FromUtf8] 长度超过50字符，跳过替换
[QString::FromUtf8] 原始字符串: LOAD:0000000000004B44                 ADR             X30, 0xFFFFFFFFFFF2AED5
[QString::FromUtf8] 长度超过50字符，跳过替换
[QString::FromUtf8] 原始字符串: LOAD:0000000000004B48                 STP             S20, S11, [X20],#0xA8
[QString::FromUtf8] 长度超过50字符，跳过替换
[QString::FromUtf8] 原始字符串: LOAD:0000000000004B48 ; ---------------------------------------------------------------------------
[QString::FromUtf8] 长度超过50字符，跳过替换
[QString::FromUtf8] 原始字符串: LOAD:0000000000004B4C                 DCD 0x24992A96
[QString::FromUtf8] 长度超过50字符，跳过替换
[QString::FromUtf8] 原始字符串: LOAD:0000000000004B50                 DCQ 0xC031E9C209B229A, 0x642D3D442DE0A01, 0x642D5D642480649
[QString::FromUtf8] 长度超过50字符，跳过替换
[QString::FromUtf8] 原始字符串: LOAD:0000000000004B68                 DCQ 0x642D7D8424A064B, 0x642D9DA424C064D, 0xE42DBDC424E064F
[QString::FromUtf8] 长度超过50字符，跳过替换
[QString::FromUtf8] 原始字符串: LOAD:0000000000004B80                 DCQ unk_B4200
[QString::FromUtf8] 长度超过50字符，跳过替换
[QString::FromUtf8] 原始字符串: LOAD:0000000000004B88                 DCB 0x34 ; 4
[QString::FromUtf8] 原始字符串: LOAD:0000000000004B89                 DCB 0, 0, 0, 0xD4, 0, 0, 0
[QString::FromUtf8] 长度超过50字符，跳过替换
[QString::FromUtf8] 原始字符串: LOAD:0000000000004B90                 DCQ 0x148FFFFE4AC, 0x9810974E600E4200, 0x18934C129614950E
[QString::FromUtf8] 长度超过50字符，跳过替换
[QString::FromUtf8] 原始字符串: LOAD:0000000000004BA8                 DCQ 0xD40A6A020C9E1694, 0x42D7D842D5D642D3, 0xB42000E42DE
[QString::FromUtf8] 长度超过50字符，跳过替换
[QString::FromUtf8] 原始字符串: LOAD:0000000000004BC0                 DCQ 0x10C00000024, 0x274FFFFE5BC, 0x4C9E4E02B00E4400, 0x42000E42DE0A5C02
[QString::FromUtf8] 长度超过50字符，跳过替换
[QString::FromUtf8] 原始字符串: LOAD:0000000000004BE0                 DCQ 0xB, 0x13400000094, 0x1388FFFFE808, 0x900E4418F00E4200
[QString::FromUtf8] 长度超过50字符，跳过替换
[QString::FromUtf8] 原始字符串: LOAD:0000000000004C00                 DCB 0x1A, 0x5E, 0xE, 0xA0
[QString::FromUtf8] 长度超过50字符，跳过替换
[QString::FromUtf8] 原始字符串: LOAD:0000000000004C04 ; ---------------------------------------------------------------------------
[QString::FromUtf8] 长度超过50字符，跳过替换
[QString::FromUtf8] 原始字符串: LOAD:0000000000004C04                 FMAXNMP         V26.4H, V8.4H, V8.4H
[QString::FromUtf8] 长度超过50字符，跳过替换
[QString::FromUtf8] 原始字符串: LOAD:0000000000004C08                 LDNP            Q6, Q1, [X8,#0x120]
[QString::FromUtf8] 长度超过50字符，跳过替换
[QString::FromUtf8] 原始字符串: LOAD:0000000000004C0C                 ORR             X6, X8, X10,LSR#1
[QString::FromUtf8] 长度超过50字符，跳过替换
[QString::FromUtf8] 原始字符串: LOAD:0000000000004C10                 LDNP            X6, X1, [X8,#0xB0]
[QString::FromUtf8] 长度超过50字符，跳过替换
[QString::FromUtf8] 原始字符串: LOAD:0000000000004C10 ; ---------------------------------------------------------------------------
[QString::FromUtf8] 长度超过50字符，跳过替换
[QString::FromUtf8] 原始字符串: LOAD:0000000000004C14                 DCD 0x6C49306
[QString::FromUtf8] 长度超过50字符，跳过替换
[QString::FromUtf8] 原始字符串: LOAD:0000000000004C18                 DCQ 0x506A64C0506C294, 0xBE9606C09506A44D, 0xA04F0506A24E0506
[QString::FromUtf8] 长度超过50字符，跳过替换
[QString::FromUtf8] 原始字符串: LOAD:0000000000004C30                 DCQ 0x9906BA9806BC9706, 0x6B49B06B69A06B8, 0xD20306B09E06B29C
[QString::FromUtf8] 长度超过50字符，跳过替换
[QString::FromUtf8] 原始字符串: LOAD:0000000000004C48                 DCQ 0x4906421A900E0A05, 0x4B0642D3D4424806, 0x4D0642D5D6424A06
[QString::FromUtf8] 长度超过50字符，跳过替换
[QString::FromUtf8] 原始字符串: LOAD:0000000000004C60                 DCQ 0x4F0642D7D8424C06, 0xDBDC42D9DA424E06, 0xE4218F00E42DE42
[QString::FromUtf8] 长度超过50字符，跳过替换
[QString::FromUtf8] 原始字符串: LOAD:0000000000004C78                 DCQ 0xB4217D0, 0x1CC0000001C, 0x210FFFFFAF8, 0x20C9E50300E4200
[QString::FromUtf8] 长度超过50字符，跳过替换
[QString::FromUtf8] 原始字符串: LOAD:0000000000004C98                 DCQ 0xB42000E42DE0AD2
[QString::FromUtf8] 长度超过50字符，跳过替换
[QString::FromUtf8] 原始字符串: LOAD:0000000000004C98 ; LOAD          ends
[QString::FromUtf8] 原始字符串: LOAD:0000000000004C98
[QString::FromUtf8] 原始字符串: LOAD:0000000000014D08 ; ELF Initialization Function Table
[QString::FromUtf8] 长度超过50字符，跳过替换
[QString::FromUtf8] 原始字符串: LOAD:0000000000014D08 ; ===========================================================================
[QString::FromUtf8] 长度超过50字符，跳过替换
[QString::FromUtf8] 原始字符串: LOAD:0000000000014D08
[QString::FromUtf8] 原始字符串: LOAD:0000000000014D08 ; Segment type: Pure data
[QString::FromUtf8] 原始字符串: LOAD:0000000000014D08                 AREA LOAD, DATA, ALIGN=0
[QString::FromUtf8] 长度超过50字符，跳过替换
[QString::FromUtf8] 原始字符串: LOAD:0000000000014D08                 ; ORG 0x14D08
[QString::FromUtf8] 长度超过50字符，跳过替换
[QString::FromUtf8] 原始字符串: LOAD:0000000000014D08 off_14D08       DCQ loc_4780            ; DATA XREF: LOAD:0000000000000088↑o
[QString::FromUtf8] 长度超过50字符，跳过替换
[QString::FromUtf8] 原始字符串: LOAD:0000000000014D08                                         ; LOAD:00000000000001D8↑o
[QString::FromUtf8] 长度超过50字符，跳过替换
[QString::FromUtf8] 原始字符串: LOAD:0000000000014D10                 DCB    0
[QString::FromUtf8] 原始字符串: LOAD:0000000000014D11                 DCB    0
[QString::FromUtf8] 原始字符串: LOAD:0000000000014D12                 DCB    0
[QString::FromUtf8] 原始字符串: LOAD:0000000000014D13                 DCB    0
[QString::FromUtf8] 原始字符串: 0000000000004B44: LOAD:0000000000004B44
[QString::FromUtf8] 原始字符串: 00004B44
[QString::FromUtf8] 原始字符串: ...     (unassigned)
[QString::FromUtf8] 原始字符串: ...     (unassigned)
[QString::FromUtf8] 原始字符串: ...     (unassigned)
[QString::FromUtf8] 原始字符串: ...     (unassigned)
[QString::FromUtf8] 原始字符串: ...     (unassigned)
[QString::FromUtf8] 原始字符串: ...     (unassigned)
[QString::FromUtf8] 原始字符串: ...     (unassigned)
[QString::FromUtf8] 原始字符串: ...     (unassigned)
[QString::FromUtf8] 原始字符串: Start process
[QString::FromUtf8] 原始字符串: Undo 
[QString::FromUtf8] 原始字符串: Redo 
[QString::FromUtf8] 原始字符串: Disable undo
[QString::FromUtf8] 原始字符串: sub_2970
[QString::FromUtf8] 原始字符串: LOAD
[QString::FromUtf8] 原始字符串: sleep
[QString::FromUtf8] 原始字符串: LOAD
[QString::FromUtf8] 原始字符串: sem_wait
[QString::FromUtf8] 原始字符串: LOAD
[QString::FromUtf8] 原始字符串: __strrchr_chk
[QString::FromUtf8] 原始字符串: LOAD
[QString::FromUtf8] 原始字符串: deflateEnd
[QString::FromUtf8] 原始字符串: LOAD
[QString::FromUtf8] 原始字符串: pipe
[QString::FromUtf8] 原始字符串: LOAD
[QString::FromUtf8] 原始字符串: atoi
[QString::FromUtf8] 原始字符串: LOAD
[QString::FromUtf8] 原始字符串: pthread_create
[QString::FromUtf8] 原始字符串: LOAD
[QString::FromUtf8] 原始字符串: wait
[QString::FromUtf8] 原始字符串: LOAD
[QString::FromUtf8] 原始字符串: pthread_join
[QString::FromUtf8] 原始字符串: LOAD
[QString::FromUtf8] 原始字符串: strtoull
[QString::FromUtf8] 原始字符串: LOAD
[QString::FromUtf8] 原始字符串: realloc
[QString::FromUtf8] 原始字符串: LOAD
[QString::FromUtf8] 原始字符串: gettid
[QString::FromUtf8] 原始字符串: LOAD
[QString::FromUtf8] 原始字符串: open
[QString::FromUtf8] 原始字符串: LOAD
[QString::FromUtf8] 原始字符串: pthread_key_create
[QString::FromUtf8] 原始字符串: LOAD
[QString::FromUtf8] 原始字符串: __vsnprintf_chk
[QString::FromUtf8] 原始字符串: LOAD
[QString::FromUtf8] 原始字符串: __strlcpy_chk
[QString::FromUtf8] 原始字符串: LOAD
[QString::FromUtf8] 原始字符串: inflate
[QString::FromUtf8] 原始字符串: LOAD
[QString::FromUtf8] 原始字符串: pthread_mutex_trylock
[QString::FromUtf8] 原始字符串: LOAD
[QString::FromUtf8] 原始字符串: pthread_once
[QString::FromUtf8] 原始字符串: LOAD
[QString::FromUtf8] 原始字符串: __cxa_finalize
[QString::FromUtf8] 原始字符串: LOAD
[QString::FromUtf8] 原始字符串: ptrace
[QString::FromUtf8] 原始字符串: LOAD
[QString::FromUtf8] 原始字符串: siglongjmp
[QString::FromUtf8] 原始字符串: LOAD
[QString::FromUtf8] 原始字符串: mkdir
[QString::FromUtf8] 原始字符串: LOAD
[QString::FromUtf8] 原始字符串: calloc
[QString::FromUtf8] 原始字符串: LOAD
[QString::FromUtf8] 原始字符串: start
[QString::FromUtf8] 原始字符串: LOAD
[QString::FromUtf8] 原始字符串: sub_2B1C
[QString::FromUtf8] 原始字符串: LOAD
[QString::FromUtf8] 原始字符串: sub_2BF8
[QString::FromUtf8] 原始字符串: LOAD
[QString::FromUtf8] 原始字符串: sub_2CD0
[QString::FromUtf8] 原始字符串: LOAD
[QString::FromUtf8] 原始字符串: sub_303C
[QString::FromUtf8] 原始字符串: LOAD
[QString::FromUtf8] 原始字符串: sub_3184
[QString::FromUtf8] 原始字符串: LOAD
[QString::FromUtf8] 原始字符串: sub_33F8
[QString::FromUtf8] 原始字符串: LOAD
[QString::FromUtf8] 原始字符串: sub_4990
[QString::FromUtf8] 原始字符串: LOAD
[QString::FromUtf8] 原始字符串: __imp_sleep
[QString::FromUtf8] 原始字符串: extern
[QString::FromUtf8] 原始字符串: mprotect
[QString::FromUtf8] 原始字符串: extern
[QString::FromUtf8] 原始字符串: pthread_detach
[QString::FromUtf8] 原始字符串: extern
[QString::FromUtf8] 原始字符串: Function name
[QString::FromUtf8] 原始字符串: Segment
[QString::FromUtf8] 原始字符串: n
[QString::FromUtf8] 原始字符串: deflateEnd
[QString::FromUtf8] 原始字符串: LOAD
[QString::FromUtf8] 原始字符串: 00000000000029C0
[QString::FromUtf8] 原始字符串: 00000010
[QString::FromUtf8] 原始字符串: R
[QString::FromUtf8] 原始字符串: .
[QString::FromUtf8] 原始字符串: .
[QString::FromUtf8] 原始字符串: .
[QString::FromUtf8] 原始字符串: .
[QString::FromUtf8] 原始字符串: .
[QString::FromUtf8] 原始字符串: .
[QString::FromUtf8] 原始字符串: .
[QString::FromUtf8] 原始字符串: .
[QString::FromUtf8] 原始字符串: .
[QString::FromUtf8] 原始字符串: Function name
[QString::FromUtf8] 原始字符串: Segment
[QString::FromUtf8] 原始字符串: Start
[QString::FromUtf8] 原始字符串: Length
[QString::FromUtf8] 原始字符串: Locals
[QString::FromUtf8] 原始字符串: Arguments
[QString::FromUtf8] 原始字符串: R
[QString::FromUtf8] 原始字符串: F
[QString::FromUtf8] 原始字符串: L
[QString::FromUtf8] 原始字符串: M
[QString::FromUtf8] 原始字符串: O
[QString::FromUtf8] 原始字符串: S
[QString::FromUtf8] 原始字符串: B
[QString::FromUtf8] 原始字符串: T
[QString::FromUtf8] 原始字符串: =
[QString::FromUtf8] 原始字符串: X
[QString::FromUtf8] 原始字符串: deflateEnd
[QString::FromUtf8] 原始字符串: LOAD
[QString::FromUtf8] 原始字符串: pthread_join
[QString::FromUtf8] 原始字符串: LOAD
[QString::FromUtf8] 原始字符串: open
[QString::FromUtf8] 原始字符串: LOAD
[QString::FromUtf8] 原始字符串: __vsnprintf_chk
[QString::FromUtf8] 原始字符串: LOAD
[QString::FromUtf8] 原始字符串: inflate
[QString::FromUtf8] 原始字符串: LOAD
[QString::FromUtf8] 原始字符串: pthread_once
[QString::FromUtf8] 原始字符串: LOAD
[QString::FromUtf8] 原始字符串: __cxa_finalize
[QString::FromUtf8] 原始字符串: LOAD
[QString::FromUtf8] 原始字符串: siglongjmp
[QString::FromUtf8] 原始字符串: LOAD
[QString::FromUtf8] 原始字符串: __imp_sleep
[QString::FromUtf8] 原始字符串: extern
[QString::FromUtf8] 原始字符串: mprotect
[QString::FromUtf8] 原始字符串: extern
[QString::FromUtf8] 原始字符串: pthread_detach
[QString::FromUtf8] 原始字符串: extern
[QString::FromUtf8] 原始字符串: __imp_sem_wait
[QString::FromUtf8] 原始字符串: extern
[QString::FromUtf8] 原始字符串: __imp___strrchr_chk
[QString::FromUtf8] 原始字符串: extern
[QString::FromUtf8] 原始字符串: __imp_deflateEnd
[QString::FromUtf8] 原始字符串: extern
[QString::FromUtf8] 原始字符串: pthread_mutex_destroy
[QString::FromUtf8] 原始字符串: extern
[QString::FromUtf8] 原始字符串: __imp_pipe
[QString::FromUtf8] 原始字符串: extern
[QString::FromUtf8] 原始字符串: __imp_atoi
[QString::FromUtf8] 原始字符串: extern
[QString::FromUtf8] 原始字符串: __imp_pthread_create
[QString::FromUtf8] 原始字符串: extern
[QString::FromUtf8] 原始字符串: __imp_wait
[QString::FromUtf8] 原始字符串: extern
[QString::FromUtf8] 原始字符串: strnlen
[QString::FromUtf8] 原始字符串: extern
[QString::FromUtf8] 原始字符串: __imp_pthread_join
[QString::FromUtf8] 原始字符串: extern
[QString::FromUtf8] 原始字符串: __imp_strtoull
[QString::FromUtf8] 原始字符串: extern
[QString::FromUtf8] 原始字符串: __imp_realloc
[QString::FromUtf8] 原始字符串: extern
[QString::FromUtf8] 原始字符串: __imp_gettid
[QString::FromUtf8] 原始字符串: extern
[QString::FromUtf8] 原始字符串: __imp_open
[QString::FromUtf8] 原始字符串: extern
[QString::FromUtf8] 原始字符串: __imp_pthread_key_create
[QString::FromUtf8] 原始字符串: extern
[QString::FromUtf8] 原始字符串: printf
[QString::FromUtf8] 原始字符串: extern
[QString::FromUtf8] 原始字符串: __imp___vsnprintf_chk
[QString::FromUtf8] 原始字符串: extern
[QString::FromUtf8] 原始字符串: __imp___strlcpy_chk
[QString::FromUtf8] 原始字符串: extern
[QString::FromUtf8] 原始字符串: sem_post
[QString::FromUtf8] 原始字符串: extern
[QString::FromUtf8] 原始字符串: __imp_inflate
[QString::FromUtf8] 原始字符串: extern
[QString::FromUtf8] 原始字符串: __imp_pthread_mutex_trylock
[QString::FromUtf8] 原始字符串: extern
[QString::FromUtf8] 原始字符串: __imp_pthread_once
[QString::FromUtf8] 原始字符串: extern
[QString::FromUtf8] 原始字符串: __imp___cxa_finalize
[QString::FromUtf8] 原始字符串: extern
[QString::FromUtf8] 原始字符串: ftell
[QString::FromUtf8] 原始字符串: extern
[QString::FromUtf8] 原始字符串: regcomp
[QString::FromUtf8] 原始字符串: extern
[QString::FromUtf8] 原始字符串: Function name
[QString::FromUtf8] 原始字符串: Segment
[QString::FromUtf8] 原始字符串: sub_2970
[QString::FromUtf8] 原始字符串: LOAD
[QString::FromUtf8] 原始字符串: 0000000000002970
[QString::FromUtf8] 原始字符串: 00000014
[QString::FromUtf8] 原始字符串: 00000010
[QString::FromUtf8] 原始字符串: R
[QString::FromUtf8] 原始字符串: .
[QString::FromUtf8] 原始字符串: .
[QString::FromUtf8] 原始字符串: .
[QString::FromUtf8] 原始字符串: .
[QString::FromUtf8] 原始字符串: .
[QString::FromUtf8] 原始字符串: .
[QString::FromUtf8] 原始字符串: .
[QString::FromUtf8] 原始字符串: .
[QString::FromUtf8] 原始字符串: .
[QString::FromUtf8] 原始字符串: Function name
[QString::FromUtf8] 原始字符串: Segment
[QString::FromUtf8] 原始字符串: Start
[QString::FromUtf8] 原始字符串: Length
[QString::FromUtf8] 原始字符串: Locals
[QString::FromUtf8] 原始字符串: Arguments
[QString::FromUtf8] 原始字符串: R
[QString::FromUtf8] 原始字符串: F
[QString::FromUtf8] 原始字符串: L
[QString::FromUtf8] 原始字符串: M
[QString::FromUtf8] 原始字符串: O
[QString::FromUtf8] 原始字符串: S
[QString::FromUtf8] 原始字符串: B
[QString::FromUtf8] 原始字符串: T
[QString::FromUtf8] 原始字符串: =
[QString::FromUtf8] 原始字符串: X
[QString::FromUtf8] 原始字符串: sub_2970
[QString::FromUtf8] 原始字符串: LOAD
[QString::FromUtf8] 原始字符串: sleep
[QString::FromUtf8] 原始字符串: LOAD
[QString::FromUtf8] 原始字符串: sem_wait
[QString::FromUtf8] 原始字符串: LOAD
[QString::FromUtf8] 原始字符串: __strrchr_chk
[QString::FromUtf8] 原始字符串: LOAD
[QString::FromUtf8] 原始字符串: deflateEnd
[QString::FromUtf8] 原始字符串: LOAD
[QString::FromUtf8] 原始字符串: pipe
[QString::FromUtf8] 原始字符串: LOAD
[QString::FromUtf8] 原始字符串: atoi
[QString::FromUtf8] 原始字符串: LOAD
[QString::FromUtf8] 原始字符串: pthread_create
[QString::FromUtf8] 原始字符串: LOAD
[QString::FromUtf8] 原始字符串: wait
[QString::FromUtf8] 原始字符串: LOAD
[QString::FromUtf8] 原始字符串: pthread_join
[QString::FromUtf8] 原始字符串: LOAD
[QString::FromUtf8] 原始字符串: strtoull
[QString::FromUtf8] 原始字符串: LOAD
[QString::FromUtf8] 原始字符串: realloc
[QString::FromUtf8] 原始字符串: LOAD
[QString::FromUtf8] 原始字符串: gettid
[QString::FromUtf8] 原始字符串: LOAD
[QString::FromUtf8] 原始字符串: open
[QString::FromUtf8] 原始字符串: LOAD
[QString::FromUtf8] 原始字符串: pthread_key_create
[QString::FromUtf8] 原始字符串: LOAD
[QString::FromUtf8] 原始字符串: __vsnprintf_chk
[QString::FromUtf8] 原始字符串: LOAD
[QString::FromUtf8] 原始字符串: __strlcpy_chk
[QString::FromUtf8] 原始字符串: LOAD
[QString::FromUtf8] 原始字符串: inflate
[QString::FromUtf8] 原始字符串: LOAD
[QString::FromUtf8] 原始字符串: pthread_mutex_trylock
[QString::FromUtf8] 原始字符串: LOAD
[QString::FromUtf8] 原始字符串: pthread_once
[QString::FromUtf8] 原始字符串: LOAD
[QString::FromUtf8] 原始字符串: __cxa_finalize
[QString::FromUtf8] 原始字符串: LOAD
[QString::FromUtf8] 原始字符串: ptrace
[QString::FromUtf8] 原始字符串: LOAD
[QString::FromUtf8] 原始字符串: siglongjmp
[QString::FromUtf8] 原始字符串: LOAD
[QString::FromUtf8] 原始字符串: mkdir
[QString::FromUtf8] 原始字符串: LOAD
[QString::FromUtf8] 原始字符串: calloc
[QString::FromUtf8] 原始字符串: LOAD
[QString::FromUtf8] 原始字符串: start
[QString::FromUtf8] 原始字符串: LOAD
[QString::FromUtf8] 原始字符串: sub_2B1C
[QString::FromUtf8] 原始字符串: LOAD
[QString::FromUtf8] 原始字符串: sub_2BF8
[QString::FromUtf8] 原始字符串: LOAD
[QString::FromUtf8] 原始字符串: sub_2CD0
[QString::FromUtf8] 原始字符串: LOAD
[QString::FromUtf8] 原始字符串: sub_303C
[QString::FromUtf8] 原始字符串: LOAD
[QString::FromUtf8] 原始字符串: sub_3184
[QString::FromUtf8] 原始字符串: LOAD
[QString::FromUtf8] 原始字符串: sub_33F8
[QString::FromUtf8] 原始字符串: LOAD
[QString::FromUtf8] 原始字符串: sub_4990
[QString::FromUtf8] 原始字符串: LOAD
[QString::FromUtf8] 原始字符串: __imp_sleep
[QString::FromUtf8] 原始字符串: extern
[QString::FromUtf8] 原始字符串: mprotect
[QString::FromUtf8] 原始字符串: extern
[QString::FromUtf8] 原始字符串: pthread_detach
[QString::FromUtf8] 原始字符串: extern
[QString::FromUtf8] 原始字符串: Function name
[QString::FromUtf8] 原始字符串: Segment
[QString::FromUtf8] 原始字符串: j
[QString::FromUtf8] 原始字符串: pthread_join
[QString::FromUtf8] 原始字符串: LOAD
[QString::FromUtf8] 原始字符串: 0000000000002A10
[QString::FromUtf8] 原始字符串: 00000010
[QString::FromUtf8] 原始字符串: R
[QString::FromUtf8] 原始字符串: .
[QString::FromUtf8] 原始字符串: .
[QString::FromUtf8] 原始字符串: .
[QString::FromUtf8] 原始字符串: .
[QString::FromUtf8] 原始字符串: .
[QString::FromUtf8] 原始字符串: .
[QString::FromUtf8] 原始字符串: T
[QString::FromUtf8] 原始字符串: .
[QString::FromUtf8] 原始字符串: .
[QString::FromUtf8] 原始字符串: Function name
[QString::FromUtf8] 原始字符串: Segment
[QString::FromUtf8] 原始字符串: Start
[QString::FromUtf8] 原始字符串: Length
[QString::FromUtf8] 原始字符串: Locals
[QString::FromUtf8] 原始字符串: Arguments
[QString::FromUtf8] 原始字符串: R
[QString::FromUtf8] 原始字符串: F
[QString::FromUtf8] 原始字符串: L
[QString::FromUtf8] 原始字符串: M
[QString::FromUtf8] 原始字符串: O
[QString::FromUtf8] 原始字符串: S
[QString::FromUtf8] 原始字符串: B
[QString::FromUtf8] 原始字符串: T
[QString::FromUtf8] 原始字符串: =
[QString::FromUtf8] 原始字符串: X
[QString::FromUtf8] 原始字符串: Function name
[QString::FromUtf8] 原始字符串: Segment
[QString::FromUtf8] 原始字符串: Start
[QString::FromUtf8] 原始字符串: Length
[QString::FromUtf8] 原始字符串: Locals
[QString::FromUtf8] 原始字符串: Arguments
[QString::FromUtf8] 原始字符串: R
[QString::FromUtf8] 原始字符串: F
[QString::FromUtf8] 原始字符串: L
[QString::FromUtf8] 原始字符串: M
[QString::FromUtf8] 原始字符串: O
[QString::FromUtf8] 原始字符串: S
[QString::FromUtf8] 原始字符串: B
[QString::FromUtf8] 原始字符串: T
[QString::FromUtf8] 原始字符串: =
[QString::FromUtf8] 原始字符串: X
[QString::FromUtf8] 原始字符串: pthread_join
[QString::FromUtf8] 原始字符串: LOAD
[QString::FromUtf8] 原始字符串: siglongjmp
[QString::FromUtf8] 原始字符串: LOAD
[QString::FromUtf8] 原始字符串: __imp_pthread_join
[QString::FromUtf8] 原始字符串: extern
[QString::FromUtf8] 原始字符串: __imp_siglongjmp
[QString::FromUtf8] 原始字符串: extern
[QString::FromUtf8] 原始字符串: setjmp
[QString::FromUtf8] 原始字符串: extern
[QString::FromUtf8] 原始字符串: longjmp
[QString::FromUtf8] 原始字符串: extern
[QString::FromUtf8] 原始字符串: sigsetjmp
[QString::FromUtf8] 原始字符串: extern
[QString::FromUtf8] 原始字符串: Function name
[QString::FromUtf8] 原始字符串: Segment
[QString::FromUtf8] 原始字符串: JNI_OnLoad
[QString::FromUtf8] 原始字符串: 12dc
[QString::FromUtf8] 原始字符串: ddress
[QString::FromUtf8] 原始字符串: validaddress
[QString::FromUtf8] 原始字符串: maps
[QString::FromUtf8] 原始字符串: pthread
[QString::FromUtf8] 原始字符串: p
[QString::FromUtf8] 原始字符串: sub_2970
[QString::FromUtf8] 原始字符串: LOAD
[QString::FromUtf8] 原始字符串: 0000000000002970
[QString::FromUtf8] 原始字符串: 00000014
[QString::FromUtf8] 原始字符串: 00000010
[QString::FromUtf8] 原始字符串: R
[QString::FromUtf8] 原始字符串: .
[QString::FromUtf8] 原始字符串: .
[QString::FromUtf8] 原始字符串: .
[QString::FromUtf8] 原始字符串: .
[QString::FromUtf8] 原始字符串: .
[QString::FromUtf8] 原始字符串: .
[QString::FromUtf8] 原始字符串: .
[QString::FromUtf8] 原始字符串: .
[QString::FromUtf8] 原始字符串: .
[QString::FromUtf8] 原始字符串: Function name
[QString::FromUtf8] 原始字符串: Segment
[QString::FromUtf8] 原始字符串: Start
[QString::FromUtf8] 原始字符串: Length
[QString::FromUtf8] 原始字符串: Locals
[QString::FromUtf8] 原始字符串: Arguments
[QString::FromUtf8] 原始字符串: R
[QString::FromUtf8] 原始字符串: F
[QString::FromUtf8] 原始字符串: L
[QString::FromUtf8] 原始字符串: M
[QString::FromUtf8] 原始字符串: O
[QString::FromUtf8] 原始字符串: S
[QString::FromUtf8] 原始字符串: B
[QString::FromUtf8] 原始字符串: T
[QString::FromUtf8] 原始字符串: =
[QString::FromUtf8] 原始字符串: X
[QString::FromUtf8] 原始字符串: sub_2970
[QString::FromUtf8] 原始字符串: LOAD
[QString::FromUtf8] 原始字符串: sleep
[QString::FromUtf8] 原始字符串: LOAD
[QString::FromUtf8] 原始字符串: sem_wait
[QString::FromUtf8] 原始字符串: LOAD
[QString::FromUtf8] 原始字符串: __strrchr_chk
[QString::FromUtf8] 原始字符串: LOAD
[QString::FromUtf8] 原始字符串: deflateEnd
[QString::FromUtf8] 原始字符串: LOAD
[QString::FromUtf8] 原始字符串: pipe
[QString::FromUtf8] 原始字符串: LOAD
[QString::FromUtf8] 原始字符串: atoi
[QString::FromUtf8] 原始字符串: LOAD
[QString::FromUtf8] 原始字符串: pthread_create
[QString::FromUtf8] 原始字符串: LOAD
[QString::FromUtf8] 原始字符串: wait
[QString::FromUtf8] 原始字符串: LOAD
[QString::FromUtf8] 原始字符串: pthread_join
[QString::FromUtf8] 原始字符串: LOAD
[QString::FromUtf8] 原始字符串: strtoull
[QString::FromUtf8] 原始字符串: LOAD
[QString::FromUtf8] 原始字符串: realloc
[QString::FromUtf8] 原始字符串: LOAD
[QString::FromUtf8] 原始字符串: gettid
[QString::FromUtf8] 原始字符串: LOAD
[QString::FromUtf8] 原始字符串: open
[QString::FromUtf8] 原始字符串: LOAD
[QString::FromUtf8] 原始字符串: pthread_key_create
[QString::FromUtf8] 原始字符串: LOAD
[QString::FromUtf8] 原始字符串: __vsnprintf_chk
[QString::FromUtf8] 原始字符串: LOAD
[QString::FromUtf8] 原始字符串: __strlcpy_chk
[QString::FromUtf8] 原始字符串: LOAD
[QString::FromUtf8] 原始字符串: inflate
[QString::FromUtf8] 原始字符串: LOAD
[QString::FromUtf8] 原始字符串: pthread_mutex_trylock
[QString::FromUtf8] 原始字符串: LOAD
[QString::FromUtf8] 原始字符串: pthread_once
[QString::FromUtf8] 原始字符串: LOAD
[QString::FromUtf8] 原始字符串: __cxa_finalize
[QString::FromUtf8] 原始字符串: LOAD
[QString::FromUtf8] 原始字符串: ptrace
[QString::FromUtf8] 原始字符串: LOAD
[QString::FromUtf8] 原始字符串: siglongjmp
[QString::FromUtf8] 原始字符串: LOAD
[QString::FromUtf8] 原始字符串: mkdir
[QString::FromUtf8] 原始字符串: LOAD
[QString::FromUtf8] 原始字符串: calloc
[QString::FromUtf8] 原始字符串: LOAD
[QString::FromUtf8] 原始字符串: start
[QString::FromUtf8] 原始字符串: LOAD
[QString::FromUtf8] 原始字符串: sub_2B1C
[QString::FromUtf8] 原始字符串: LOAD
[QString::FromUtf8] 原始字符串: sub_2BF8
[QString::FromUtf8] 原始字符串: LOAD
[QString::FromUtf8] 原始字符串: sub_2CD0
[QString::FromUtf8] 原始字符串: LOAD
[QString::FromUtf8] 原始字符串: sub_303C
[QString::FromUtf8] 原始字符串: LOAD
[QString::FromUtf8] 原始字符串: sub_3184
[QString::FromUtf8] 原始字符串: LOAD
[QString::FromUtf8] 原始字符串: sub_33F8
[QString::FromUtf8] 原始字符串: LOAD
[QString::FromUtf8] 原始字符串: sub_4990
[QString::FromUtf8] 原始字符串: LOAD
[QString::FromUtf8] 原始字符串: __imp_sleep
[QString::FromUtf8] 原始字符串: extern
[QString::FromUtf8] 原始字符串: mprotect
[QString::FromUtf8] 原始字符串: extern
[QString::FromUtf8] 原始字符串: pthread_detach
[QString::FromUtf8] 原始字符串: extern
[QString::FromUtf8] 原始字符串: Function name
[QString::FromUtf8] 原始字符串: Segment
[QString::FromUtf8] 原始字符串: Function name
[QString::FromUtf8] 原始字符串: Segment
[QString::FromUtf8] 原始字符串: Start
[QString::FromUtf8] 原始字符串: Length
[QString::FromUtf8] 原始字符串: Locals
[QString::FromUtf8] 原始字符串: Arguments
[QString::FromUtf8] 原始字符串: R
[QString::FromUtf8] 原始字符串: F
[QString::FromUtf8] 原始字符串: L
[QString::FromUtf8] 原始字符串: M
[QString::FromUtf8] 原始字符串: O
[QString::FromUtf8] 原始字符串: S
[QString::FromUtf8] 原始字符串: B
[QString::FromUtf8] 原始字符串: T
[QString::FromUtf8] 原始字符串: =
[QString::FromUtf8] 原始字符串: X
[QString::FromUtf8] 原始字符串: sub_2970
[QString::FromUtf8] 原始字符串: LOAD
[QString::FromUtf8] 原始字符串: sleep
[QString::FromUtf8] 原始字符串: LOAD
[QString::FromUtf8] 原始字符串: sem_wait
[QString::FromUtf8] 原始字符串: LOAD
[QString::FromUtf8] 原始字符串: __strrchr_chk
[QString::FromUtf8] 原始字符串: LOAD
[QString::FromUtf8] 原始字符串: deflateEnd
[QString::FromUtf8] 原始字符串: LOAD
[QString::FromUtf8] 原始字符串: pipe
[QString::FromUtf8] 原始字符串: LOAD
[QString::FromUtf8] 原始字符串: atoi
[QString::FromUtf8] 原始字符串: LOAD
[QString::FromUtf8] 原始字符串: pthread_create
[QString::FromUtf8] 原始字符串: LOAD
[QString::FromUtf8] 原始字符串: wait
[QString::FromUtf8] 原始字符串: LOAD
[QString::FromUtf8] 原始字符串: pthread_join
[QString::FromUtf8] 原始字符串: LOAD
[QString::FromUtf8] 原始字符串: strtoull
[QString::FromUtf8] 原始字符串: LOAD
[QString::FromUtf8] 原始字符串: realloc
[QString::FromUtf8] 原始字符串: LOAD
[QString::FromUtf8] 原始字符串: gettid
[QString::FromUtf8] 原始字符串: LOAD
[QString::FromUtf8] 原始字符串: open
[QString::FromUtf8] 原始字符串: LOAD
[QString::FromUtf8] 原始字符串: pthread_key_create
[QString::FromUtf8] 原始字符串: LOAD
[QString::FromUtf8] 原始字符串: __vsnprintf_chk
[QString::FromUtf8] 原始字符串: LOAD
[QString::FromUtf8] 原始字符串: __strlcpy_chk
[QString::FromUtf8] 原始字符串: LOAD
[QString::FromUtf8] 原始字符串: inflate
[QString::FromUtf8] 原始字符串: LOAD
[QString::FromUtf8] 原始字符串: pthread_mutex_trylock
[QString::FromUtf8] 原始字符串: LOAD
[QString::FromUtf8] 原始字符串: pthread_once
[QString::FromUtf8] 原始字符串: LOAD
[QString::FromUtf8] 原始字符串: __cxa_finalize
[QString::FromUtf8] 原始字符串: LOAD
[QString::FromUtf8] 原始字符串: ptrace
[QString::FromUtf8] 原始字符串: LOAD
[QString::FromUtf8] 原始字符串: siglongjmp
[QString::FromUtf8] 原始字符串: LOAD
[QString::FromUtf8] 原始字符串: mkdir
[QString::FromUtf8] 原始字符串: LOAD
[QString::FromUtf8] 原始字符串: calloc
[QString::FromUtf8] 原始字符串: LOAD
[QString::FromUtf8] 原始字符串: start
[QString::FromUtf8] 原始字符串: LOAD
[QString::FromUtf8] 原始字符串: sub_2B1C
[QString::FromUtf8] 原始字符串: LOAD
[QString::FromUtf8] 原始字符串: sub_2BF8
[QString::FromUtf8] 原始字符串: LOAD
[QString::FromUtf8] 原始字符串: sub_2CD0
[QString::FromUtf8] 原始字符串: LOAD
[QString::FromUtf8] 原始字符串: sub_303C
[QString::FromUtf8] 原始字符串: LOAD
[QString::FromUtf8] 原始字符串: sub_3184
[QString::FromUtf8] 原始字符串: LOAD
[QString::FromUtf8] 原始字符串: sub_33F8
[QString::FromUtf8] 原始字符串: LOAD
[QString::FromUtf8] 原始字符串: sub_4990
[QString::FromUtf8] 原始字符串: LOAD
[QString::FromUtf8] 原始字符串: __imp_sleep
[QString::FromUtf8] 原始字符串: extern
[QString::FromUtf8] 原始字符串: mprotect
[QString::FromUtf8] 原始字符串: extern
[QString::FromUtf8] 原始字符串: pthread_detach
[QString::FromUtf8] 原始字符串: extern
[QString::FromUtf8] 原始字符串: Function name
[QString::FromUtf8] 原始字符串: Segment
[QString::FromUtf8] 原始字符串: sub_3184
[QString::FromUtf8] 原始字符串: LOAD
[QString::FromUtf8] 原始字符串: sub_3184
[QString::FromUtf8] 原始字符串: LOAD
[QString::FromUtf8] 原始字符串: sub_33F8
[QString::FromUtf8] 原始字符串: LOAD
[QString::FromUtf8] 原始字符串: sub_33F8
[QString::FromUtf8] 原始字符串: LOAD
[QString::FromUtf8] 原始字符串: sub_4990
[QString::FromUtf8] 原始字符串: LOAD
[QString::FromUtf8] 原始字符串: sub_4990
[QString::FromUtf8] 原始字符串: LOAD
[QString::FromUtf8] 原始字符串: __imp_sleep
[QString::FromUtf8] 原始字符串: extern
[QString::FromUtf8] 原始字符串: sub_2970
[QString::FromUtf8] 原始字符串: LOAD
[QString::FromUtf8] 原始字符串: sleep
[QString::FromUtf8] 原始字符串: LOAD
[QString::FromUtf8] 原始字符串: sem_wait
[QString::FromUtf8] 原始字符串: LOAD
[QString::FromUtf8] 原始字符串: __strrchr_chk
[QString::FromUtf8] 原始字符串: LOAD
[QString::FromUtf8] 原始字符串: deflateEnd
[QString::FromUtf8] 原始字符串: LOAD
[QString::FromUtf8] 原始字符串: pipe
[QString::FromUtf8] 原始字符串: LOAD
[QString::FromUtf8] 原始字符串: atoi
[QString::FromUtf8] 原始字符串: LOAD
[QString::FromUtf8] 原始字符串: pthread_create
[QString::FromUtf8] 原始字符串: LOAD
[QString::FromUtf8] 原始字符串: wait
[QString::FromUtf8] 原始字符串: LOAD
[QString::FromUtf8] 原始字符串: pthread_join
[QString::FromUtf8] 原始字符串: LOAD
[QString::FromUtf8] 原始字符串: strtoull
[QString::FromUtf8] 原始字符串: LOAD
[QString::FromUtf8] 原始字符串: realloc
[QString::FromUtf8] 原始字符串: LOAD
[QString::FromUtf8] 原始字符串: gettid
[QString::FromUtf8] 原始字符串: LOAD
[QString::FromUtf8] 原始字符串: open
[QString::FromUtf8] 原始字符串: LOAD
[QString::FromUtf8] 原始字符串: pthread_key_create
[QString::FromUtf8] 原始字符串: LOAD
[QString::FromUtf8] 原始字符串: __vsnprintf_chk
[QString::FromUtf8] 原始字符串: LOAD
[QString::FromUtf8] 原始字符串: __strlcpy_chk
[QString::FromUtf8] 原始字符串: LOAD
[QString::FromUtf8] 原始字符串: inflate
[QString::FromUtf8] 原始字符串: LOAD
[QString::FromUtf8] 原始字符串: pthread_mutex_trylock
[QString::FromUtf8] 原始字符串: LOAD
[QString::FromUtf8] 原始字符串: pthread_once
[QString::FromUtf8] 原始字符串: LOAD
[QString::FromUtf8] 原始字符串: __cxa_finalize
[QString::FromUtf8] 原始字符串: LOAD
[QString::FromUtf8] 原始字符串: ptrace
[QString::FromUtf8] 原始字符串: LOAD
[QString::FromUtf8] 原始字符串: siglongjmp
[QString::FromUtf8] 原始字符串: LOAD
[QString::FromUtf8] 原始字符串: mkdir
[QString::FromUtf8] 原始字符串: LOAD
[QString::FromUtf8] 原始字符串: calloc
[QString::FromUtf8] 原始字符串: LOAD
[QString::FromUtf8] 原始字符串: start
[QString::FromUtf8] 原始字符串: LOAD
[QString::FromUtf8] 原始字符串: sub_2B1C
[QString::FromUtf8] 原始字符串: LOAD
[QString::FromUtf8] 原始字符串: sub_2BF8
[QString::FromUtf8] 原始字符串: LOAD
[QString::FromUtf8] 原始字符串: sub_2CD0
[QString::FromUtf8] 原始字符串: LOAD
[QString::FromUtf8] 原始字符串: sub_303C
[QString::FromUtf8] 原始字符串: LOAD
[QString::FromUtf8] 原始字符串: sub_3184
[QString::FromUtf8] 原始字符串: LOAD
[QString::FromUtf8] 原始字符串: sub_33F8
[QString::FromUtf8] 原始字符串: LOAD
[QString::FromUtf8] 原始字符串: sub_4990
[QString::FromUtf8] 原始字符串: LOAD
[QString::FromUtf8] 原始字符串: __imp_sleep
[QString::FromUtf8] 原始字符串: extern
[QString::FromUtf8] 原始字符串: mprotect
[QString::FromUtf8] 原始字符串: extern
[QString::FromUtf8] 原始字符串: pthread_detach
[QString::FromUtf8] 原始字符串: extern
[QString::FromUtf8] 原始字符串: sub_2970
[QString::FromUtf8] 原始字符串: LOAD
[QString::FromUtf8] 原始字符串: sleep
[QString::FromUtf8] 原始字符串: LOAD
[QString::FromUtf8] 原始字符串: sem_wait
[QString::FromUtf8] 原始字符串: LOAD
[QString::FromUtf8] 原始字符串: __strrchr_chk
[QString::FromUtf8] 原始字符串: LOAD
[QString::FromUtf8] 原始字符串: deflateEnd
[QString::FromUtf8] 原始字符串: LOAD
[QString::FromUtf8] 原始字符串: pipe
[QString::FromUtf8] 原始字符串: LOAD
[QString::FromUtf8] 原始字符串: atoi
[QString::FromUtf8] 原始字符串: LOAD
[QString::FromUtf8] 原始字符串: pthread_create
[QString::FromUtf8] 原始字符串: LOAD
[QString::FromUtf8] 原始字符串: wait
[QString::FromUtf8] 原始字符串: LOAD
[QString::FromUtf8] 原始字符串: pthread_join
[QString::FromUtf8] 原始字符串: LOAD
[QString::FromUtf8] 原始字符串: strtoull
[QString::FromUtf8] 原始字符串: LOAD
[QString::FromUtf8] 原始字符串: realloc
[QString::FromUtf8] 原始字符串: LOAD
[QString::FromUtf8] 原始字符串: gettid
[QString::FromUtf8] 原始字符串: LOAD
[QString::FromUtf8] 原始字符串: open
[QString::FromUtf8] 原始字符串: LOAD
[QString::FromUtf8] 原始字符串: pthread_key_create
[QString::FromUtf8] 原始字符串: LOAD
[QString::FromUtf8] 原始字符串: __vsnprintf_chk
[QString::FromUtf8] 原始字符串: LOAD
[QString::FromUtf8] 原始字符串: __strlcpy_chk
[QString::FromUtf8] 原始字符串: LOAD
[QString::FromUtf8] 原始字符串: inflate
[QString::FromUtf8] 原始字符串: LOAD
[QString::FromUtf8] 原始字符串: pthread_mutex_trylock
[QString::FromUtf8] 原始字符串: LOAD
[QString::FromUtf8] 原始字符串: pthread_once
[QString::FromUtf8] 原始字符串: LOAD
[QString::FromUtf8] 原始字符串: __cxa_finalize
[QString::FromUtf8] 原始字符串: LOAD
[QString::FromUtf8] 原始字符串: ptrace
[QString::FromUtf8] 原始字符串: LOAD
[QString::FromUtf8] 原始字符串: siglongjmp
[QString::FromUtf8] 原始字符串: LOAD
[QString::FromUtf8] 原始字符串: mkdir
[QString::FromUtf8] 原始字符串: LOAD
[QString::FromUtf8] 原始字符串: calloc
[QString::FromUtf8] 原始字符串: LOAD
[QString::FromUtf8] 原始字符串: start
[QString::FromUtf8] 原始字符串: LOAD
[QString::FromUtf8] 原始字符串: sub_2B1C
[QString::FromUtf8] 原始字符串: LOAD
[QString::FromUtf8] 原始字符串: sub_2BF8
[QString::FromUtf8] 原始字符串: LOAD
[QString::FromUtf8] 原始字符串: sub_2CD0
[QString::FromUtf8] 原始字符串: LOAD
[QString::FromUtf8] 原始字符串: sub_303C
[QString::FromUtf8] 原始字符串: LOAD
[QString::FromUtf8] 原始字符串: sub_3184
[QString::FromUtf8] 原始字符串: LOAD
[QString::FromUtf8] 原始字符串: sub_33F8
[QString::FromUtf8] 原始字符串: LOAD
[QString::FromUtf8] 原始字符串: sub_4990
[QString::FromUtf8] 原始字符串: LOAD
[QString::FromUtf8] 原始字符串: __imp_sleep
[QString::FromUtf8] 原始字符串: extern
[QString::FromUtf8] 原始字符串: mprotect
[QString::FromUtf8] 原始字符串: extern
[QString::FromUtf8] 原始字符串: pthread_detach
[QString::FromUtf8] 原始字符串: extern
[QString::FromUtf8] 原始字符串: mprotect
[QString::FromUtf8] 原始字符串: extern
[QString::FromUtf8] 原始字符串: pthread_detach
[QString::FromUtf8] 原始字符串: extern
[QString::FromUtf8] 原始字符串: __imp_sleep
[QString::FromUtf8] 原始字符串: extern
[QString::FromUtf8] 原始字符串: mprotect
[QString::FromUtf8] 原始字符串: extern
[QString::FromUtf8] 原始字符串: __imp_sleep
[QString::FromUtf8] 原始字符串: extern
[QString::FromUtf8] 原始字符串: JNI
[QString::FromUtf8] 原始字符串: Function name
[QString::FromUtf8] 原始字符串: Segment
[QString::FromUtf8] 原始字符串: Start
[QString::FromUtf8] 原始字符串: Length
[QString::FromUtf8] 原始字符串: Locals
[QString::FromUtf8] 原始字符串: Arguments
[QString::FromUtf8] 原始字符串: R
[QString::FromUtf8] 原始字符串: F
[QString::FromUtf8] 原始字符串: L
[QString::FromUtf8] 原始字符串: M
[QString::FromUtf8] 原始字符串: O
[QString::FromUtf8] 原始字符串: S
[QString::FromUtf8] 原始字符串: B
[QString::FromUtf8] 原始字符串: T
[QString::FromUtf8] 原始字符串: =
[QString::FromUtf8] 原始字符串: X
[QString::FromUtf8] 原始字符串: Function name
[QString::FromUtf8] 原始字符串: Segment
[QString::FromUtf8] 原始字符串: Start
[QString::FromUtf8] 原始字符串: Length
[QString::FromUtf8] 原始字符串: Locals
[QString::FromUtf8] 原始字符串: Arguments
[QString::FromUtf8] 原始字符串: R
[QString::FromUtf8] 原始字符串: F
[QString::FromUtf8] 原始字符串: L
[QString::FromUtf8] 原始字符串: M
[QString::FromUtf8] 原始字符串: O
[QString::FromUtf8] 原始字符串: S
[QString::FromUtf8] 原始字符串: B
[QString::FromUtf8] 原始字符串: T
[QString::FromUtf8] 原始字符串: =
[QString::FromUtf8] 原始字符串: X
[QString::FromUtf8] 原始字符串: Function name
[QString::FromUtf8] 原始字符串: Segment
[QString::FromUtf8] 原始字符串: JNI_OnLoad
[QString::FromUtf8] 原始字符串: Function name
[QString::FromUtf8] 原始字符串: Segment
[QString::FromUtf8] 原始字符串: Start
[QString::FromUtf8] 原始字符串: Length
[QString::FromUtf8] 原始字符串: Locals
[QString::FromUtf8] 原始字符串: Arguments
[QString::FromUtf8] 原始字符串: R
[QString::FromUtf8] 原始字符串: F
[QString::FromUtf8] 原始字符串: L
[QString::FromUtf8] 原始字符串: M
[QString::FromUtf8] 原始字符串: O
[QString::FromUtf8] 原始字符串: S
[QString::FromUtf8] 原始字符串: B
[QString::FromUtf8] 原始字符串: T
[QString::FromUtf8] 原始字符串: =
[QString::FromUtf8] 原始字符串: X
[QString::FromUtf8] 原始字符串: Function name
[QString::FromUtf8] 原始字符串: Segment
[QString::FromUtf8] 原始字符串: j
[QString::FromUtf8] 原始字符串: JNI_OnLoad
[QString::FromUtf8] 原始字符串: 12dc
[QString::FromUtf8] 原始字符串: ddress
[QString::FromUtf8] 原始字符串: validaddress
[QString::FromUtf8] 原始字符串: maps
[QString::FromUtf8] 原始字符串: pthread
[QString::FromUtf8] 原始字符串: p
[QString::FromUtf8] 原始字符串: Default:Edit
[QString::FromUtf8] 原始字符串: Default:Search
[QString::FromUtf8] 原始字符串: Default:Jump
[QString::FromUtf8] 原始字符串: Copy pseudocode to disassembly
[QString::FromUtf8] 原始字符串: Open picture
[QString::FromUtf8] 原始字符串: ...     (unassigned)
[QString::FromUtf8] 原始字符串: ...     (unassigned)
[QString::FromUtf8] 原始字符串: ...     (unassigned)
[QString::FromUtf8] 原始字符串: ...     (unassigned)
[QString::FromUtf8] 原始字符串: ...     (unassigned)
[QString::FromUtf8] 原始字符串: ...     (unassigned)
[QString::FromUtf8] 原始字符串: ...     (unassigned)
[QString::FromUtf8] 原始字符串: ...     (unassigned)
[QString::FromUtf8] 原始字符串: Start process
[QString::FromUtf8] 原始字符串: Disassembly
[QString::FromUtf8] 原始字符串: Disassembly
[QString::FromUtf8] 原始字符串: Set t&ype...
[QString::FromUtf8] 原始字符串: Undo 
[QString::FromUtf8] 原始字符串: Redo 
[QString::FromUtf8] 原始字符串: Disable undo
[QString::FromUtf8] 原始字符串: Metadata History
[QString::FromUtf8] 原始字符串: Copy pseudocode to disassembly
[QString::FromUtf8] 原始字符串: Open picture
[QString::FromUtf8] 原始字符串: ...     (unassigned)
[QString::FromUtf8] 原始字符串: ...     (unassigned)
[QString::FromUtf8] 原始字符串: ...     (unassigned)
[QString::FromUtf8] 原始字符串: ...     (unassigned)
[QString::FromUtf8] 原始字符串: ...     (unassigned)
[QString::FromUtf8] 原始字符串: ...     (unassigned)
[QString::FromUtf8] 原始字符串: ...     (unassigned)
[QString::FromUtf8] 原始字符串: ...     (unassigned)
[QString::FromUtf8] 原始字符串: Start process
[QString::FromUtf8] 原始字符串: Disassembly
[QString::FromUtf8] 原始字符串: Disassembly
[QString::FromUtf8] 原始字符串: Set t&ype...
[QString::FromUtf8] 原始字符串: Undo 
[QString::FromUtf8] 原始字符串: Redo 
[QString::FromUtf8] 原始字符串: Disable undo
[QString::FromUtf8] 原始字符串: Metadata History
[QString::FromUtf8] 原始字符串: 0000000000004C10: LOAD:0000000000004C10
[QString::FromUtf8] 原始字符串: 00004C10
[QString::FromUtf8] 原始字符串: Open picture
[QString::FromUtf8] 原始字符串: ...     (unassigned)
[QString::FromUtf8] 原始字符串: ...     (unassigned)
[QString::FromUtf8] 原始字符串: ...     (unassigned)
[QString::FromUtf8] 原始字符串: ...     (unassigned)
[QString::FromUtf8] 原始字符串: ...     (unassigned)
[QString::FromUtf8] 原始字符串: ...     (unassigned)
[QString::FromUtf8] 原始字符串: ...     (unassigned)
[QString::FromUtf8] 原始字符串: ...     (unassigned)
[QString::FromUtf8] 原始字符串: Start process
[QString::FromUtf8] 原始字符串: Disassembly
[QString::FromUtf8] 原始字符串: Disassembly
[QString::FromUtf8] 原始字符串: Set t&ype...
[QString::FromUtf8] 原始字符串: Undo 
[QString::FromUtf8] 原始字符串: Redo 
[QString::FromUtf8] 原始字符串: Disable undo
[QString::FromUtf8] 原始字符串: Metadata History
[QString::FromUtf8] 原始字符串: Down
[QString::FromUtf8] 原始字符串: :/IDAG/resources/app/pro/small.png
[QString::FromUtf8] 原始字符串: Warning
[QString::FromUtf8] 原始字符串: MsgBoxWarning
[QString::FromUtf8] 原始字符串: Please position the cursor within a function
[QTranslate] 原始字符串: &Yes
[QString::FromUtf8] 原始字符串: OK
[QString::FromUtf8] 原始字符串: Function name
[QString::FromUtf8] 原始字符串: Segment
[QString::FromUtf8] 原始字符串: WAITING 
[QString::FromUtf8] 原始字符串: Copy pseudocode to disassembly
[QString::FromUtf8] 原始字符串: Open picture
[QString::FromUtf8] 原始字符串: ...     (unassigned)
[QString::FromUtf8] 原始字符串: ...     (unassigned)
[QString::FromUtf8] 原始字符串: ...     (unassigned)
[QString::FromUtf8] 原始字符串: ...     (unassigned)
[QString::FromUtf8] 原始字符串: ...     (unassigned)
[QString::FromUtf8] 原始字符串: ...     (unassigned)
[QString::FromUtf8] 原始字符串: ...     (unassigned)
[QString::FromUtf8] 原始字符串: ...     (unassigned)
[QString::FromUtf8] 原始字符串: Start process
[QString::FromUtf8] 原始字符串: Disassembly
[QString::FromUtf8] 原始字符串: Disassembly
[QString::FromUtf8] 原始字符串: Set t&ype...
[QString::FromUtf8] 原始字符串: Undo 
[QString::FromUtf8] 原始字符串: Redo 
[QString::FromUtf8] 原始字符串: Disable undo
[QString::FromUtf8] 原始字符串: Metadata History
[QString::FromUtf8] 原始字符串: Copy pseudocode to disassembly
[QString::FromUtf8] 原始字符串: Open picture
[QString::FromUtf8] 原始字符串: ...     (unassigned)
[QString::FromUtf8] 原始字符串: ...     (unassigned)
[QString::FromUtf8] 原始字符串: ...     (unassigned)
[QString::FromUtf8] 原始字符串: ...     (unassigned)
[QString::FromUtf8] 原始字符串: ...     (unassigned)
[QString::FromUtf8] 原始字符串: ...     (unassigned)
[QString::FromUtf8] 原始字符串: ...     (unassigned)
[QString::FromUtf8] 原始字符串: ...     (unassigned)
[QString::FromUtf8] 原始字符串: Start process
[QString::FromUtf8] 原始字符串: Disassembly
[QString::FromUtf8] 原始字符串: Disassembly
[QString::FromUtf8] 原始字符串: Set t&ype...
[QString::FromUtf8] 原始字符串: Undo 
[QString::FromUtf8] 原始字符串: Redo 
[QString::FromUtf8] 原始字符串: Disable undo
[QString::FromUtf8] 原始字符串: Metadata History
[QString::FromUtf8] 原始字符串: Down
[QString::FromUtf8] 原始字符串: Open picture
[QString::FromUtf8] 原始字符串: ...     (unassigned)
[QString::FromUtf8] 原始字符串: ...     (unassigned)
[QString::FromUtf8] 原始字符串: ...     (unassigned)
[QString::FromUtf8] 原始字符串: ...     (unassigned)
[QString::FromUtf8] 原始字符串: ...     (unassigned)
[QString::FromUtf8] 原始字符串: ...     (unassigned)
[QString::FromUtf8] 原始字符串: ...     (unassigned)
[QString::FromUtf8] 原始字符串: ...     (unassigned)
[QString::FromUtf8] 原始字符串: Start process
[QString::FromUtf8] 原始字符串: Disassembly
[QString::FromUtf8] 原始字符串: Disassembly
[QString::FromUtf8] 原始字符串: Set t&ype...
[QString::FromUtf8] 原始字符串: Undo 
[QString::FromUtf8] 原始字符串: Redo 
[QString::FromUtf8] 原始字符串: Disable undo
[QString::FromUtf8] 原始字符串: Metadata History
[QString::FromUtf8] 原始字符串: Function name
[QString::FromUtf8] 原始字符串: Segment
[QString::FromUtf8] 原始字符串: READY
[QString::FromUtf8] 原始字符串: 0000000000004C0C: LOAD:0000000000004C0C
[QString::FromUtf8] 原始字符串: 00004C0C
[QString::FromUtf8] 原始字符串: Open picture
[QString::FromUtf8] 原始字符串: ...     (unassigned)
[QString::FromUtf8] 原始字符串: ...     (unassigned)
[QString::FromUtf8] 原始字符串: ...     (unassigned)
[QString::FromUtf8] 原始字符串: ...     (unassigned)
[QString::FromUtf8] 原始字符串: ...     (unassigned)
[QString::FromUtf8] 原始字符串: ...     (unassigned)
[QString::FromUtf8] 原始字符串: ...     (unassigned)
[QString::FromUtf8] 原始字符串: ...     (unassigned)
[QString::FromUtf8] 原始字符串: Start process
[QString::FromUtf8] 原始字符串: Disassembly
[QString::FromUtf8] 原始字符串: Disassembly
[QString::FromUtf8] 原始字符串: Set t&ype...
[QString::FromUtf8] 原始字符串: Undo 
[QString::FromUtf8] 原始字符串: Redo 
[QString::FromUtf8] 原始字符串: Disable undo
[QString::FromUtf8] 原始字符串: Metadata History
[QString::FromUtf8] 原始字符串: 0000000000014D08: LOAD:off_14D08
[QString::FromUtf8] 原始字符串: 00014D08
[QString::FromUtf8] 原始字符串: Open picture
[QString::FromUtf8] 原始字符串: ...     (unassigned)
[QString::FromUtf8] 原始字符串: ...     (unassigned)
[QString::FromUtf8] 原始字符串: ...     (unassigned)
[QString::FromUtf8] 原始字符串: ...     (unassigned)
[QString::FromUtf8] 原始字符串: ...     (unassigned)
[QString::FromUtf8] 原始字符串: ...     (unassigned)
[QString::FromUtf8] 原始字符串: ...     (unassigned)
[QString::FromUtf8] 原始字符串: ...     (unassigned)
[QString::FromUtf8] 原始字符串: Start process
[QString::FromUtf8] 原始字符串: Disassembly
[QString::FromUtf8] 原始字符串: Disassembly
[QString::FromUtf8] 原始字符串: Set t&ype...
[QString::FromUtf8] 原始字符串: Undo 
[QString::FromUtf8] 原始字符串: Redo 
[QString::FromUtf8] 原始字符串: Disable undo
[QString::FromUtf8] 原始字符串: Metadata History
[QString::FromUtf8] 原始字符串: LOAD:0000000000014D14                 DCB    0
[QString::FromUtf8] 原始字符串: LOAD:0000000000014D15                 DCB    0
[QString::FromUtf8] 原始字符串: LOAD:0000000000014D16                 DCB    0
[QString::FromUtf8] 原始字符串: 0000000000014D08: LOAD:off_14D08
[QString::FromUtf8] 原始字符串: 00014D08
[QString::FromUtf8] 原始字符串: Open picture
[QString::FromUtf8] 原始字符串: ...     (unassigned)
[QString::FromUtf8] 原始字符串: ...     (unassigned)
[QString::FromUtf8] 原始字符串: ...     (unassigned)
[QString::FromUtf8] 原始字符串: ...     (unassigned)
[QString::FromUtf8] 原始字符串: ...     (unassigned)
[QString::FromUtf8] 原始字符串: ...     (unassigned)
[QString::FromUtf8] 原始字符串: ...     (unassigned)
[QString::FromUtf8] 原始字符串: ...     (unassigned)
[QString::FromUtf8] 原始字符串: Start process
[QString::FromUtf8] 原始字符串: Disassembly
[QString::FromUtf8] 原始字符串: Disassembly
[QString::FromUtf8] 原始字符串: Set t&ype...
[QString::FromUtf8] 原始字符串: Undo 
[QString::FromUtf8] 原始字符串: Redo 
[QString::FromUtf8] 原始字符串: Disable undo
[QString::FromUtf8] 原始字符串: Metadata History
[QString::FromUtf8] 原始字符串: 0000000000014D08: LOAD:off_14D08
[QString::FromUtf8] 原始字符串: 00014D08
[QString::FromUtf8] 原始字符串: Open picture
[QString::FromUtf8] 原始字符串: ...     (unassigned)
[QString::FromUtf8] 原始字符串: ...     (unassigned)
[QString::FromUtf8] 原始字符串: ...     (unassigned)
[QString::FromUtf8] 原始字符串: ...     (unassigned)
[QString::FromUtf8] 原始字符串: ...     (unassigned)
[QString::FromUtf8] 原始字符串: ...     (unassigned)
[QString::FromUtf8] 原始字符串: ...     (unassigned)
[QString::FromUtf8] 原始字符串: ...     (unassigned)
[QString::FromUtf8] 原始字符串: Start process
[QString::FromUtf8] 原始字符串: Disassembly
[QString::FromUtf8] 原始字符串: Disassembly
[QString::FromUtf8] 原始字符串: Set t&ype...
[QString::FromUtf8] 原始字符串: Undo 
[QString::FromUtf8] 原始字符串: Redo 
[QString::FromUtf8] 原始字符串: Disable undo
[QString::FromUtf8] 原始字符串: Metadata History
[QString::FromUtf8] 原始字符串: LOAD:0000000000014D17                 DCB    0
[QString::FromUtf8] 原始字符串: LOAD:0000000000014D18 ; ELF Termination Function Table
[QString::FromUtf8] 长度超过50字符，跳过替换
[QString::FromUtf8] 原始字符串: LOAD:0000000000014D18                 DCQ start
[QString::FromUtf8] 原始字符串: 0000000000014D10: LOAD:0000000000014D10
[QString::FromUtf8] 原始字符串: 00014D10
[QString::FromUtf8] 原始字符串: Open picture
[QString::FromUtf8] 原始字符串: ...     (unassigned)
[QString::FromUtf8] 原始字符串: ...     (unassigned)
[QString::FromUtf8] 原始字符串: ...     (unassigned)
[QString::FromUtf8] 原始字符串: ...     (unassigned)
[QString::FromUtf8] 原始字符串: ...     (unassigned)
[QString::FromUtf8] 原始字符串: ...     (unassigned)
[QString::FromUtf8] 原始字符串: ...     (unassigned)
[QString::FromUtf8] 原始字符串: ...     (unassigned)
[QString::FromUtf8] 原始字符串: Start process
[QString::FromUtf8] 原始字符串: Disassembly
[QString::FromUtf8] 原始字符串: Disassembly
[QString::FromUtf8] 原始字符串: Set t&ype...
[QString::FromUtf8] 原始字符串: Undo 
[QString::FromUtf8] 原始字符串: Redo 
[QString::FromUtf8] 原始字符串: Disable undo
[QString::FromUtf8] 原始字符串: Metadata History
[QString::FromUtf8] 原始字符串: 0000000000014D10: LOAD:0000000000014D10
[QString::FromUtf8] 原始字符串: 00014D10
[QString::FromUtf8] 原始字符串: Open picture
[QString::FromUtf8] 原始字符串: ...     (unassigned)
[QString::FromUtf8] 原始字符串: ...     (unassigned)
[QString::FromUtf8] 原始字符串: ...     (unassigned)
[QString::FromUtf8] 原始字符串: ...     (unassigned)
[QString::FromUtf8] 原始字符串: ...     (unassigned)
[QString::FromUtf8] 原始字符串: ...     (unassigned)
[QString::FromUtf8] 原始字符串: ...     (unassigned)
[QString::FromUtf8] 原始字符串: ...     (unassigned)
[QString::FromUtf8] 原始字符串: Start process
[QString::FromUtf8] 原始字符串: Disassembly
[QString::FromUtf8] 原始字符串: Disassembly
[QString::FromUtf8] 原始字符串: Set t&ype...
[QString::FromUtf8] 原始字符串: Undo 
[QString::FromUtf8] 原始字符串: Redo 
[QString::FromUtf8] 原始字符串: Disable undo
[QString::FromUtf8] 原始字符串: Metadata History
[QString::FromUtf8] 原始字符串: LOAD:0000000000014D20                 DCB    0
[QString::FromUtf8] 原始字符串: LOAD:0000000000014D21                 DCB    0
[QString::FromUtf8] 原始字符串: LOAD:0000000000014D22                 DCB    0
[QString::FromUtf8] 原始字符串: 0000000000014D13: LOAD:0000000000014D13
[QString::FromUtf8] 原始字符串: 00014D13
[QString::FromUtf8] 原始字符串: Open picture
[QString::FromUtf8] 原始字符串: ...     (unassigned)
[QString::FromUtf8] 原始字符串: ...     (unassigned)
[QString::FromUtf8] 原始字符串: ...     (unassigned)
[QString::FromUtf8] 原始字符串: ...     (unassigned)
[QString::FromUtf8] 原始字符串: ...     (unassigned)
[QString::FromUtf8] 原始字符串: ...     (unassigned)
[QString::FromUtf8] 原始字符串: ...     (unassigned)
[QString::FromUtf8] 原始字符串: ...     (unassigned)
[QString::FromUtf8] 原始字符串: Start process
[QString::FromUtf8] 原始字符串: Disassembly
[QString::FromUtf8] 原始字符串: Disassembly
[QString::FromUtf8] 原始字符串: Set t&ype...
[QString::FromUtf8] 原始字符串: Undo 
[QString::FromUtf8] 原始字符串: Redo 
[QString::FromUtf8] 原始字符串: Disable undo
[QString::FromUtf8] 原始字符串: Metadata History
[QString::FromUtf8] 原始字符串: 0000000000014D13: LOAD:0000000000014D13
[QString::FromUtf8] 原始字符串: 00014D13
[QString::FromUtf8] 原始字符串: Open picture
[QString::FromUtf8] 原始字符串: ...     (unassigned)
[QString::FromUtf8] 原始字符串: ...     (unassigned)
[QString::FromUtf8] 原始字符串: ...     (unassigned)
[QString::FromUtf8] 原始字符串: ...     (unassigned)
[QString::FromUtf8] 原始字符串: ...     (unassigned)
[QString::FromUtf8] 原始字符串: ...     (unassigned)
[QString::FromUtf8] 原始字符串: ...     (unassigned)
[QString::FromUtf8] 原始字符串: ...     (unassigned)
[QString::FromUtf8] 原始字符串: Start process
[QString::FromUtf8] 原始字符串: Disassembly
[QString::FromUtf8] 原始字符串: Disassembly
[QString::FromUtf8] 原始字符串: Set t&ype...
[QString::FromUtf8] 原始字符串: Undo 
[QString::FromUtf8] 原始字符串: Redo 
[QString::FromUtf8] 原始字符串: Disable undo
[QString::FromUtf8] 原始字符串: Metadata History
[QString::FromUtf8] 原始字符串: LOAD:0000000000014D23                 DCB    0
[QString::FromUtf8] 原始字符串: LOAD:0000000000014D24                 DCB    0
[QString::FromUtf8] 原始字符串: LOAD:0000000000014D25                 DCB    0
[QString::FromUtf8] 原始字符串: 0000000000014D16: LOAD:0000000000014D16
[QString::FromUtf8] 原始字符串: 00014D16
[QString::FromUtf8] 原始字符串: Open picture
[QString::FromUtf8] 原始字符串: ...     (unassigned)
[QString::FromUtf8] 原始字符串: ...     (unassigned)
[QString::FromUtf8] 原始字符串: ...     (unassigned)
[QString::FromUtf8] 原始字符串: ...     (unassigned)
[QString::FromUtf8] 原始字符串: ...     (unassigned)
[QString::FromUtf8] 原始字符串: ...     (unassigned)
[QString::FromUtf8] 原始字符串: ...     (unassigned)
[QString::FromUtf8] 原始字符串: ...     (unassigned)
[QString::FromUtf8] 原始字符串: Start process
[QString::FromUtf8] 原始字符串: Disassembly
[QString::FromUtf8] 原始字符串: Disassembly
[QString::FromUtf8] 原始字符串: Set t&ype...
[QString::FromUtf8] 原始字符串: Undo 
[QString::FromUtf8] 原始字符串: Redo 
[QString::FromUtf8] 原始字符串: Disable undo
[QString::FromUtf8] 原始字符串: Metadata History
[QString::FromUtf8] 原始字符串: 0000000000014D16: LOAD:0000000000014D16
[QString::FromUtf8] 原始字符串: 00014D16
[QString::FromUtf8] 原始字符串: Open picture
[QString::FromUtf8] 原始字符串: ...     (unassigned)
[QString::FromUtf8] 原始字符串: ...     (unassigned)
[QString::FromUtf8] 原始字符串: ...     (unassigned)
[QString::FromUtf8] 原始字符串: ...     (unassigned)
[QString::FromUtf8] 原始字符串: ...     (unassigned)
[QString::FromUtf8] 原始字符串: ...     (unassigned)
[QString::FromUtf8] 原始字符串: ...     (unassigned)
[QString::FromUtf8] 原始字符串: ...     (unassigned)
[QString::FromUtf8] 原始字符串: Start process
[QString::FromUtf8] 原始字符串: Disassembly
[QString::FromUtf8] 原始字符串: Disassembly
[QString::FromUtf8] 原始字符串: Set t&ype...
[QString::FromUtf8] 原始字符串: Undo 
[QString::FromUtf8] 原始字符串: Redo 
[QString::FromUtf8] 原始字符串: Disable undo
[QString::FromUtf8] 原始字符串: Metadata History
[QString::FromUtf8] 原始字符串: LOAD:0000000000014D26                 DCB    0
[QString::FromUtf8] 原始字符串: LOAD:0000000000014D27                 DCB    0
[QString::FromUtf8] 原始字符串: LOAD:0000000000014D28                 DCB    1
[QString::FromUtf8] 原始字符串: 0000000000014D18: LOAD:0000000000014D18
[QString::FromUtf8] 原始字符串: 00014D18
[QString::FromUtf8] 原始字符串: Open picture
[QString::FromUtf8] 原始字符串: ...     (unassigned)
[QString::FromUtf8] 原始字符串: ...     (unassigned)
[QString::FromUtf8] 原始字符串: ...     (unassigned)
[QString::FromUtf8] 原始字符串: ...     (unassigned)
[QString::FromUtf8] 原始字符串: ...     (unassigned)
[QString::FromUtf8] 原始字符串: ...     (unassigned)
[QString::FromUtf8] 原始字符串: ...     (unassigned)
[QString::FromUtf8] 原始字符串: ...     (unassigned)
[QString::FromUtf8] 原始字符串: Start process
[QString::FromUtf8] 原始字符串: Disassembly
[QString::FromUtf8] 原始字符串: Disassembly
[QString::FromUtf8] 原始字符串: Set t&ype...
[QString::FromUtf8] 原始字符串: Undo 
[QString::FromUtf8] 原始字符串: Redo 
[QString::FromUtf8] 原始字符串: Disable undo
[QString::FromUtf8] 原始字符串: Metadata History
[QString::FromUtf8] 原始字符串: 0000000000014D18: LOAD:0000000000014D18
[QString::FromUtf8] 原始字符串: 00014D18
[QString::FromUtf8] 原始字符串: Open picture
[QString::FromUtf8] 原始字符串: ...     (unassigned)
[QString::FromUtf8] 原始字符串: ...     (unassigned)
[QString::FromUtf8] 原始字符串: ...     (unassigned)
[QString::FromUtf8] 原始字符串: ...     (unassigned)
[QString::FromUtf8] 原始字符串: ...     (unassigned)
[QString::FromUtf8] 原始字符串: ...     (unassigned)
[QString::FromUtf8] 原始字符串: ...     (unassigned)
[QString::FromUtf8] 原始字符串: ...     (unassigned)
[QString::FromUtf8] 原始字符串: Start process
[QString::FromUtf8] 原始字符串: Disassembly
[QString::FromUtf8] 原始字符串: Disassembly
[QString::FromUtf8] 原始字符串: Set t&ype...
[QString::FromUtf8] 原始字符串: Undo 
[QString::FromUtf8] 原始字符串: Redo 
[QString::FromUtf8] 原始字符串: Disable undo
[QString::FromUtf8] 原始字符串: Metadata History
[QString::FromUtf8] 原始字符串: LOAD:0000000000014D29                 DCB    0
[QString::FromUtf8] 原始字符串: LOAD:0000000000014D2A                 DCB    0
[QString::FromUtf8] 原始字符串: LOAD:0000000000014D2B                 DCB    0
[QString::FromUtf8] 原始字符串: 0000000000014D22: LOAD:0000000000014D22
[QString::FromUtf8] 原始字符串: 00014D22
[QString::FromUtf8] 原始字符串: Open picture
[QString::FromUtf8] 原始字符串: ...     (unassigned)
[QString::FromUtf8] 原始字符串: ...     (unassigned)
[QString::FromUtf8] 原始字符串: ...     (unassigned)
[QString::FromUtf8] 原始字符串: ...     (unassigned)
[QString::FromUtf8] 原始字符串: ...     (unassigned)
[QString::FromUtf8] 原始字符串: ...     (unassigned)
[QString::FromUtf8] 原始字符串: ...     (unassigned)
[QString::FromUtf8] 原始字符串: ...     (unassigned)
[QString::FromUtf8] 原始字符串: Start process
[QString::FromUtf8] 原始字符串: Disassembly
[QString::FromUtf8] 原始字符串: Disassembly
[QString::FromUtf8] 原始字符串: Set t&ype...
[QString::FromUtf8] 原始字符串: Undo 
[QString::FromUtf8] 原始字符串: Redo 
[QString::FromUtf8] 原始字符串: Disable undo
[QString::FromUtf8] 原始字符串: Metadata History
[QString::FromUtf8] 原始字符串: 0000000000014D22: LOAD:0000000000014D22
[QString::FromUtf8] 原始字符串: 00014D22
[QString::FromUtf8] 原始字符串: Open picture
[QString::FromUtf8] 原始字符串: ...     (unassigned)
[QString::FromUtf8] 原始字符串: ...     (unassigned)
[QString::FromUtf8] 原始字符串: ...     (unassigned)
[QString::FromUtf8] 原始字符串: ...     (unassigned)
[QString::FromUtf8] 原始字符串: ...     (unassigned)
[QString::FromUtf8] 原始字符串: ...     (unassigned)
[QString::FromUtf8] 原始字符串: ...     (unassigned)
[QString::FromUtf8] 原始字符串: ...     (unassigned)
[QString::FromUtf8] 原始字符串: Start process
[QString::FromUtf8] 原始字符串: Disassembly
[QString::FromUtf8] 原始字符串: Disassembly
[QString::FromUtf8] 原始字符串: Set t&ype...
[QString::FromUtf8] 原始字符串: Undo 
[QString::FromUtf8] 原始字符串: Redo 
[QString::FromUtf8] 原始字符串: Disable undo
[QString::FromUtf8] 原始字符串: Metadata History
[QString::FromUtf8] 原始字符串: LOAD:0000000000014D2C                 DCB    0
[QString::FromUtf8] 原始字符串: LOAD:0000000000014D2D                 DCB    0
[QString::FromUtf8] 原始字符串: LOAD:0000000000014D2E                 DCB    0
[QString::FromUtf8] 原始字符串: 0000000000014D25: LOAD:0000000000014D25
[QString::FromUtf8] 原始字符串: 00014D25
[QString::FromUtf8] 原始字符串: Open picture
[QString::FromUtf8] 原始字符串: ...     (unassigned)
[QString::FromUtf8] 原始字符串: ...     (unassigned)
[QString::FromUtf8] 原始字符串: ...     (unassigned)
[QString::FromUtf8] 原始字符串: ...     (unassigned)
[QString::FromUtf8] 原始字符串: ...     (unassigned)
[QString::FromUtf8] 原始字符串: ...     (unassigned)
[QString::FromUtf8] 原始字符串: ...     (unassigned)
[QString::FromUtf8] 原始字符串: ...     (unassigned)
[QString::FromUtf8] 原始字符串: Start process
[QString::FromUtf8] 原始字符串: Disassembly
[QString::FromUtf8] 原始字符串: Disassembly
[QString::FromUtf8] 原始字符串: Set t&ype...
[QString::FromUtf8] 原始字符串: Undo 
[QString::FromUtf8] 原始字符串: Redo 
[QString::FromUtf8] 原始字符串: Disable undo
[QString::FromUtf8] 原始字符串: Metadata History
[QString::FromUtf8] 原始字符串: 0000000000014D25: LOAD:0000000000014D25
[QString::FromUtf8] 原始字符串: 00014D25
[QString::FromUtf8] 原始字符串: Open picture
[QString::FromUtf8] 原始字符串: ...     (unassigned)
[QString::FromUtf8] 原始字符串: ...     (unassigned)
[QString::FromUtf8] 原始字符串: ...     (unassigned)
[QString::FromUtf8] 原始字符串: ...     (unassigned)
[QString::FromUtf8] 原始字符串: ...     (unassigned)
[QString::FromUtf8] 原始字符串: ...     (unassigned)
[QString::FromUtf8] 原始字符串: ...     (unassigned)
[QString::FromUtf8] 原始字符串: ...     (unassigned)
[QString::FromUtf8] 原始字符串: Start process
[QString::FromUtf8] 原始字符串: Disassembly
[QString::FromUtf8] 原始字符串: Disassembly
[QString::FromUtf8] 原始字符串: Set t&ype...
[QString::FromUtf8] 原始字符串: Undo 
[QString::FromUtf8] 原始字符串: Redo 
[QString::FromUtf8] 原始字符串: Disable undo
[QString::FromUtf8] 原始字符串: Metadata History
[QString::FromUtf8] 原始字符串: LOAD:0000000000014D2F                 DCB    0
[QString::FromUtf8] 原始字符串: LOAD:0000000000014D30                 DCB 0xBB
[QString::FromUtf8] 原始字符串: LOAD:0000000000014D31                 DCB    0
[QString::FromUtf8] 原始字符串: 0000000000014D28: LOAD:0000000000014D28
[QString::FromUtf8] 原始字符串: 00014D28
[QString::FromUtf8] 原始字符串: Open picture
[QString::FromUtf8] 原始字符串: ...     (unassigned)
[QString::FromUtf8] 原始字符串: ...     (unassigned)
[QString::FromUtf8] 原始字符串: ...     (unassigned)
[QString::FromUtf8] 原始字符串: ...     (unassigned)
[QString::FromUtf8] 原始字符串: ...     (unassigned)
[QString::FromUtf8] 原始字符串: ...     (unassigned)
[QString::FromUtf8] 原始字符串: ...     (unassigned)
[QString::FromUtf8] 原始字符串: ...     (unassigned)
[QString::FromUtf8] 原始字符串: Start process
[QString::FromUtf8] 原始字符串: Disassembly
[QString::FromUtf8] 原始字符串: Disassembly
[QString::FromUtf8] 原始字符串: Set t&ype...
[QString::FromUtf8] 原始字符串: Undo 
[QString::FromUtf8] 原始字符串: Redo 
[QString::FromUtf8] 原始字符串: Disable undo
[QString::FromUtf8] 原始字符串: Metadata History
[QString::FromUtf8] 原始字符串: 0000000000014D28: LOAD:0000000000014D28
[QString::FromUtf8] 原始字符串: 00014D28
[QString::FromUtf8] 原始字符串: Open picture
[QString::FromUtf8] 原始字符串: ...     (unassigned)
[QString::FromUtf8] 原始字符串: ...     (unassigned)
[QString::FromUtf8] 原始字符串: ...     (unassigned)
[QString::FromUtf8] 原始字符串: ...     (unassigned)
[QString::FromUtf8] 原始字符串: ...     (unassigned)
[QString::FromUtf8] 原始字符串: ...     (unassigned)
[QString::FromUtf8] 原始字符串: ...     (unassigned)
[QString::FromUtf8] 原始字符串: ...     (unassigned)
[QString::FromUtf8] 原始字符串: Start process
[QString::FromUtf8] 原始字符串: Disassembly
[QString::FromUtf8] 原始字符串: Disassembly
[QString::FromUtf8] 原始字符串: Set t&ype...
[QString::FromUtf8] 原始字符串: Undo 
[QString::FromUtf8] 原始字符串: Redo 
[QString::FromUtf8] 原始字符串: Disable undo
[QString::FromUtf8] 原始字符串: Metadata History
[QString::FromUtf8] 原始字符串: LOAD:0000000000014D32                 DCB    0
[QString::FromUtf8] 原始字符串: LOAD:0000000000014D33                 DCB    0
[QString::FromUtf8] 原始字符串: LOAD:0000000000014D34                 DCB    0
[QString::FromUtf8] 原始字符串: 0000000000014D2B: LOAD:0000000000014D2B
[QString::FromUtf8] 原始字符串: 00014D2B
[QString::FromUtf8] 原始字符串: Open picture
[QString::FromUtf8] 原始字符串: ...     (unassigned)
[QString::FromUtf8] 原始字符串: ...     (unassigned)
[QString::FromUtf8] 原始字符串: ...     (unassigned)
[QString::FromUtf8] 原始字符串: ...     (unassigned)
[QString::FromUtf8] 原始字符串: ...     (unassigned)
[QString::FromUtf8] 原始字符串: ...     (unassigned)
[QString::FromUtf8] 原始字符串: ...     (unassigned)
[QString::FromUtf8] 原始字符串: ...     (unassigned)
[QString::FromUtf8] 原始字符串: Start process
[QString::FromUtf8] 原始字符串: Disassembly
[QString::FromUtf8] 原始字符串: Disassembly
[QString::FromUtf8] 原始字符串: Set t&ype...
[QString::FromUtf8] 原始字符串: Undo 
[QString::FromUtf8] 原始字符串: Redo 
[QString::FromUtf8] 原始字符串: Disable undo
[QString::FromUtf8] 原始字符串: Metadata History
[QString::FromUtf8] 原始字符串: 0000000000014D2B: LOAD:0000000000014D2B
[QString::FromUtf8] 原始字符串: 00014D2B
[QString::FromUtf8] 原始字符串: Open picture
[QString::FromUtf8] 原始字符串: ...     (unassigned)
[QString::FromUtf8] 原始字符串: ...     (unassigned)
[QString::FromUtf8] 原始字符串: ...     (unassigned)
[QString::FromUtf8] 原始字符串: ...     (unassigned)
[QString::FromUtf8] 原始字符串: ...     (unassigned)
[QString::FromUtf8] 原始字符串: ...     (unassigned)
[QString::FromUtf8] 原始字符串: ...     (unassigned)
[QString::FromUtf8] 原始字符串: ...     (unassigned)
[QString::FromUtf8] 原始字符串: Start process
[QString::FromUtf8] 原始字符串: Disassembly
[QString::FromUtf8] 原始字符串: Disassembly
[QString::FromUtf8] 原始字符串: Set t&ype...
[QString::FromUtf8] 原始字符串: Undo 
[QString::FromUtf8] 原始字符串: Redo 
[QString::FromUtf8] 原始字符串: Disable undo
[QString::FromUtf8] 原始字符串: Metadata History
[QString::FromUtf8] 原始字符串: LOAD:0000000000014D35                 DCB    0
[QString::FromUtf8] 原始字符串: LOAD:0000000000014D36                 DCB    0
[QString::FromUtf8] 原始字符串: LOAD:0000000000014D37                 DCB    0
[QString::FromUtf8] 原始字符串: 0000000000014D2E: LOAD:0000000000014D2E
[QString::FromUtf8] 原始字符串: 00014D2E
[QString::FromUtf8] 原始字符串: Open picture
[QString::FromUtf8] 原始字符串: ...     (unassigned)
[QString::FromUtf8] 原始字符串: ...     (unassigned)
[QString::FromUtf8] 原始字符串: ...     (unassigned)
[QString::FromUtf8] 原始字符串: ...     (unassigned)
[QString::FromUtf8] 原始字符串: ...     (unassigned)
[QString::FromUtf8] 原始字符串: ...     (unassigned)
[QString::FromUtf8] 原始字符串: ...     (unassigned)
[QString::FromUtf8] 原始字符串: ...     (unassigned)
[QString::FromUtf8] 原始字符串: Start process
[QString::FromUtf8] 原始字符串: Disassembly
[QString::FromUtf8] 原始字符串: Disassembly
[QString::FromUtf8] 原始字符串: Set t&ype...
[QString::FromUtf8] 原始字符串: Undo 
[QString::FromUtf8] 原始字符串: Redo 
[QString::FromUtf8] 原始字符串: Disable undo
[QString::FromUtf8] 原始字符串: Metadata History
[QString::FromUtf8] 原始字符串: 0000000000014D2E: LOAD:0000000000014D2E
[QString::FromUtf8] 原始字符串: 00014D2E
[QString::FromUtf8] 原始字符串: Open picture
[QString::FromUtf8] 原始字符串: ...     (unassigned)
[QString::FromUtf8] 原始字符串: ...     (unassigned)
[QString::FromUtf8] 原始字符串: ...     (unassigned)
[QString::FromUtf8] 原始字符串: ...     (unassigned)
[QString::FromUtf8] 原始字符串: ...     (unassigned)
[QString::FromUtf8] 原始字符串: ...     (unassigned)
[QString::FromUtf8] 原始字符串: ...     (unassigned)
[QString::FromUtf8] 原始字符串: ...     (unassigned)
[QString::FromUtf8] 原始字符串: Start process
[QString::FromUtf8] 原始字符串: Disassembly
[QString::FromUtf8] 原始字符串: Disassembly
[QString::FromUtf8] 原始字符串: Set t&ype...
[QString::FromUtf8] 原始字符串: Undo 
[QString::FromUtf8] 原始字符串: Redo 
[QString::FromUtf8] 原始字符串: Disable undo
[QString::FromUtf8] 原始字符串: Metadata History
[QString::FromUtf8] 原始字符串: LOAD:0000000000014D38                 DCB    1
[QString::FromUtf8] 原始字符串: LOAD:0000000000014D39                 DCB    0
[QString::FromUtf8] 原始字符串: LOAD:0000000000014D3A                 DCB    0
[QString::FromUtf8] 原始字符串: 0000000000014D31: LOAD:0000000000014D31
[QString::FromUtf8] 原始字符串: 00014D31
[QString::FromUtf8] 原始字符串: Open picture
[QString::FromUtf8] 原始字符串: ...     (unassigned)
[QString::FromUtf8] 原始字符串: ...     (unassigned)
[QString::FromUtf8] 原始字符串: ...     (unassigned)
[QString::FromUtf8] 原始字符串: ...     (unassigned)
[QString::FromUtf8] 原始字符串: ...     (unassigned)
[QString::FromUtf8] 原始字符串: ...     (unassigned)
[QString::FromUtf8] 原始字符串: ...     (unassigned)
[QString::FromUtf8] 原始字符串: ...     (unassigned)
[QString::FromUtf8] 原始字符串: Start process
[QString::FromUtf8] 原始字符串: Disassembly
[QString::FromUtf8] 原始字符串: Disassembly
[QString::FromUtf8] 原始字符串: Set t&ype...
[QString::FromUtf8] 原始字符串: Undo 
[QString::FromUtf8] 原始字符串: Redo 
[QString::FromUtf8] 原始字符串: Disable undo
[QString::FromUtf8] 原始字符串: Metadata History
[QString::FromUtf8] 原始字符串: 0000000000014D31: LOAD:0000000000014D31
[QString::FromUtf8] 原始字符串: 00014D31
[QString::FromUtf8] 原始字符串: Open picture
[QString::FromUtf8] 原始字符串: ...     (unassigned)
[QString::FromUtf8] 原始字符串: ...     (unassigned)
[QString::FromUtf8] 原始字符串: ...     (unassigned)
[QString::FromUtf8] 原始字符串: ...     (unassigned)
[QString::FromUtf8] 原始字符串: ...     (unassigned)
[QString::FromUtf8] 原始字符串: ...     (unassigned)
[QString::FromUtf8] 原始字符串: ...     (unassigned)
[QString::FromUtf8] 原始字符串: ...     (unassigned)
[QString::FromUtf8] 原始字符串: Start process
[QString::FromUtf8] 原始字符串: Disassembly
[QString::FromUtf8] 原始字符串: Disassembly
[QString::FromUtf8] 原始字符串: Set t&ype...
[QString::FromUtf8] 原始字符串: Undo 
[QString::FromUtf8] 原始字符串: Redo 
[QString::FromUtf8] 原始字符串: Disable undo
[QString::FromUtf8] 原始字符串: Metadata History
[QString::FromUtf8] 原始字符串: LOAD:0000000000014D3B                 DCB    0
[QString::FromUtf8] 原始字符串: LOAD:0000000000014D3C                 DCB    0
[QString::FromUtf8] 原始字符串: LOAD:0000000000014D3D                 DCB    0
[QString::FromUtf8] 原始字符串: 0000000000014D34: LOAD:0000000000014D34
[QString::FromUtf8] 原始字符串: 00014D34
[QString::FromUtf8] 原始字符串: Open picture
[QString::FromUtf8] 原始字符串: ...     (unassigned)
[QString::FromUtf8] 原始字符串: ...     (unassigned)
[QString::FromUtf8] 原始字符串: ...     (unassigned)
[QString::FromUtf8] 原始字符串: ...     (unassigned)
[QString::FromUtf8] 原始字符串: ...     (unassigned)
[QString::FromUtf8] 原始字符串: ...     (unassigned)
[QString::FromUtf8] 原始字符串: ...     (unassigned)
[QString::FromUtf8] 原始字符串: ...     (unassigned)
[QString::FromUtf8] 原始字符串: Start process
[QString::FromUtf8] 原始字符串: Disassembly
[QString::FromUtf8] 原始字符串: Disassembly
[QString::FromUtf8] 原始字符串: Set t&ype...
[QString::FromUtf8] 原始字符串: Undo 
[QString::FromUtf8] 原始字符串: Redo 
[QString::FromUtf8] 原始字符串: Disable undo
[QString::FromUtf8] 原始字符串: Metadata History
[QString::FromUtf8] 原始字符串: 0000000000014D34: LOAD:0000000000014D34
[QString::FromUtf8] 原始字符串: 00014D34
[QString::FromUtf8] 原始字符串: Open picture
[QString::FromUtf8] 原始字符串: ...     (unassigned)
[QString::FromUtf8] 原始字符串: ...     (unassigned)
[QString::FromUtf8] 原始字符串: ...     (unassigned)
[QString::FromUtf8] 原始字符串: ...     (unassigned)
[QString::FromUtf8] 原始字符串: ...     (unassigned)
[QString::FromUtf8] 原始字符串: ...     (unassigned)
[QString::FromUtf8] 原始字符串: ...     (unassigned)
[QString::FromUtf8] 原始字符串: ...     (unassigned)
[QString::FromUtf8] 原始字符串: Start process
[QString::FromUtf8] 原始字符串: Disassembly
[QString::FromUtf8] 原始字符串: Disassembly
[QString::FromUtf8] 原始字符串: Set t&ype...
[QString::FromUtf8] 原始字符串: Undo 
[QString::FromUtf8] 原始字符串: Redo 
[QString::FromUtf8] 原始字符串: Disable undo
[QString::FromUtf8] 原始字符串: Metadata History
[QString::FromUtf8] 原始字符串: LOAD:0000000000014D3E                 DCB    0
[QString::FromUtf8] 原始字符串: LOAD:0000000000014D3F                 DCB    0
[QString::FromUtf8] 原始字符串: LOAD:0000000000014D40                 DCB 0xC5
[QString::FromUtf8] 原始字符串: 0000000000014D37: LOAD:0000000000014D37
[QString::FromUtf8] 原始字符串: 00014D37
[QString::FromUtf8] 原始字符串: Open picture
[QString::FromUtf8] 原始字符串: ...     (unassigned)
[QString::FromUtf8] 原始字符串: ...     (unassigned)
[QString::FromUtf8] 原始字符串: ...     (unassigned)
[QString::FromUtf8] 原始字符串: ...     (unassigned)
[QString::FromUtf8] 原始字符串: ...     (unassigned)
[QString::FromUtf8] 原始字符串: ...     (unassigned)
[QString::FromUtf8] 原始字符串: ...     (unassigned)
[QString::FromUtf8] 原始字符串: ...     (unassigned)
[QString::FromUtf8] 原始字符串: Start process
[QString::FromUtf8] 原始字符串: Disassembly
[QString::FromUtf8] 原始字符串: Disassembly
[QString::FromUtf8] 原始字符串: Set t&ype...
[QString::FromUtf8] 原始字符串: Undo 
[QString::FromUtf8] 原始字符串: Redo 
[QString::FromUtf8] 原始字符串: Disable undo
[QString::FromUtf8] 原始字符串: Metadata History
[QString::FromUtf8] 原始字符串: 0000000000014D37: LOAD:0000000000014D37
[QString::FromUtf8] 原始字符串: 00014D37
[QString::FromUtf8] 原始字符串: Open picture
[QString::FromUtf8] 原始字符串: ...     (unassigned)
[QString::FromUtf8] 原始字符串: ...     (unassigned)
[QString::FromUtf8] 原始字符串: ...     (unassigned)
[QString::FromUtf8] 原始字符串: ...     (unassigned)
[QString::FromUtf8] 原始字符串: ...     (unassigned)
[QString::FromUtf8] 原始字符串: ...     (unassigned)
[QString::FromUtf8] 原始字符串: ...     (unassigned)
[QString::FromUtf8] 原始字符串: ...     (unassigned)
[QString::FromUtf8] 原始字符串: Start process
[QString::FromUtf8] 原始字符串: Disassembly
[QString::FromUtf8] 原始字符串: Disassembly
[QString::FromUtf8] 原始字符串: Set t&ype...
[QString::FromUtf8] 原始字符串: Undo 
[QString::FromUtf8] 原始字符串: Redo 
[QString::FromUtf8] 原始字符串: Disable undo
[QString::FromUtf8] 原始字符串: Metadata History
[QString::FromUtf8] 原始字符串: LOAD:0000000000014D41                 DCB    0
[QString::FromUtf8] 原始字符串: LOAD:0000000000014D42                 DCB    0
[QString::FromUtf8] 原始字符串: LOAD:0000000000014D43                 DCB    0
[QString::FromUtf8] 原始字符串: 0000000000014D3A: LOAD:0000000000014D3A
[QString::FromUtf8] 原始字符串: 00014D3A
[QString::FromUtf8] 原始字符串: Open picture
[QString::FromUtf8] 原始字符串: ...     (unassigned)
[QString::FromUtf8] 原始字符串: ...     (unassigned)
[QString::FromUtf8] 原始字符串: ...     (unassigned)
[QString::FromUtf8] 原始字符串: ...     (unassigned)
[QString::FromUtf8] 原始字符串: ...     (unassigned)
[QString::FromUtf8] 原始字符串: ...     (unassigned)
[QString::FromUtf8] 原始字符串: ...     (unassigned)
[QString::FromUtf8] 原始字符串: ...     (unassigned)
[QString::FromUtf8] 原始字符串: Start process
[QString::FromUtf8] 原始字符串: Disassembly
[QString::FromUtf8] 原始字符串: Disassembly
[QString::FromUtf8] 原始字符串: Set t&ype...
[QString::FromUtf8] 原始字符串: Undo 
[QString::FromUtf8] 原始字符串: Redo 
[QString::FromUtf8] 原始字符串: Disable undo
[QString::FromUtf8] 原始字符串: Metadata History
[QString::FromUtf8] 原始字符串: 0000000000014D3A: LOAD:0000000000014D3A
[QString::FromUtf8] 原始字符串: 00014D3A
[QString::FromUtf8] 原始字符串: Open picture
[QString::FromUtf8] 原始字符串: ...     (unassigned)
[QString::FromUtf8] 原始字符串: ...     (unassigned)
[QString::FromUtf8] 原始字符串: ...     (unassigned)
[QString::FromUtf8] 原始字符串: ...     (unassigned)
[QString::FromUtf8] 原始字符串: ...     (unassigned)
[QString::FromUtf8] 原始字符串: ...     (unassigned)
[QString::FromUtf8] 原始字符串: ...     (unassigned)
[QString::FromUtf8] 原始字符串: ...     (unassigned)
[QString::FromUtf8] 原始字符串: Start process
[QString::FromUtf8] 原始字符串: Disassembly
[QString::FromUtf8] 原始字符串: Disassembly
[QString::FromUtf8] 原始字符串: Set t&ype...
[QString::FromUtf8] 原始字符串: Undo 
[QString::FromUtf8] 原始字符串: Redo 
[QString::FromUtf8] 原始字符串: Disable undo
[QString::FromUtf8] 原始字符串: Metadata History
[QString::FromUtf8] 原始字符串: Down
[QString::FromUtf8] 原始字符串: 0000000000015038: LOAD:off_15038
[QString::FromUtf8] 原始字符串: 00015038
[QString::FromUtf8] 原始字符串: Open picture
[QString::FromUtf8] 原始字符串: ...     (unassigned)
[QString::FromUtf8] 原始字符串: ...     (unassigned)
[QString::FromUtf8] 原始字符串: ...     (unassigned)
[QString::FromUtf8] 原始字符串: ...     (unassigned)
[QString::FromUtf8] 原始字符串: ...     (unassigned)
[QString::FromUtf8] 原始字符串: ...     (unassigned)
[QString::FromUtf8] 原始字符串: ...     (unassigned)
[QString::FromUtf8] 原始字符串: ...     (unassigned)
[QString::FromUtf8] 原始字符串: Start process
[QString::FromUtf8] 原始字符串: Disassembly
[QString::FromUtf8] 原始字符串: Disassembly
[QString::FromUtf8] 原始字符串: Set t&ype...
[QString::FromUtf8] 原始字符串: Undo 
[QString::FromUtf8] 原始字符串: Redo 
[QString::FromUtf8] 原始字符串: Disable undo
[QString::FromUtf8] 原始字符串: Metadata History
[QString::FromUtf8] 原始字符串: LOAD:0000000000015034                 ALIGN 8
[QString::FromUtf8] 原始字符串: LOAD:0000000000015030                                         ; sub_33F8+B74↑r ...
[QString::FromUtf8] 长度超过50字符，跳过替换
[QString::FromUtf8] 原始字符串: LOAD:0000000000015030 dword_15030     DCD 0x169000            ; DATA XREF: sub_33F8+B64↑o
[QString::FromUtf8] 长度超过50字符，跳过替换
[QString::FromUtf8] 原始字符串: LOAD:0000000000015024                 ALIGN 0x10
[QString::FromUtf8] 原始字符串: LOAD:0000000000015038 off_15038       DCQ 0x751AB5A5D0        ; DATA XREF: sub_33F8+1A0↑o
[QString::FromUtf8] 长度超过50字符，跳过替换
[QString::FromUtf8] 原始字符串: LOAD:0000000000015038                                         ; sub_33F8+1E4↑r ...
[QString::FromUtf8] 长度超过50字符，跳过替换
[QString::FromUtf8] 原始字符串: LOAD:0000000000015040 dword_15040     DCD 0x8000              ; DATA XREF: sub_3184:loc_3224↑o
[QString::FromUtf8] 长度超过50字符，跳过替换
[QString::FromUtf8] 原始字符串: LOAD:0000000000015040                                         ; sub_3184+A4↑r ...
[QString::FromUtf8] 长度超过50字符，跳过替换
[QString::FromUtf8] 原始字符串: LOAD:0000000000015044                 ALIGN 8
[QString::FromUtf8] 原始字符串: LOAD:0000000000015048 qword_15048     DCQ 0x73FB65C000        ; DATA XREF: sub_33F8+1A4↑o
[QString::FromUtf8] 长度超过50字符，跳过替换
[QString::FromUtf8] 原始字符串: LOAD:0000000000015048                                         ; sub_33F8+20C↑r ...
[QString::FromUtf8] 长度超过50字符，跳过替换
[QString::FromUtf8] 原始字符串: LOAD:0000000000015050                 DCB 0x2F ; /
[QString::FromUtf8] 原始字符串: LOAD:0000000000015051                 DCB 0xCE
[QString::FromUtf8] 原始字符串: LOAD:0000000000015052                 DCB 0xA7
[QString::FromUtf8] 原始字符串: LOAD:0000000000015053                 DCB 0x38 ; 8
[QString::FromUtf8] 原始字符串: LOAD:0000000000015054                 DCB 0x12
[QString::FromUtf8] 原始字符串: LOAD:0000000000015055                 DCB 0x73 ; s
[QString::FromUtf8] 原始字符串: LOAD:0000000000015056                 DCB 0xAC
[QString::FromUtf8] 原始字符串: LOAD:0000000000015057                 DCB 0x59 ; Y
[QString::FromUtf8] 原始字符串: LOAD:0000000000015058                 DCB 0x57 ; W
[QString::FromUtf8] 原始字符串: LOAD:0000000000015059                 DCB 0x7E ; ~
[QString::FromUtf8] 原始字符串: LOAD:000000000001505A                 DCB 0x56 ; V
[QString::FromUtf8] 原始字符串: LOAD:000000000001505B                 DCB 0xB5
[QString::FromUtf8] 原始字符串: LOAD:000000000001505C                 DCB 0x5F ; _
[QString::FromUtf8] 原始字符串: LOAD:000000000001505D                 DCB 0x59 ; Y
[QString::FromUtf8] 原始字符串: LOAD:000000000001505E                 DCB 0xC9
[QString::FromUtf8] 原始字符串: LOAD:000000000001505F                 DCB 0x85
[QString::FromUtf8] 原始字符串: LOAD:0000000000015060                 DCB 0x95
[QString::FromUtf8] 原始字符串: LOAD:0000000000015061                 DCB    0
[QString::FromUtf8] 原始字符串: LOAD:0000000000015062                 DCB    0
[QString::FromUtf8] 原始字符串: LOAD:0000000000015063                 DCB    0
[QString::FromUtf8] 原始字符串: LOAD:0000000000015064 dword_15064     DCD 0x1608              ; DATA XREF: sub_33F8+BA0↑r
[QString::FromUtf8] 长度超过50字符，跳过替换
[QString::FromUtf8] 原始字符串: LOAD:0000000000015064                                         ; sub_33F8:loc_45F4↑o ...
[QString::FromUtf8] 长度超过50字符，跳过替换
[QString::FromUtf8] 原始字符串: LOAD:0000000000015068 qword_15068     DCQ 0x59AC731238A7CE2F  ; DATA XREF: sub_3184+14C↑o
[QString::FromUtf8] 长度超过50字符，跳过替换
[QString::FromUtf8] 原始字符串: LOAD:0000000000015068                                         ; sub_3184+154↑o ...
[QString::FromUtf8] 长度超过50字符，跳过替换
[QString::FromUtf8] 原始字符串: LOAD:0000000000015070                 DCQ 0x85C9595FB5567E57
[QString::FromUtf8] 长度超过50字符，跳过替换
[QString::FromUtf8] 原始字符串: LOAD:0000000000015078 dword_15078     DCD 0x877               ; DATA XREF: sub_33F8+BB0↑o
[QString::FromUtf8] 长度超过50字符，跳过替换
[QString::FromUtf8] 原始字符串: LOAD:0000000000015078                                         ; sub_33F8+BBC↑r ...
[QString::FromUtf8] 长度超过50字符，跳过替换
[QString::FromUtf8] 原始字符串: LOAD:000000000001507C dword_1507C     DCD 0x1281DD            ; DATA XREF: sub_3184+A8↑o
[QString::FromUtf8] 长度超过50字符，跳过替换
[QString::FromUtf8] 原始字符串: LOAD:000000000001507C                                         ; sub_3184+B0↑r ...
[QString::FromUtf8] 长度超过50字符，跳过替换
[QString::FromUtf8] 原始字符串: LOAD:0000000000015080 dword_15080     DCD 0x95                ; DATA XREF: sub_2B1C+88↑o
[QString::FromUtf8] 长度超过50字符，跳过替换
[QString::FromUtf8] 原始字符串: LOAD:0000000000015080                                         ; sub_2B1C+90↑o ...
[QString::FromUtf8] 长度超过50字符，跳过替换
[QString::FromUtf8] 原始字符串: LOAD:0000000000015084 dword_15084     DCD 0x16C000            ; DATA XREF: sub_33F8+B78↑o
[QString::FromUtf8] 长度超过50字符，跳过替换
[QString::FromUtf8] 原始字符串: LOAD:0000000000015084                                         ; sub_33F8+B8C↑r ...
[QString::FromUtf8] 长度超过50字符，跳过替换
[QString::FromUtf8] 原始字符串: LOAD:0000000000015088 dword_15088     DCD 0x16B000            ; DATA XREF: sub_33F8+B6C↑o
[QString::FromUtf8] 长度超过50字符，跳过替换
[QString::FromUtf8] 原始字符串: 0000000000015038: LOAD:off_15038
[QString::FromUtf8] 原始字符串: 00015038
[QString::FromUtf8] 原始字符串: Open picture
[QString::FromUtf8] 原始字符串: ...     (unassigned)
[QString::FromUtf8] 原始字符串: ...     (unassigned)
[QString::FromUtf8] 原始字符串: ...     (unassigned)
[QString::FromUtf8] 原始字符串: ...     (unassigned)
[QString::FromUtf8] 原始字符串: ...     (unassigned)
[QString::FromUtf8] 原始字符串: ...     (unassigned)
[QString::FromUtf8] 原始字符串: ...     (unassigned)
[QString::FromUtf8] 原始字符串: ...     (unassigned)
[QString::FromUtf8] 原始字符串: Start process
[QString::FromUtf8] 原始字符串: Disassembly
[QString::FromUtf8] 原始字符串: Disassembly
[QString::FromUtf8] 原始字符串: Set t&ype...
[QString::FromUtf8] 原始字符串: Undo 
[QString::FromUtf8] 原始字符串: Redo 
[QString::FromUtf8] 原始字符串: Disable undo
[QString::FromUtf8] 原始字符串: Metadata History
[QString::FromUtf8] 原始字符串: Down
[QString::FromUtf8] 原始字符串: Open picture
[QString::FromUtf8] 原始字符串: ...     (unassigned)
[QString::FromUtf8] 原始字符串: ...     (unassigned)
[QString::FromUtf8] 原始字符串: ...     (unassigned)
[QString::FromUtf8] 原始字符串: ...     (unassigned)
[QString::FromUtf8] 原始字符串: ...     (unassigned)
[QString::FromUtf8] 原始字符串: ...     (unassigned)
[QString::FromUtf8] 原始字符串: ...     (unassigned)
[QString::FromUtf8] 原始字符串: ...     (unassigned)
[QString::FromUtf8] 原始字符串: Start process
[QString::FromUtf8] 原始字符串: Disassembly
[QString::FromUtf8] 原始字符串: Disassembly
[QString::FromUtf8] 原始字符串: Set t&ype...
[QString::FromUtf8] 原始字符串: Undo 
[QString::FromUtf8] 原始字符串: Redo 
[QString::FromUtf8] 原始字符串: Disable undo
[QString::FromUtf8] 原始字符串: Metadata History
[QString::FromUtf8] 原始字符串: Search completed. Found at 0000000000015038.
[QString::FromUtf8] 原始字符串: Function name
[QString::FromUtf8] 原始字符串: Function name
[QTranslate] 原始字符串: Alt
[QTranslate] 原始字符串: +
[QTranslate] 原始字符串: Alt
[QTranslate] 原始字符串: +
[QTranslate] 原始字符串: Ctrl
[QTranslate] 原始字符串: +
[QTranslate] 原始字符串: Ctrl
[QTranslate] 原始字符串: +
[QTranslate] 原始字符串: Ctrl
[QTranslate] 原始字符串: +
[QTranslate] 原始字符串: Ctrl
[QTranslate] 原始字符串: +
[QTranslate] 原始字符串: Ctrl
[QTranslate] 原始字符串: +
[QTranslate] 原始字符串: Ctrl
[QTranslate] 原始字符串: +
[QTranslate] 原始字符串: Alt
[QTranslate] 原始字符串: +
[QTranslate] 原始字符串: Alt
[QTranslate] 原始字符串: +
[QTranslate] 原始字符串: Ctrl
[QTranslate] 原始字符串: +
[QTranslate] 原始字符串: Ctrl
[QTranslate] 原始字符串: +
[QTranslate] 原始字符串: Alt
[QTranslate] 原始字符串: +
[QTranslate] 原始字符串: Alt
[QTranslate] 原始字符串: +
[QTranslate] 原始字符串: Ctrl
[QTranslate] 原始字符串: +
[QTranslate] 原始字符串: Ctrl
[QTranslate] 原始字符串: +
[QTranslate] 原始字符串: Alt
[QTranslate] 原始字符串: +
[QTranslate] 原始字符串: Alt
[QTranslate] 原始字符串: +
[QTranslate] 原始字符串: Ctrl
[QTranslate] 原始字符串: +
[QTranslate] 原始字符串: Ctrl
[QTranslate] 原始字符串: +
[QTranslate] 原始字符串: Ctrl
[QTranslate] 原始字符串: +
[QTranslate] 原始字符串: Ctrl
[QTranslate] 原始字符串: +
[QTranslate] 原始字符串: Ctrl
[QTranslate] 原始字符串: +
[QTranslate] 原始字符串: Ctrl
[QTranslate] 原始字符串: +
[QTranslate] 原始字符串: Alt
[QTranslate] 原始字符串: Up
[QTranslate] 原始字符串: +
[QTranslate] 原始字符串: Alt
[QTranslate] 原始字符串: Up
[QTranslate] 原始字符串: +
[QTranslate] 原始字符串: Alt
[QTranslate] 原始字符串: Down
[QTranslate] 原始字符串: +
[QTranslate] 原始字符串: Alt
[QTranslate] 原始字符串: Down
[QTranslate] 原始字符串: +
[QTranslate] 原始字符串: Alt
[QTranslate] 原始字符串: Shift
[QTranslate] 原始字符串: +
[QTranslate] 原始字符串: Up
[QTranslate] 原始字符串: +
[QTranslate] 原始字符串: Alt
[QTranslate] 原始字符串: Shift
[QTranslate] 原始字符串: +
[QTranslate] 原始字符串: Up
[QTranslate] 原始字符串: +
[QTranslate] 原始字符串: Alt
[QTranslate] 原始字符串: Shift
[QTranslate] 原始字符串: +
[QTranslate] 原始字符串: Down
[QTranslate] 原始字符串: +
[QTranslate] 原始字符串: Alt
[QTranslate] 原始字符串: Shift
[QTranslate] 原始字符串: +
[QTranslate] 原始字符串: Down
[QTranslate] 原始字符串: +
[QTranslate] 原始字符串: Alt
[QTranslate] 原始字符串: +
[QTranslate] 原始字符串: Alt
[QTranslate] 原始字符串: +
[QTranslate] 原始字符串: Ctrl
[QTranslate] 原始字符串: +
[QTranslate] 原始字符串: Ctrl
[QTranslate] 原始字符串: +
[QTranslate] 原始字符串: Ctrl
[QTranslate] 原始字符串: +
[QTranslate] 原始字符串: Ctrl
[QTranslate] 原始字符串: +
[QTranslate] 原始字符串: Ctrl
[QTranslate] 原始字符串: +
[QTranslate] 原始字符串: Ctrl
[QTranslate] 原始字符串: +
[QTranslate] 原始字符串: Alt
[QTranslate] 原始字符串: +
[QTranslate] 原始字符串: Alt
[QTranslate] 原始字符串: +
[QTranslate] 原始字符串: Ctrl
[QTranslate] 原始字符串: +
[QTranslate] 原始字符串: Ctrl
[QTranslate] 原始字符串: +
[QTranslate] 原始字符串: Alt
[QTranslate] 原始字符串: +
[QTranslate] 原始字符串: Alt
[QTranslate] 原始字符串: +
[QTranslate] 原始字符串: Ctrl
[QTranslate] 原始字符串: +
[QTranslate] 原始字符串: Ctrl
[QTranslate] 原始字符串: +
[QTranslate] 原始字符串: Alt
[QTranslate] 原始字符串: +
[QTranslate] 原始字符串: Alt
[QTranslate] 原始字符串: +
[QTranslate] 原始字符串: Ctrl
[QTranslate] 原始字符串: +
[QTranslate] 原始字符串: Ctrl
[QTranslate] 原始字符串: +
[QTranslate] 原始字符串: Ctrl
[QTranslate] 原始字符串: +
[QTranslate] 原始字符串: Ctrl
[QTranslate] 原始字符串: +
[QTranslate] 原始字符串: Ctrl
[QTranslate] 原始字符串: +
[QTranslate] 原始字符串: Ctrl
[QTranslate] 原始字符串: +
[QTranslate] 原始字符串: Alt
[QTranslate] 原始字符串: Up
[QTranslate] 原始字符串: +
[QTranslate] 原始字符串: Alt
[QTranslate] 原始字符串: Up
[QTranslate] 原始字符串: +
[QTranslate] 原始字符串: Alt
[QTranslate] 原始字符串: Down
[QTranslate] 原始字符串: +
[QTranslate] 原始字符串: Alt
[QTranslate] 原始字符串: Down
[QTranslate] 原始字符串: +
[QTranslate] 原始字符串: Alt
[QTranslate] 原始字符串: Shift
[QTranslate] 原始字符串: +
[QTranslate] 原始字符串: Up
[QTranslate] 原始字符串: +
[QTranslate] 原始字符串: Alt
[QTranslate] 原始字符串: Shift
[QTranslate] 原始字符串: +
[QTranslate] 原始字符串: Up
[QTranslate] 原始字符串: +
[QTranslate] 原始字符串: Alt
[QTranslate] 原始字符串: Shift
[QTranslate] 原始字符串: +
[QTranslate] 原始字符串: Down
[QTranslate] 原始字符串: +
[QTranslate] 原始字符串: Alt
[QTranslate] 原始字符串: Shift
[QTranslate] 原始字符串: +
[QTranslate] 原始字符串: Down
[QTranslate] 原始字符串: +
[QTranslate] 原始字符串: Alt
[QTranslate] 原始字符串: +
[QTranslate] 原始字符串: Ctrl
[QTranslate] 原始字符串: +
[QTranslate] 原始字符串: Ctrl
[QTranslate] 原始字符串: +
[QTranslate] 原始字符串: Ctrl
[QTranslate] 原始字符串: +
[QTranslate] 原始字符串: Alt
[QTranslate] 原始字符串: +
[QTranslate] 原始字符串: Ctrl
[QTranslate] 原始字符串: +
[QTranslate] 原始字符串: Alt
[QTranslate] 原始字符串: +
[QTranslate] 原始字符串: Ctrl
[QTranslate] 原始字符串: +
[QTranslate] 原始字符串: Alt
[QTranslate] 原始字符串: +
[QTranslate] 原始字符串: Ctrl
[QTranslate] 原始字符串: +
[QTranslate] 原始字符串: Ctrl
[QTranslate] 原始字符串: +
[QTranslate] 原始字符串: Ctrl
[QTranslate] 原始字符串: +
[QTranslate] 原始字符串: Alt
[QTranslate] 原始字符串: Up
[QTranslate] 原始字符串: +
[QTranslate] 原始字符串: Alt
[QTranslate] 原始字符串: Down
[QTranslate] 原始字符串: +
[QTranslate] 原始字符串: Alt
[QTranslate] 原始字符串: Shift
[QTranslate] 原始字符串: +
[QTranslate] 原始字符串: Up
[QTranslate] 原始字符串: +
[QTranslate] 原始字符串: Alt
[QTranslate] 原始字符串: Shift
[QTranslate] 原始字符串: +
[QTranslate] 原始字符串: Down
[QTranslate] 原始字符串: +
[QTranslate] 原始字符串: Alt
[QTranslate] 原始字符串: +
[QTranslate] 原始字符串: Ctrl
[QTranslate] 原始字符串: +
[QTranslate] 原始字符串: Ctrl
[QTranslate] 原始字符串: +
[QTranslate] 原始字符串: Ctrl
[QTranslate] 原始字符串: +
[QTranslate] 原始字符串: Alt
[QTranslate] 原始字符串: +
[QTranslate] 原始字符串: Ctrl
[QTranslate] 原始字符串: +
[QTranslate] 原始字符串: Alt
[QTranslate] 原始字符串: +
[QTranslate] 原始字符串: Ctrl
[QTranslate] 原始字符串: +
[QTranslate] 原始字符串: Alt
[QTranslate] 原始字符串: +
[QTranslate] 原始字符串: Ctrl
[QTranslate] 原始字符串: +
[QTranslate] 原始字符串: Ctrl
[QTranslate] 原始字符串: +
[QTranslate] 原始字符串: Ctrl
[QTranslate] 原始字符串: +
[QTranslate] 原始字符串: Alt
[QTranslate] 原始字符串: Up
[QTranslate] 原始字符串: +
[QTranslate] 原始字符串: Alt
[QTranslate] 原始字符串: Down
[QTranslate] 原始字符串: +
[QTranslate] 原始字符串: Alt
[QTranslate] 原始字符串: Shift
[QTranslate] 原始字符串: +
[QTranslate] 原始字符串: Up
[QTranslate] 原始字符串: +
[QTranslate] 原始字符串: Alt
[QTranslate] 原始字符串: Shift
[QTranslate] 原始字符串: +
[QTranslate] 原始字符串: Down
[QTranslate] 原始字符串: +
[QTranslate] 原始字符串: Alt
[QTranslate] 原始字符串: +
[QTranslate] 原始字符串: Alt
[QTranslate] 原始字符串: +
[QTranslate] 原始字符串: Alt
[QTranslate] 原始字符串: +
[QTranslate] 原始字符串: Alt
[QTranslate] 原始字符串: +
[QTranslate] 原始字符串: Alt
[QTranslate] 原始字符串: +
[QTranslate] 原始字符串: Alt
[QTranslate] 原始字符串: +
[QTranslate] 原始字符串: Alt
[QTranslate] 原始字符串: +
[QTranslate] 原始字符串: Alt
[QTranslate] 原始字符串: +
[QTranslate] 原始字符串: Alt
[QTranslate] 原始字符串: +
[QTranslate] 原始字符串: Ctrl
[QTranslate] 原始字符串: +
[QTranslate] 原始字符串: Ctrl
[QTranslate] 原始字符串: +
[QTranslate] 原始字符串: Ctrl
[QTranslate] 原始字符串: +
[QTranslate] 原始字符串: Ctrl
[QTranslate] 原始字符串: +
[QTranslate] 原始字符串: Ctrl
[QTranslate] 原始字符串: +
[QTranslate] 原始字符串: Ctrl
[QTranslate] 原始字符串: +
[QTranslate] 原始字符串: Ctrl
[QTranslate] 原始字符串: +
[QTranslate] 原始字符串: Ctrl
[QTranslate] 原始字符串: +
[QTranslate] 原始字符串: Ctrl
[QTranslate] 原始字符串: +
[QTranslate] 原始字符串: Ctrl
[QTranslate] 原始字符串: +
[QTranslate] 原始字符串: Ctrl
[QTranslate] 原始字符串: +
[QTranslate] 原始字符串: Ctrl
[QTranslate] 原始字符串: +
[QTranslate] 原始字符串: Ctrl
[QTranslate] 原始字符串: +
[QTranslate] 原始字符串: Ctrl
[QTranslate] 原始字符串: +
[QTranslate] 原始字符串: Ctrl
[QTranslate] 原始字符串: +
[QTranslate] 原始字符串: Ctrl
[QTranslate] 原始字符串: +
[QTranslate] 原始字符串: Ctrl
[QTranslate] 原始字符串: +
[QTranslate] 原始字符串: Ctrl
[QTranslate] 原始字符串: +
[QTranslate] 原始字符串: Ctrl
[QTranslate] 原始字符串: +
[QTranslate] 原始字符串: Ctrl
[QTranslate] 原始字符串: +
[QTranslate] 原始字符串: Ctrl
[QTranslate] 原始字符串: +
[QTranslate] 原始字符串: Ctrl
[QTranslate] 原始字符串: +
[QTranslate] 原始字符串: Ctrl
[QTranslate] 原始字符串: +
[QTranslate] 原始字符串: Ctrl
[QTranslate] 原始字符串: +
[QTranslate] 原始字符串: Ctrl
[QTranslate] 原始字符串: +
[QTranslate] 原始字符串: Ctrl
[QTranslate] 原始字符串: +
[QTranslate] 原始字符串: Ctrl
[QTranslate] 原始字符串: +
[QTranslate] 原始字符串: Ctrl
[QTranslate] 原始字符串: +
[QTranslate] 原始字符串: Ctrl
[QTranslate] 原始字符串: +
[QTranslate] 原始字符串: Ctrl
[QTranslate] 原始字符串: +
[QTranslate] 原始字符串: Ctrl
[QTranslate] 原始字符串: +
[QTranslate] 原始字符串: Ctrl
[QTranslate] 原始字符串: +
[QTranslate] 原始字符串: Ctrl
[QTranslate] 原始字符串: +
[QTranslate] 原始字符串: Ctrl
[QTranslate] 原始字符串: +
[QTranslate] 原始字符串: Ctrl
[QTranslate] 原始字符串: +
[QTranslate] 原始字符串: Ctrl
[QTranslate] 原始字符串: +
[QTranslate] 原始字符串: Ctrl
[QTranslate] 原始字符串: +
[QTranslate] 原始字符串: Ctrl
[QTranslate] 原始字符串: +
[QTranslate] 原始字符串: Ctrl
[QTranslate] 原始字符串: +
[QTranslate] 原始字符串: Ctrl
[QTranslate] 原始字符串: +
[QTranslate] 原始字符串: Ctrl
[QTranslate] 原始字符串: +
[QTranslate] 原始字符串: Ctrl
[QTranslate] 原始字符串: +
[QTranslate] 原始字符串: Ctrl
[QTranslate] 原始字符串: +
[QTranslate] 原始字符串: Ctrl
[QTranslate] 原始字符串: +
[QTranslate] 原始字符串: Ctrl
[QTranslate] 原始字符串: +
[QTranslate] 原始字符串: Ctrl
[QTranslate] 原始字符串: +
[QTranslate] 原始字符串: Ctrl
[QTranslate] 原始字符串: +
[QTranslate] 原始字符串: Ctrl
[QTranslate] 原始字符串: +
[QTranslate] 原始字符串: Ctrl
[QTranslate] 原始字符串: +
[QTranslate] 原始字符串: Ctrl
[QTranslate] 原始字符串: +
[QTranslate] 原始字符串: Ctrl
[QTranslate] 原始字符串: +
[QTranslate] 原始字符串: Ctrl
[QTranslate] 原始字符串: +
[QTranslate] 原始字符串: Ctrl
[QTranslate] 原始字符串: +
[QTranslate] 原始字符串: Ctrl
[QTranslate] 原始字符串: +
[QTranslate] 原始字符串: Ctrl
[QTranslate] 原始字符串: +
[QTranslate] 原始字符串: Ctrl
[QTranslate] 原始字符串: +
[QTranslate] 原始字符串: Ctrl
[QTranslate] 原始字符串: +
[QTranslate] 原始字符串: Ctrl
[QTranslate] 原始字符串: +
[QTranslate] 原始字符串: Ctrl
[QTranslate] 原始字符串: +
[QTranslate] 原始字符串: Ctrl
[QTranslate] 原始字符串: +
[QTranslate] 原始字符串: Ctrl
[QTranslate] 原始字符串: +
[QTranslate] 原始字符串: Ctrl
[QTranslate] 原始字符串: +
[QTranslate] 原始字符串: Ctrl
[QTranslate] 原始字符串: +
[QTranslate] 原始字符串: Ctrl
[QTranslate] 原始字符串: +
[QTranslate] 原始字符串: Ctrl
[QTranslate] 原始字符串: +
[QTranslate] 原始字符串: Ctrl
[QTranslate] 原始字符串: +
[QTranslate] 原始字符串: Ctrl
[QTranslate] 原始字符串: +
[QTranslate] 原始字符串: Ctrl
[QTranslate] 原始字符串: +
[QTranslate] 原始字符串: Ctrl
[QTranslate] 原始字符串: +
[QTranslate] 原始字符串: Ctrl
[QTranslate] 原始字符串: +
[QTranslate] 原始字符串: Ctrl
[QTranslate] 原始字符串: +
[QTranslate] 原始字符串: Ctrl
[QTranslate] 原始字符串: +
[QTranslate] 原始字符串: Ctrl
[QTranslate] 原始字符串: +
[QTranslate] 原始字符串: Ctrl
[QTranslate] 原始字符串: +
[QTranslate] 原始字符串: Ctrl
[QTranslate] 原始字符串: +
[QTranslate] 原始字符串: Ctrl
[QTranslate] 原始字符串: +
[QTranslate] 原始字符串: Ctrl
[QTranslate] 原始字符串: +
[QTranslate] 原始字符串: Ctrl
[QTranslate] 原始字符串: +
[QTranslate] 原始字符串: Ctrl
[QTranslate] 原始字符串: +
[QTranslate] 原始字符串: Ctrl
[QTranslate] 原始字符串: +
[QTranslate] 原始字符串: Ctrl
[QTranslate] 原始字符串: +
[QTranslate] 原始字符串: Ctrl
[QTranslate] 原始字符串: +
[QTranslate] 原始字符串: Ctrl
[QTranslate] 原始字符串: +
[QTranslate] 原始字符串: Ctrl
[QTranslate] 原始字符串: +
[QTranslate] 原始字符串: Ctrl
[QTranslate] 原始字符串: +
[QTranslate] 原始字符串: Ctrl
[QTranslate] 原始字符串: +
[QTranslate] 原始字符串: Ctrl
[QTranslate] 原始字符串: +
[QTranslate] 原始字符串: Ctrl
[QTranslate] 原始字符串: +
[QTranslate] 原始字符串: Ctrl
[QTranslate] 原始字符串: +
[QTranslate] 原始字符串: Ctrl
[QTranslate] 原始字符串: +
[QTranslate] 原始字符串: Ctrl
[QTranslate] 原始字符串: +
[QTranslate] 原始字符串: Ctrl
[QTranslate] 原始字符串: +
[QTranslate] 原始字符串: Ctrl
[QTranslate] 原始字符串: +
[QTranslate] 原始字符串: Ctrl
[QTranslate] 原始字符串: +
[QTranslate] 原始字符串: Ctrl
[QTranslate] 原始字符串: +
[QTranslate] 原始字符串: Ctrl
[QTranslate] 原始字符串: +
[QTranslate] 原始字符串: Ctrl
[QTranslate] 原始字符串: +
[QTranslate] 原始字符串: Ctrl
[QTranslate] 原始字符串: +
[QTranslate] 原始字符串: Ctrl
[QTranslate] 原始字符串: +
[QTranslate] 原始字符串: Alt
[QTranslate] 原始字符串: +
[QTranslate] 原始字符串: Alt
[QTranslate] 原始字符串: +
[QTranslate] 原始字符串: Alt
[QTranslate] 原始字符串: +
[QTranslate] 原始字符串: Alt
[QTranslate] 原始字符串: +
[QTranslate] 原始字符串: Alt
[QTranslate] 原始字符串: +
[QTranslate] 原始字符串: Alt
[QTranslate] 原始字符串: +
[QTranslate] 原始字符串: Alt
[QTranslate] 原始字符串: +
[QTranslate] 原始字符串: Alt
[QTranslate] 原始字符串: +
[QTranslate] 原始字符串: Alt
[QTranslate] 原始字符串: +
[QTranslate] 原始字符串: Alt
[QTranslate] 原始字符串: +
[QTranslate] 原始字符串: Ctrl
[QTranslate] 原始字符串: +
[QTranslate] 原始字符串: Ctrl
[QTranslate] 原始字符串: +
[QTranslate] 原始字符串: Ctrl
[QTranslate] 原始字符串: +
[QTranslate] 原始字符串: Ctrl
[QTranslate] 原始字符串: +
[QTranslate] 原始字符串: Ctrl
[QTranslate] 原始字符串: +
[QTranslate] 原始字符串: Ctrl
[QTranslate] 原始字符串: +
[QTranslate] 原始字符串: Ctrl
[QTranslate] 原始字符串: +
[QTranslate] 原始字符串: Alt
[QTranslate] 原始字符串: +
[QTranslate] 原始字符串: Alt
[QTranslate] 原始字符串: +
[QTranslate] 原始字符串: Alt
[QTranslate] 原始字符串: +
[QTranslate] 原始字符串: Alt
[QTranslate] 原始字符串: +
[QTranslate] 原始字符串: Alt
[QTranslate] 原始字符串: +
[QTranslate] 原始字符串: Alt
[QTranslate] 原始字符串: +
[QTranslate] 原始字符串: Alt
[QTranslate] 原始字符串: +
[QTranslate] 原始字符串: Alt
[QTranslate] 原始字符串: +
[QTranslate] 原始字符串: Alt
[QTranslate] 原始字符串: +
[QTranslate] 原始字符串: Alt
[QTranslate] 原始字符串: +
[QTranslate] 原始字符串: Ctrl
[QTranslate] 原始字符串: +
[QTranslate] 原始字符串: Ctrl
[QTranslate] 原始字符串: +
[QTranslate] 原始字符串: Ctrl
[QTranslate] 原始字符串: +
[QTranslate] 原始字符串: Ctrl
[QTranslate] 原始字符串: +
[QTranslate] 原始字符串: Ctrl
[QTranslate] 原始字符串: +
[QTranslate] 原始字符串: Ctrl
[QTranslate] 原始字符串: +
[QTranslate] 原始字符串: Ctrl
[QTranslate] 原始字符串: +
[QTranslate] 原始字符串: Ctrl
[QTranslate] 原始字符串: +
[QTranslate] 原始字符串: Ctrl
[QTranslate] 原始字符串: +
[QTranslate] 原始字符串: Ctrl
[QTranslate] 原始字符串: +
[QTranslate] 原始字符串: Ctrl
[QTranslate] 原始字符串: +
[QTranslate] 原始字符串: Ctrl
[QTranslate] 原始字符串: +
[QTranslate] 原始字符串: Ctrl
[QTranslate] 原始字符串: +
[QTranslate] 原始字符串: Ctrl
[QTranslate] 原始字符串: +
[QTranslate] 原始字符串: Ctrl
[QTranslate] 原始字符串: +
[QTranslate] 原始字符串: Ctrl
[QTranslate] 原始字符串: +
[QTranslate] 原始字符串: Ctrl
[QTranslate] 原始字符串: +
[QTranslate] 原始字符串: Ctrl
[QTranslate] 原始字符串: +
[QTranslate] 原始字符串: Ctrl
[QTranslate] 原始字符串: +
[QTranslate] 原始字符串: Ctrl
[QTranslate] 原始字符串: +
[QTranslate] 原始字符串: Ctrl
[QTranslate] 原始字符串: +
[QTranslate] 原始字符串: Ctrl
[QTranslate] 原始字符串: +
[QTranslate] 原始字符串: Ctrl
[QTranslate] 原始字符串: +
[QTranslate] 原始字符串: Ctrl
[QTranslate] 原始字符串: +
[QTranslate] 原始字符串: Ctrl
[QTranslate] 原始字符串: +
[QTranslate] 原始字符串: Ctrl
[QTranslate] 原始字符串: +
[QTranslate] 原始字符串: Ctrl
[QTranslate] 原始字符串: +
[QTranslate] 原始字符串: Ctrl
[QTranslate] 原始字符串: +
[QTranslate] 原始字符串: Alt
[QTranslate] 原始字符串: +
[QTranslate] 原始字符串: Ctrl
[QTranslate] 原始字符串: +
[QTranslate] 原始字符串: Alt
[QTranslate] 原始字符串: +
[QTranslate] 原始字符串: Alt
[QTranslate] 原始字符串: +
[QTranslate] 原始字符串: Alt
[QTranslate] 原始字符串: +
[QTranslate] 原始字符串: Alt
[QTranslate] 原始字符串: +
[QTranslate] 原始字符串: Alt
[QTranslate] 原始字符串: +
[QTranslate] 原始字符串: Alt
[QTranslate] 原始字符串: +
[QTranslate] 原始字符串: Ctrl
[QTranslate] 原始字符串: +
[QTranslate] 原始字符串: Ctrl
[QTranslate] 原始字符串: +
[QTranslate] 原始字符串: Ctrl
[QTranslate] 原始字符串: +
[QTranslate] 原始字符串: Alt
[QTranslate] 原始字符串: +
[QTranslate] 原始字符串: Ctrl
[QTranslate] 原始字符串: +
[QTranslate] 原始字符串: Alt
[QTranslate] 原始字符串: +
[QTranslate] 原始字符串: Ctrl
[QTranslate] 原始字符串: +
[QTranslate] 原始字符串: Alt
[QTranslate] 原始字符串: +
[QTranslate] 原始字符串: Ctrl
[QTranslate] 原始字符串: +
[QTranslate] 原始字符串: Ctrl
[QTranslate] 原始字符串: +
[QTranslate] 原始字符串: Ctrl
[QTranslate] 原始字符串: +
[QTranslate] 原始字符串: Alt
[QTranslate] 原始字符串: Up
[QTranslate] 原始字符串: +
[QTranslate] 原始字符串: Alt
[QTranslate] 原始字符串: Down
[QTranslate] 原始字符串: +
[QTranslate] 原始字符串: Alt
[QTranslate] 原始字符串: Shift
[QTranslate] 原始字符串: +
[QTranslate] 原始字符串: Up
[QTranslate] 原始字符串: +
[QTranslate] 原始字符串: Alt
[QTranslate] 原始字符串: Shift
[QTranslate] 原始字符串: +
[QTranslate] 原始字符串: Down
[QTranslate] 原始字符串: +
[QString::FromUtf8] 原始字符串: Down
[QString::FromUtf8] 原始字符串: Text search (slow!)
[QString::FromUtf8] 原始字符串: <~S~tring:q::50::>\n  <Match ~c~ase:C>\n  <~R~egular expression:C>\n  <~I~dentifier:C>\n  <##Parameters#Search ~U~p:C>\n  <#Find all occurrences and display a list#~F~ind all occurrences:C>>
[QString::FromUtf8] 长度超过50字符，跳过替换
[QString::FromUtf8] 原始字符串: ~S~tring
[QString::FromUtf8] 原始字符串: q::50::>
[QString::FromUtf8] 原始字符串: Match ~c~ase
[QString::FromUtf8] 原始字符串: ~R~egular expression
[QString::FromUtf8] 原始字符串: ~I~dentifier
[QString::FromUtf8] 原始字符串: ##Parameters#Search ~U~p
[QString::FromUtf8] 原始字符串: #Find all occurrences and display a list#~F~ind all occurrences
[QString::FromUtf8] 长度超过50字符，跳过替换
[QString::FromUtf8] 原始字符串: &String
[QString::FromUtf8] 原始字符串: Match &case
[QString::FromUtf8] 原始字符串: &Regular expression
[QString::FromUtf8] 原始字符串: &Identifier
[QString::FromUtf8] 原始字符串: Search &Up
[QString::FromUtf8] 原始字符串: &Find all occurrences
[QString::FromUtf8] 原始字符串: Match &case
[QString::FromUtf8] 原始字符串: &Regular expression
[QString::FromUtf8] 原始字符串: &Identifier
[QString::FromUtf8] 原始字符串: Search &Up
[QString::FromUtf8] 原始字符串: &Find all occurrences
[QString::FromUtf8] 原始字符串: &String
[QString::FromUtf8] 原始字符串: validaddress
[QString::FromUtf8] 原始字符串: pthread_create
[QString::FromUtf8] 原始字符串: 7a9ff4b300
[QString::FromUtf8] 原始字符串: sub_36390
[QString::FromUtf8] 原始字符串: JNI_OnLoad
[QString::FromUtf8] 原始字符串: /proc/self/maps
[QString::FromUtf8] 原始字符串: JNI_
[QString::FromUtf8] 原始字符串: JNI
[QString::FromUtf8] 原始字符串: validaddress
[QString::FromUtf8] 原始字符串: Match &case
[QString::FromUtf8] 原始字符串: &Regular expression
[QString::FromUtf8] 原始字符串: &Identifier
[QString::FromUtf8] 原始字符串: Search &Up
[QString::FromUtf8] 原始字符串: #Parameters#Search ~U~p
[QString::FromUtf8] 原始字符串: &Find all occurrences
[QString::FromUtf8] 原始字符串: Find all occurrences and display a list#~F~ind all occurrences
[QString::FromUtf8] 长度超过50字符，跳过替换
[QTranslate] 原始字符串: &Yes
[QString::FromUtf8] 原始字符串: O&K
[QTranslate] 原始字符串: Cancel
[QString::FromUtf8] 原始字符串: Cancel
[QTranslate] 原始字符串: Help
[QTranslate] 精确匹配: 帮助
[QString::FromUtf8] 原始字符串: Help
[QString::FromUtf8] 精确匹配: 帮助
[QString::FromUtf8] 原始字符串: Copy pseudocode to disassembly
[QString::FromUtf8] 原始字符串: Open picture
[QString::FromUtf8] 原始字符串: ...     (unassigned)
[QString::FromUtf8] 原始字符串: ...     (unassigned)
[QString::FromUtf8] 原始字符串: ...     (unassigned)
[QString::FromUtf8] 原始字符串: ...     (unassigned)
[QString::FromUtf8] 原始字符串: ...     (unassigned)
[QString::FromUtf8] 原始字符串: ...     (unassigned)
[QString::FromUtf8] 原始字符串: ...     (unassigned)
[QString::FromUtf8] 原始字符串: ...     (unassigned)
[QString::FromUtf8] 原始字符串: Start process
[QString::FromUtf8] 原始字符串: Disassembly
[QString::FromUtf8] 原始字符串: Disassembly
[QString::FromUtf8] 原始字符串: Set t&ype...
[QString::FromUtf8] 原始字符串: Undo 
[QString::FromUtf8] 原始字符串: Redo 
[QString::FromUtf8] 原始字符串: Disable undo
[QString::FromUtf8] 原始字符串: Metadata History
[QString::FromUtf8] 原始字符串: Default:Edit
[QString::FromUtf8] 原始字符串: Default:Search
[QString::FromUtf8] 原始字符串: Default:Jump
[QString::FromUtf8] 原始字符串: Open picture
[QString::FromUtf8] 原始字符串: ...     (unassigned)
[QString::FromUtf8] 原始字符串: ...     (unassigned)
[QString::FromUtf8] 原始字符串: ...     (unassigned)
[QString::FromUtf8] 原始字符串: ...     (unassigned)
[QString::FromUtf8] 原始字符串: ...     (unassigned)
[QString::FromUtf8] 原始字符串: ...     (unassigned)
[QString::FromUtf8] 原始字符串: ...     (unassigned)
[QString::FromUtf8] 原始字符串: ...     (unassigned)
[QString::FromUtf8] 原始字符串: Start process
[QString::FromUtf8] 原始字符串: Undo 
[QString::FromUtf8] 原始字符串: Redo 
[QString::FromUtf8] 原始字符串: Disable undo
[QString::FromUtf8] 原始字符串: Open picture
[QString::FromUtf8] 原始字符串: ...     (unassigned)
[QString::FromUtf8] 原始字符串: ...     (unassigned)
[QString::FromUtf8] 原始字符串: ...     (unassigned)
[QString::FromUtf8] 原始字符串: ...     (unassigned)
[QString::FromUtf8] 原始字符串: ...     (unassigned)
[QString::FromUtf8] 原始字符串: ...     (unassigned)
[QString::FromUtf8] 原始字符串: ...     (unassigned)
[QString::FromUtf8] 原始字符串: ...     (unassigned)
[QString::FromUtf8] 原始字符串: Start process
[QString::FromUtf8] 原始字符串: Undo 
[QString::FromUtf8] 原始字符串: Redo 
[QString::FromUtf8] 原始字符串: Disable undo
[QString::FromUtf8] 原始字符串: WAITING 
[QString::FromUtf8] 原始字符串: Function name
[QString::FromUtf8] 原始字符串: Segment
[QString::FromUtf8] 原始字符串: Open picture
[QString::FromUtf8] 原始字符串: ...     (unassigned)
[QString::FromUtf8] 原始字符串: ...     (unassigned)
[QString::FromUtf8] 原始字符串: ...     (unassigned)
[QString::FromUtf8] 原始字符串: ...     (unassigned)
[QString::FromUtf8] 原始字符串: ...     (unassigned)
[QString::FromUtf8] 原始字符串: ...     (unassigned)
[QString::FromUtf8] 原始字符串: ...     (unassigned)
[QString::FromUtf8] 原始字符串: ...     (unassigned)
[QString::FromUtf8] 原始字符串: Start process
[QString::FromUtf8] 原始字符串: Undo 
[QString::FromUtf8] 原始字符串: Redo 
[QString::FromUtf8] 原始字符串: Disable undo
[QString::FromUtf8] 原始字符串: Open picture
[QString::FromUtf8] 原始字符串: ...     (unassigned)
[QString::FromUtf8] 原始字符串: ...     (unassigned)
[QString::FromUtf8] 原始字符串: ...     (unassigned)
[QString::FromUtf8] 原始字符串: ...     (unassigned)
[QString::FromUtf8] 原始字符串: ...     (unassigned)
[QString::FromUtf8] 原始字符串: ...     (unassigned)
[QString::FromUtf8] 原始字符串: ...     (unassigned)
[QString::FromUtf8] 原始字符串: ...     (unassigned)
[QString::FromUtf8] 原始字符串: Start process
[QString::FromUtf8] 原始字符串: Undo 
[QString::FromUtf8] 原始字符串: Redo 
[QString::FromUtf8] 原始字符串: Disable undo
[QString::FromUtf8] 原始字符串: JNI_OnLoad
[QString::FromUtf8] 原始字符串: Default:Edit
[QString::FromUtf8] 原始字符串: Default:Search
[QString::FromUtf8] 原始字符串: Default:Jump
[QString::FromUtf8] 原始字符串: Copy pseudocode to disassembly
[QString::FromUtf8] 原始字符串: Open picture
[QString::FromUtf8] 原始字符串: ...     (unassigned)
[QString::FromUtf8] 原始字符串: ...     (unassigned)
[QString::FromUtf8] 原始字符串: ...     (unassigned)
[QString::FromUtf8] 原始字符串: ...     (unassigned)
[QString::FromUtf8] 原始字符串: ...     (unassigned)
[QString::FromUtf8] 原始字符串: ...     (unassigned)
[QString::FromUtf8] 原始字符串: ...     (unassigned)
[QString::FromUtf8] 原始字符串: ...     (unassigned)
[QString::FromUtf8] 原始字符串: Start process
[QString::FromUtf8] 原始字符串: Disassembly
[QString::FromUtf8] 原始字符串: Disassembly
[QString::FromUtf8] 原始字符串: Set t&ype...
[QString::FromUtf8] 原始字符串: Undo 
[QString::FromUtf8] 原始字符串: Redo 
[QString::FromUtf8] 原始字符串: Disable undo
[QString::FromUtf8] 原始字符串: Metadata History
[QString::FromUtf8] 原始字符串: Copy pseudocode to disassembly
[QString::FromUtf8] 原始字符串: Open picture
[QString::FromUtf8] 原始字符串: ...     (unassigned)
[QString::FromUtf8] 原始字符串: ...     (unassigned)
[QString::FromUtf8] 原始字符串: ...     (unassigned)
[QString::FromUtf8] 原始字符串: ...     (unassigned)
[QString::FromUtf8] 原始字符串: ...     (unassigned)
[QString::FromUtf8] 原始字符串: ...     (unassigned)
[QString::FromUtf8] 原始字符串: ...     (unassigned)
[QString::FromUtf8] 原始字符串: ...     (unassigned)
[QString::FromUtf8] 原始字符串: Start process
[QString::FromUtf8] 原始字符串: Disassembly
[QString::FromUtf8] 原始字符串: Disassembly
[QString::FromUtf8] 原始字符串: Set t&ype...
[QString::FromUtf8] 原始字符串: Undo 
[QString::FromUtf8] 原始字符串: Redo 
[QString::FromUtf8] 原始字符串: Disable undo
[QString::FromUtf8] 原始字符串: Metadata History
[QString::FromUtf8] 原始字符串: Down
[QString::FromUtf8] 原始字符串: Function name
[QString::FromUtf8] 原始字符串: Segment
[QString::FromUtf8] 原始字符串:  @:0000000000015000
[QString::FromUtf8] 原始字符串: BUSY
[QString::FromUtf8] 原始字符串:  @:0000000000049D00
[QString::FromUtf8] 原始字符串:  @:000000000004CB00
[QString::FromUtf8] 原始字符串:  @:000000000004FB00
[QString::FromUtf8] 原始字符串:  @:0000000000052C00
[QString::FromUtf8] 原始字符串: Cancel
[QString::FromUtf8] 原始字符串: Searching
[QString::FromUtf8] 原始字符串: Function name
[QString::FromUtf8] 原始字符串: Segment
[QString::FromUtf8] 原始字符串:  @:0000000000054400
[QString::FromUtf8] 原始字符串:  @:0000000000059D00
[QString::FromUtf8] 原始字符串:  @:000000000005FB00
[QString::FromUtf8] 原始字符串:  @:0000000000065C00
[QString::FromUtf8] 原始字符串:  @:000000000006BB00
[QString::FromUtf8] 原始字符串:  @:0000000000071B00
[QString::FromUtf8] 原始字符串:  @:0000000000077A00
[QString::FromUtf8] 原始字符串:  @:000000000007D800
[QString::FromUtf8] 原始字符串:  @:0000000000083900
[QString::FromUtf8] 原始字符串:  @:0000000000089800
[QString::FromUtf8] 原始字符串:  @:000000000008F900
[QString::FromUtf8] 原始字符串:  @:0000000000095900
[QString::FromUtf8] 原始字符串:  @:000000000009B900
[QString::FromUtf8] 原始字符串:  @:00000000000A1A00
[QString::FromUtf8] 原始字符串:  @:00000000000A7A00
[QString::FromUtf8] 原始字符串:  @:00000000000ADB00
[QString::FromUtf8] 原始字符串:  @:00000000000B3A00
[QString::FromUtf8] 原始字符串:  @:00000000000B9A00
[QString::FromUtf8] 原始字符串:  @:00000000000BFB00
[QString::FromUtf8] 原始字符串:  @:00000000000C5800
[QString::FromUtf8] 原始字符串:  @:00000000000CB700
[QString::FromUtf8] 原始字符串:  @:00000000000D1900
[QString::FromUtf8] 原始字符串:  @:00000000000D7800
[QString::FromUtf8] 原始字符串:  @:00000000000DD600
[QString::FromUtf8] 原始字符串:  @:00000000000E3500
[QString::FromUtf8] 原始字符串:  @:00000000000E9800
[QString::FromUtf8] 原始字符串:  @:00000000000EF800
[QString::FromUtf8] 原始字符串:  @:00000000000F5900
[QString::FromUtf8] 原始字符串:  @:00000000000FB900
[QString::FromUtf8] 原始字符串:  @:0000000000101B00
[QString::FromUtf8] 原始字符串:  @:0000000000107B00
[QString::FromUtf8] 原始字符串:  @:000000000010DA00
[QString::FromUtf8] 原始字符串:  @:0000000000113900
[QString::FromUtf8] 原始字符串:  @:0000000000119B00
[QString::FromUtf8] 原始字符串:  @:000000000011F900
[QString::FromUtf8] 原始字符串:  @:0000000000125500
[QString::FromUtf8] 原始字符串:  @:000000000012B400
[QString::FromUtf8] 原始字符串:  @:0000000000131200
[QString::FromUtf8] 原始字符串:  @:0000000000137400
[QString::FromUtf8] 原始字符串:  @:000000000013D800
[QString::FromUtf8] 原始字符串:  @:0000000000143900
[QString::FromUtf8] 原始字符串:  @:0000000000149800
[QString::FromUtf8] 原始字符串:  @:000000000014F900
[QString::FromUtf8] 原始字符串:  @:0000000000155C00
[QString::FromUtf8] 原始字符串:  @:000000000015BE00
[QString::FromUtf8] 原始字符串:  @:0000000000161F00
[QString::FromUtf8] 原始字符串:  @:0000000000168000
[QString::FromUtf8] 原始字符串: Occurrences of: JNI_OnLoad
[QString::FromUtf8] 原始字符串: Tabular views
[QString::FromUtf8] 原始字符串: Microsoft YaHei UI
[QString::FromUtf8] 原始字符串: Chooser:Edit
[QString::FromUtf8] 原始字符串: Chooser:Search
[QString::FromUtf8] 原始字符串: Occurrences of: JNI_OnLoad_splitter
[QString::FromUtf8] 原始字符串: Address
[QString::FromUtf8] 原始字符串: Function
[QString::FromUtf8] 原始字符串: Instruction
[QString::FromUtf8] 精确匹配: 指令
[QString::FromUtf8] 原始字符串: Open picture
[QString::FromUtf8] 原始字符串: ...     (unassigned)
[QString::FromUtf8] 原始字符串: ...     (unassigned)
[QString::FromUtf8] 原始字符串: ...     (unassigned)
[QString::FromUtf8] 原始字符串: ...     (unassigned)
[QString::FromUtf8] 原始字符串: ...     (unassigned)
[QString::FromUtf8] 原始字符串: ...     (unassigned)
[QString::FromUtf8] 原始字符串: ...     (unassigned)
[QString::FromUtf8] 原始字符串: ...     (unassigned)
[QString::FromUtf8] 原始字符串: Start process
[QString::FromUtf8] 原始字符串: Set t&ype...
[QString::FromUtf8] 原始字符串: Undo 
[QString::FromUtf8] 原始字符串: Redo 
[QString::FromUtf8] 原始字符串: Disable undo
[QString::FromUtf8] 原始字符串: Metadata History
[QString::FromUtf8] 原始字符串: Address
[QString::FromUtf8] 原始字符串: Function
[QString::FromUtf8] 原始字符串: Instruction
[QString::FromUtf8] 精确匹配: 指令
[QString::FromUtf8] 原始字符串: Occurrences of_ JNI_OnLoad:Edit
[QString::FromUtf8] 原始字符串: Address
[QString::FromUtf8] 原始字符串: Function
[QString::FromUtf8] 原始字符串: Instruction
[QString::FromUtf8] 精确匹配: 指令
[QString::FromUtf8] 原始字符串: Line 1 of 5
[QString::FromUtf8] 原始字符串: Line 1 of 5
[QString::FromUtf8] 原始字符串: Fullscreen
[QString::FromUtf8] 原始字符串: Float
[QString::FromUtf8] 原始字符串: Close
[QString::FromUtf8] 原始字符串: Address
[QString::FromUtf8] 原始字符串: Function
[QString::FromUtf8] 原始字符串: Instruction
[QString::FromUtf8] 精确匹配: 指令
[QString::FromUtf8] 原始字符串: Address
[QString::FromUtf8] 原始字符串: Function
[QString::FromUtf8] 原始字符串: Instruction
[QString::FromUtf8] 精确匹配: 指令
[QString::FromUtf8] 原始字符串: Address
[QString::FromUtf8] 原始字符串: Function
[QString::FromUtf8] 原始字符串: Instruction
[QString::FromUtf8] 精确匹配: 指令
[QString::FromUtf8] 原始字符串: Address
[QString::FromUtf8] 原始字符串: Function
[QString::FromUtf8] 原始字符串: Instruction
[QString::FromUtf8] 精确匹配: 指令
[QString::FromUtf8] 原始字符串: Address
[QString::FromUtf8] 原始字符串: Function
[QString::FromUtf8] 原始字符串: Instruction
[QString::FromUtf8] 精确匹配: 指令
[QString::FromUtf8] 原始字符串: Address
[QString::FromUtf8] 原始字符串: Function
[QString::FromUtf8] 原始字符串: Instruction
[QString::FromUtf8] 精确匹配: 指令
[QTranslate] 原始字符串: Close Tab
[QString::FromUtf8] 原始字符串: Address
[QString::FromUtf8] 原始字符串: Function
[QString::FromUtf8] 原始字符串: Instruction
[QString::FromUtf8] 精确匹配: 指令
[QString::FromUtf8] 原始字符串: Line 1 of 5
[QString::FromUtf8] 原始字符串: Address
[QString::FromUtf8] 原始字符串: Function
[QString::FromUtf8] 原始字符串: Instruction
[QString::FromUtf8] 精确匹配: 指令
[QString::FromUtf8] 原始字符串: Line 1 of 5
[QString::FromUtf8] 原始字符串: Line 1 of 5
[QString::FromUtf8] 原始字符串: Address
[QString::FromUtf8] 原始字符串: Function
[QString::FromUtf8] 原始字符串: Instruction
[QString::FromUtf8] 精确匹配: 指令
[QString::FromUtf8] 原始字符串: Line 1 of 5
[QString::FromUtf8] 原始字符串: Line 1 of 5
[QString::FromUtf8] 原始字符串: Address
[QString::FromUtf8] 原始字符串: Function
[QString::FromUtf8] 原始字符串: Instruction
[QString::FromUtf8] 精确匹配: 指令
[QString::FromUtf8] 原始字符串: Line 1 of 5
[QString::FromUtf8] 原始字符串: Default:Edit
[QString::FromUtf8] 原始字符串: Default:Search
[QString::FromUtf8] 原始字符串: Default:Jump
[QString::FromUtf8] 原始字符串: Open picture
[QString::FromUtf8] 原始字符串: ...     (unassigned)
[QString::FromUtf8] 原始字符串: ...     (unassigned)
[QString::FromUtf8] 原始字符串: ...     (unassigned)
[QString::FromUtf8] 原始字符串: ...     (unassigned)
[QString::FromUtf8] 原始字符串: ...     (unassigned)
[QString::FromUtf8] 原始字符串: ...     (unassigned)
[QString::FromUtf8] 原始字符串: ...     (unassigned)
[QString::FromUtf8] 原始字符串: ...     (unassigned)
[QString::FromUtf8] 原始字符串: Start process
[QString::FromUtf8] 原始字符串: Tabular views
[QString::FromUtf8] 原始字符串: Tabular views
[QString::FromUtf8] 原始字符串: Undo 
[QString::FromUtf8] 原始字符串: Redo 
[QString::FromUtf8] 原始字符串: Disable undo
[QString::FromUtf8] 原始字符串: Insert...
[QString::FromUtf8] 原始字符串: Delete
[QString::FromUtf8] 原始字符串: Edit...
[QString::FromUtf8] 原始字符串: Refresh
[QString::FromUtf8] 原始字符串: Open picture
[QString::FromUtf8] 原始字符串: ...     (unassigned)
[QString::FromUtf8] 原始字符串: ...     (unassigned)
[QString::FromUtf8] 原始字符串: ...     (unassigned)
[QString::FromUtf8] 原始字符串: ...     (unassigned)
[QString::FromUtf8] 原始字符串: ...     (unassigned)
[QString::FromUtf8] 原始字符串: ...     (unassigned)
[QString::FromUtf8] 原始字符串: ...     (unassigned)
[QString::FromUtf8] 原始字符串: ...     (unassigned)
[QString::FromUtf8] 原始字符串: Start process
[QString::FromUtf8] 原始字符串: Tabular views
[QString::FromUtf8] 原始字符串: Tabular views
[QString::FromUtf8] 原始字符串: Undo 
[QString::FromUtf8] 原始字符串: Redo 
[QString::FromUtf8] 原始字符串: Disable undo
[QString::FromUtf8] 原始字符串: Open picture
[QString::FromUtf8] 原始字符串: ...     (unassigned)
[QString::FromUtf8] 原始字符串: ...     (unassigned)
[QString::FromUtf8] 原始字符串: ...     (unassigned)
[QString::FromUtf8] 原始字符串: ...     (unassigned)
[QString::FromUtf8] 原始字符串: ...     (unassigned)
[QString::FromUtf8] 原始字符串: ...     (unassigned)
[QString::FromUtf8] 原始字符串: ...     (unassigned)
[QString::FromUtf8] 原始字符串: ...     (unassigned)
[QString::FromUtf8] 原始字符串: Start process
[QString::FromUtf8] 原始字符串: Tabular views
[QString::FromUtf8] 原始字符串: Tabular views
[QString::FromUtf8] 原始字符串: Undo 
[QString::FromUtf8] 原始字符串: Redo 
[QString::FromUtf8] 原始字符串: Disable undo
[QString::FromUtf8] 原始字符串: Insert...
[QString::FromUtf8] 原始字符串: Delete
[QString::FromUtf8] 原始字符串: Edit...
[QString::FromUtf8] 原始字符串: Refresh
[QString::FromUtf8] 原始字符串: Open picture
[QString::FromUtf8] 原始字符串: ...     (unassigned)
[QString::FromUtf8] 原始字符串: ...     (unassigned)
[QString::FromUtf8] 原始字符串: ...     (unassigned)
[QString::FromUtf8] 原始字符串: ...     (unassigned)
[QString::FromUtf8] 原始字符串: ...     (unassigned)
[QString::FromUtf8] 原始字符串: ...     (unassigned)
[QString::FromUtf8] 原始字符串: ...     (unassigned)
[QString::FromUtf8] 原始字符串: ...     (unassigned)
[QString::FromUtf8] 原始字符串: Start process
[QString::FromUtf8] 原始字符串: Tabular views
[QString::FromUtf8] 原始字符串: Tabular views
[QString::FromUtf8] 原始字符串: Undo 
[QString::FromUtf8] 原始字符串: Redo 
[QString::FromUtf8] 原始字符串: Disable undo
[QString::FromUtf8] 原始字符串: 00000000 struct Elf64_Sym // sizeof=0x18
[QString::FromUtf8] 原始字符串: 00000000 {                                       // XREF: LOAD:0000000000169000/r
[QString::FromUtf8] 长度超过50字符，跳过替换
[QString::FromUtf8] 原始字符串: 00000000                                         // LOAD:0000000000169018/r ...
[QString::FromUtf8] 长度超过50字符，跳过替换
[QString::FromUtf8] 原始字符串: 00000000     unsigned __int32 st_name __offset(OFF64,0x16B000);
[QString::FromUtf8] 长度超过50字符，跳过替换
[QString::FromUtf8] 原始字符串: 00000004     unsigned __int8 st_info;
[QString::FromUtf8] 原始字符串: 00000005     unsigned __int8 st_other;
[QString::FromUtf8] 原始字符串: 00000006     unsigned __int16 st_shndx;
[QString::FromUtf8] 原始字符串: 00000008     unsigned __int64 st_value __off;
[QString::FromUtf8] 原始字符串: 00000010     unsigned __int64 st_size;
[QString::FromUtf8] 原始字符串: 00000018 };
[QString::FromUtf8] 原始字符串: 00000000 struct Elf64_Rela // sizeof=0x18
[QString::FromUtf8] 原始字符串: 00000000 {                                       // XREF: LOAD:00000000000026E8/r
[QString::FromUtf8] 长度超过50字符，跳过替换
[QString::FromUtf8] 原始字符串: 00000000                                         // LOAD:0000000000002700/r ...
[QString::FromUtf8] 长度超过50字符，跳过替换
[QString::FromUtf8] 原始字符串: 00000000     unsigned __int64 r_offset;
[QString::FromUtf8] 原始字符串: 00000008     unsigned __int64 r_info;
[QString::FromUtf8] 原始字符串: 00000010     __int64 r_addend;
[QString::FromUtf8] 原始字符串: 00000018 };
[QString::FromUtf8] 原始字符串: 00000000 struct Elf64_Dyn // sizeof=0x10
[QString::FromUtf8] 原始字符串: 00000000 {                                       // XREF: LOAD:stru_26000/r
[QString::FromUtf8] 长度超过50字符，跳过替换
[QString::FromUtf8] 原始字符串: 00000000                                         // LOAD:0000000000026010/r ...
[QString::FromUtf8] 长度超过50字符，跳过替换
[QString::FromUtf8] 原始字符串: 00000000     unsigned __int64 d_tag;
[QString::FromUtf8] 原始字符串: 00000008     unsigned __int64 d_un;
[QString::FromUtf8] 原始字符串: 00000010 };
[QString::FromUtf8] 原始字符串: 00000008 typedef unsigned __int64 size_t;        // XREF: sub_33F8/r
[QString::FromUtf8] 长度超过50字符，跳过替换
[QString::FromUtf8] 原始字符串: 00000004 typedef unsigned int __mode_t;          // XREF: sub_33F8/r
[QString::FromUtf8] 长度超过50字符，跳过替换
[QString::FromUtf8] 原始字符串: ...     (unassigned)
[QString::FromUtf8] 原始字符串: ...     (unassigned)
[QString::FromUtf8] 原始字符串: ...     (unassigned)
[QString::FromUtf8] 原始字符串: ...     (unassigned)
[QString::FromUtf8] 原始字符串: ...     (unassigned)
[QString::FromUtf8] 原始字符串: ...     (unassigned)
[QString::FromUtf8] 原始字符串: ...     (unassigned)
[QString::FromUtf8] 原始字符串: ...     (unassigned)
[QString::FromUtf8] 原始字符串: Start process
[QString::FromUtf8] 原始字符串: Tabular views
[QString::FromUtf8] 原始字符串: Undo 
[QString::FromUtf8] 原始字符串: Redo 
[QString::FromUtf8] 原始字符串: Disable undo
[QString::FromUtf8] 原始字符串: 0000000000015020  DD 81 12 00 00 00 00 00  00 00 00 00 00 00 00 00  ................
[QString::FromUtf8] 长度超过50字符，跳过替换
[QString::FromUtf8] 原始字符串: 0000000000015010  77 08 00 00 00 90 16 00  00 B0 16 00 00 C0 16 00  w...............
[QString::FromUtf8] 长度超过50字符，跳过替换
[QString::FromUtf8] 原始字符串: 0000000000015000  00 00 00 00 00 00 00 00  00 80 00 00 08 16 00 00  ................
[QString::FromUtf8] 长度超过50字符，跳过替换
[QString::FromUtf8] 原始字符串: 0000000000014FF0  28 2D 01 00 00 00 00 00  D8 C6 16 00 00 00 00 00  (-..............
[QString::FromUtf8] 长度超过50字符，跳过替换
[QString::FromUtf8] 原始字符串: 0000000000015030  00 90 16 00 00 00 00 00  D0 A5 B5 1A 75 00 00 00  ........Х·..u...
[QString::FromUtf8] 长度超过50字符，跳过替换
[QString::FromUtf8] 原始字符串: 0000000000015040  00 80 00 00 00 00 00 00  00 C0 65 FB 73 00 00 00  ............s...
[QString::FromUtf8] 长度超过50字符，跳过替换
[QString::FromUtf8] 原始字符串: 0000000000015050  2F CE A7 38 12 73 AC 59  57 7E 56 B5 5F 59 C9 85  /Χ·8.s.YW~V._YɅ·
[QString::FromUtf8] 长度超过50字符，跳过替换
[QString::FromUtf8] 原始字符串: 0000000000015060  95 00 00 00 08 16 00 00  2F CE A7 38 12 73 AC 59  ......../Χ·8.s.Y
[QString::FromUtf8] 长度超过50字符，跳过替换
[QString::FromUtf8] 原始字符串: 0000000000015070  57 7E 56 B5 5F 59 C9 85  77 08 00 00 DD 81 12 00  W~V._YɅ·w.......
[QString::FromUtf8] 长度超过50字符，跳过替换
[QString::FromUtf8] 原始字符串: 0000000000015080  95 00 00 00 00 C0 16 00  00 B0 16 00 00 00 00 00  ................
[QString::FromUtf8] 长度超过50字符，跳过替换
[QString::FromUtf8] 原始字符串: 0000000000026000  01 00 00 00 00 00 00 00  01 00 00 00 00 00 00 00  ................
[QString::FromUtf8] 长度超过50字符，跳过替换
[QString::FromUtf8] 原始字符串: 0000000000026010  01 00 00 00 00 00 00 00  09 00 00 00 00 00 00 00  ................
[QString::FromUtf8] 长度超过50字符，跳过替换
[QString::FromUtf8] 原始字符串: 0000000000026020  01 00 00 00 00 00 00 00  17 00 00 00 00 00 00 00  ................
[QString::FromUtf8] 长度超过50字符，跳过替换
[QString::FromUtf8] 原始字符串: 0000000000026030  01 00 00 00 00 00 00 00  21 00 00 00 00 00 00 00  ........!.......
[QString::FromUtf8] 长度超过50字符，跳过替换
[QString::FromUtf8] 原始字符串: 0000000000026040  01 00 00 00 00 00 00 00  2E 00 00 00 00 00 00 00  ................
[QString::FromUtf8] 长度超过50字符，跳过替换
[QString::FromUtf8] 原始字符串: 0000000000026050  01 00 00 00 00 00 00 00  36 00 00 00 00 00 00 00  ........6.......
[QString::FromUtf8] 长度超过50字符，跳过替换
[QString::FromUtf8] 原始字符串: 0000000000026060  01 00 00 00 00 00 00 00  3E 00 00 00 00 00 00 00  ........>.......
[QString::FromUtf8] 长度超过50字符，跳过替换
[QString::FromUtf8] 原始字符串: 0000000000026070  0E 00 00 00 00 00 00 00  62 08 00 00 00 00 00 00  ........b.......
[QString::FromUtf8] 长度超过50字符，跳过替换
[QString::FromUtf8] 原始字符串: 0000000000026080  10 00 00 00 00 00 00 00  00 00 00 00 00 00 00 00  ................
[QString::FromUtf8] 长度超过50字符，跳过替换
[QString::FromUtf8] 原始字符串: 0000000000026090  19 00 00 00 00 00 00 00  08 4D 01 00 00 00 00 00  .........M......
[QString::FromUtf8] 长度超过50字符，跳过替换
[QString::FromUtf8] 原始字符串: 00000000000260A0  1B 00 00 00 00 00 00 00  10 00 00 00 00 00 00 00  ................
[QString::FromUtf8] 长度超过50字符，跳过替换
[QString::FromUtf8] 原始字符串: 00000000000260B0  1A 00 00 00 00 00 00 00  18 4D 01 00 00 00 00 00  .........M......
[QString::FromUtf8] 长度超过50字符，跳过替换
[QString::FromUtf8] 原始字符串: 00000000000260C0  1C 00 00 00 00 00 00 00  10 00 00 00 00 00 00 00  ................
[QString::FromUtf8] 长度超过50字符，跳过替换
[QString::FromUtf8] 原始字符串: 00000000000260D0  04 00 00 00 00 00 00 00  00 C0 16 00 00 00 00 00  ................
[QString::FromUtf8] 长度超过50字符，跳过替换
[QString::FromUtf8] 原始字符串: 00000000000260E0  05 00 00 00 00 00 00 00  00 B0 16 00 00 00 00 00  ................
[QString::FromUtf8] 长度超过50字符，跳过替换
[QString::FromUtf8] 原始字符串: 00000000000260F0  06 00 00 00 00 00 00 00  00 90 16 00 00 00 00 00  ................
[QString::FromUtf8] 长度超过50字符，跳过替换
[QString::FromUtf8] 原始字符串: 0000000000026100  0A 00 00 00 00 00 00 00  77 08 00 00 00 00 00 00  ........w.......
[QString::FromUtf8] 长度超过50字符，跳过替换
[QString::FromUtf8] 原始字符串: 0000000000026110  0B 00 00 00 00 00 00 00  18 00 00 00 00 00 00 00  ................
[QString::FromUtf8] 长度超过50字符，跳过替换
[QString::FromUtf8] 原始字符串: 0000000000026120  03 00 00 00 00 00 00 00  18 4F 01 00 00 00 00 00  .........O......
[QString::FromUtf8] 长度超过50字符，跳过替换
[QString::FromUtf8] 原始字符串: 0000000000026130  02 00 00 00 00 00 00 00  40 02 00 00 00 00 00 00  ........@.......
[QString::FromUtf8] 长度超过50字符，跳过替换
[QString::FromUtf8] 原始字符串: 0000000000026140  14 00 00 00 00 00 00 00  07 00 00 00 00 00 00 00  ................
[QString::FromUtf8] 长度超过50字符，跳过替换
[QString::FromUtf8] 原始字符串: ...     (unassigned)
[QString::FromUtf8] 原始字符串: ...     (unassigned)
[QString::FromUtf8] 原始字符串: ...     (unassigned)
[QString::FromUtf8] 原始字符串: ...     (unassigned)
[QString::FromUtf8] 原始字符串: ...     (unassigned)
[QString::FromUtf8] 原始字符串: ...     (unassigned)
[QString::FromUtf8] 原始字符串: ...     (unassigned)
[QString::FromUtf8] 原始字符串: ...     (unassigned)
[QString::FromUtf8] 原始字符串: Start process
[QString::FromUtf8] 原始字符串: Tabular views
[QString::FromUtf8] 原始字符串: Undo 
[QString::FromUtf8] 原始字符串: Redo 
[QString::FromUtf8] 原始字符串: Disable undo
[QString::FromUtf8] 原始字符串: Down
[QString::FromUtf8] 原始字符串: ...     (unassigned)
[QString::FromUtf8] 原始字符串: ...     (unassigned)
[QString::FromUtf8] 原始字符串: ...     (unassigned)
[QString::FromUtf8] 原始字符串: ...     (unassigned)
[QString::FromUtf8] 原始字符串: ...     (unassigned)
[QString::FromUtf8] 原始字符串: ...     (unassigned)
[QString::FromUtf8] 原始字符串: ...     (unassigned)
[QString::FromUtf8] 原始字符串: ...     (unassigned)
[QString::FromUtf8] 原始字符串: Start process
[QString::FromUtf8] 原始字符串: Tabular views
[QString::FromUtf8] 原始字符串: Undo 
[QString::FromUtf8] 原始字符串: Redo 
[QString::FromUtf8] 原始字符串: Disable undo
[QString::FromUtf8] 原始字符串: AU:  idle  
[QString::FromUtf8] 原始字符串: READY
[QString::FromUtf8] 原始字符串: Search completed
[QString::FromUtf8] 原始字符串: Line 1 of 5
[QString::FromUtf8] 原始字符串: Function name
[QString::FromUtf8] 原始字符串: Segment
[QString::FromUtf8] 原始字符串: LOAD:00000000000030DC
[QString::FromUtf8] 原始字符串: sub_303C
[QString::FromUtf8] 原始字符串:                 ADRP            X22, #aJniOnload_0@PAGE ; "JNI_OnLoad"
[QString::FromUtf8] 长度超过50字符，跳过替换
[QString::FromUtf8] 原始字符串: LOAD:00000000000030E4
[QString::FromUtf8] 原始字符串: sub_303C
[QString::FromUtf8] 原始字符串:                 ADD             X22, X22, #aJniOnload_0@PAGEOFF ; "JNI_OnLoad"
[QString::FromUtf8] 长度超过50字符，跳过替换
[QString::FromUtf8] 原始字符串: LOAD:00000000000049F8
[QString::FromUtf8] 原始字符串: aJniOnload_0    DCB "JNI_OnLoad",0      ; DATA XREF: sub_303C:loc_30DC↑o
[QString::FromUtf8] 长度超过50字符，跳过替换
[QString::FromUtf8] 原始字符串: LOAD:000000000016A5F0
[QString::FromUtf8] 原始字符串:                 Elf64_Sym <aJniOnload - unk_16B000, 0x12, 0, 0xB, 0xFFFFFFFFFEED0884, \\ ; "JNI_OnLoad"
[QString::FromUtf8] 长度超过50字符，跳过替换
[QString::FromUtf8] 原始字符串: LOAD:000000000016B01D
[QString::FromUtf8] 原始字符串: aJniOnload      DCB "JNI_OnLoad",0      ; DATA XREF: LOAD:000000000016A5F0↑o
[QString::FromUtf8] 长度超过50字符，跳过替换
[QString::FromUtf8] 原始字符串: Address
[QString::FromUtf8] 原始字符串: Function
[QString::FromUtf8] 原始字符串: Instruction
[QString::FromUtf8] 精确匹配: 指令
[QString::FromUtf8] 原始字符串: Line 3 of 5
[QString::FromUtf8] 原始字符串: ...     (unassigned)
[QString::FromUtf8] 原始字符串: ...     (unassigned)
[QString::FromUtf8] 原始字符串: ...     (unassigned)
[QString::FromUtf8] 原始字符串: ...     (unassigned)
[QString::FromUtf8] 原始字符串: ...     (unassigned)
[QString::FromUtf8] 原始字符串: ...     (unassigned)
[QString::FromUtf8] 原始字符串: ...     (unassigned)
[QString::FromUtf8] 原始字符串: ...     (unassigned)
[QString::FromUtf8] 原始字符串: Start process
[QString::FromUtf8] 原始字符串: Tabular views
[QString::FromUtf8] 原始字符串: Undo 
[QString::FromUtf8] 原始字符串: Redo 
[QString::FromUtf8] 原始字符串: Disable undo
[QString::FromUtf8] 原始字符串: ...     (unassigned)
[QString::FromUtf8] 原始字符串: ...     (unassigned)
[QString::FromUtf8] 原始字符串: ...     (unassigned)
[QString::FromUtf8] 原始字符串: ...     (unassigned)
[QString::FromUtf8] 原始字符串: ...     (unassigned)
[QString::FromUtf8] 原始字符串: ...     (unassigned)
[QString::FromUtf8] 原始字符串: ...     (unassigned)
[QString::FromUtf8] 原始字符串: ...     (unassigned)
[QString::FromUtf8] 原始字符串: Start process
[QString::FromUtf8] 原始字符串: Tabular views
[QString::FromUtf8] 原始字符串: Undo 
[QString::FromUtf8] 原始字符串: Redo 
[QString::FromUtf8] 原始字符串: Disable undo
[QString::FromUtf8] 原始字符串: Address
[QString::FromUtf8] 原始字符串: Function
[QString::FromUtf8] 原始字符串: Instruction
[QString::FromUtf8] 精确匹配: 指令
[QString::FromUtf8] 原始字符串: LOAD:00000000000030DC
[QString::FromUtf8] 原始字符串: sub_303C
[QString::FromUtf8] 原始字符串:                 ADRP            X22, #aJniOnload_0@PAGE ; "JNI_OnLoad"
[QString::FromUtf8] 长度超过50字符，跳过替换
[QString::FromUtf8] 原始字符串: LOAD:00000000000049F8
[QString::FromUtf8] 原始字符串: aJniOnload_0    DCB "JNI_OnLoad",0      ; DATA XREF: sub_303C:loc_30DC↑o
[QString::FromUtf8] 长度超过50字符，跳过替换
[QString::FromUtf8] 原始字符串: aJniOnload_0    DCB "JNI_OnLoad",0      ; DATA XREF: sub_303C:loc_30DC↑o
[QString::FromUtf8] 长度超过50字符，跳过替换
[QString::FromUtf8] 原始字符串: 0000000000015038: LOAD:off_15038
[QString::FromUtf8] 原始字符串: 00015038
[QString::FromUtf8] 原始字符串: Default:Edit
[QString::FromUtf8] 原始字符串: Default:Search
[QString::FromUtf8] 原始字符串: Default:Jump
[QString::FromUtf8] 原始字符串: Copy pseudocode to disassembly
[QString::FromUtf8] 原始字符串: Open picture
[QString::FromUtf8] 原始字符串: ...     (unassigned)
[QString::FromUtf8] 原始字符串: ...     (unassigned)
[QString::FromUtf8] 原始字符串: ...     (unassigned)
[QString::FromUtf8] 原始字符串: ...     (unassigned)
[QString::FromUtf8] 原始字符串: ...     (unassigned)
[QString::FromUtf8] 原始字符串: ...     (unassigned)
[QString::FromUtf8] 原始字符串: ...     (unassigned)
[QString::FromUtf8] 原始字符串: ...     (unassigned)
[QString::FromUtf8] 原始字符串: Start process
[QString::FromUtf8] 原始字符串: Disassembly
[QString::FromUtf8] 原始字符串: Disassembly
[QString::FromUtf8] 原始字符串: Set t&ype...
[QString::FromUtf8] 原始字符串: Undo 
[QString::FromUtf8] 原始字符串: Redo 
[QString::FromUtf8] 原始字符串: Disable undo
[QString::FromUtf8] 原始字符串: Metadata History
[QString::FromUtf8] 原始字符串: Copy pseudocode to disassembly
[QString::FromUtf8] 原始字符串: Open picture
[QString::FromUtf8] 原始字符串: ...     (unassigned)
[QString::FromUtf8] 原始字符串: ...     (unassigned)
[QString::FromUtf8] 原始字符串: ...     (unassigned)
[QString::FromUtf8] 原始字符串: ...     (unassigned)
[QString::FromUtf8] 原始字符串: ...     (unassigned)
[QString::FromUtf8] 原始字符串: ...     (unassigned)
[QString::FromUtf8] 原始字符串: ...     (unassigned)
[QString::FromUtf8] 原始字符串: ...     (unassigned)
[QString::FromUtf8] 原始字符串: Start process
[QString::FromUtf8] 原始字符串: Disassembly
[QString::FromUtf8] 原始字符串: Disassembly
[QString::FromUtf8] 原始字符串: Set t&ype...
[QString::FromUtf8] 原始字符串: Undo 
[QString::FromUtf8] 原始字符串: Redo 
[QString::FromUtf8] 原始字符串: Disable undo
[QString::FromUtf8] 原始字符串: Metadata History
[QString::FromUtf8] 原始字符串: Copy pseudocode to disassembly
[QString::FromUtf8] 原始字符串: Open picture
[QString::FromUtf8] 原始字符串: ...     (unassigned)
[QString::FromUtf8] 原始字符串: ...     (unassigned)
[QString::FromUtf8] 原始字符串: ...     (unassigned)
[QString::FromUtf8] 原始字符串: ...     (unassigned)
[QString::FromUtf8] 原始字符串: ...     (unassigned)
[QString::FromUtf8] 原始字符串: ...     (unassigned)
[QString::FromUtf8] 原始字符串: ...     (unassigned)
[QString::FromUtf8] 原始字符串: ...     (unassigned)
[QString::FromUtf8] 原始字符串: Start process
[QString::FromUtf8] 原始字符串: Disassembly
[QString::FromUtf8] 原始字符串: Disassembly
[QString::FromUtf8] 原始字符串: Set t&ype...
[QString::FromUtf8] 原始字符串: Undo 
[QString::FromUtf8] 原始字符串: Redo 
[QString::FromUtf8] 原始字符串: Disable undo
[QString::FromUtf8] 原始字符串: Metadata History
[QString::FromUtf8] 原始字符串: Copy pseudocode to disassembly
[QString::FromUtf8] 原始字符串: Open picture
[QString::FromUtf8] 原始字符串: ...     (unassigned)
[QString::FromUtf8] 原始字符串: ...     (unassigned)
[QString::FromUtf8] 原始字符串: ...     (unassigned)
[QString::FromUtf8] 原始字符串: ...     (unassigned)
[QString::FromUtf8] 原始字符串: ...     (unassigned)
[QString::FromUtf8] 原始字符串: ...     (unassigned)
[QString::FromUtf8] 原始字符串: ...     (unassigned)
[QString::FromUtf8] 原始字符串: ...     (unassigned)
[QString::FromUtf8] 原始字符串: Start process
[QString::FromUtf8] 原始字符串: Disassembly
[QString::FromUtf8] 原始字符串: Disassembly
[QString::FromUtf8] 原始字符串: Set t&ype...
[QString::FromUtf8] 原始字符串: Undo 
[QString::FromUtf8] 原始字符串: Redo 
[QString::FromUtf8] 原始字符串: Disable undo
[QString::FromUtf8] 原始字符串: Metadata History
[QString::FromUtf8] 原始字符串: 00000000000049F8: LOAD:aJniOnload_0
[QString::FromUtf8] 原始字符串: 000049F8
[QString::FromUtf8] 原始字符串: Open picture
[QString::FromUtf8] 原始字符串: ...     (unassigned)
[QString::FromUtf8] 原始字符串: ...     (unassigned)
[QString::FromUtf8] 原始字符串: ...     (unassigned)
[QString::FromUtf8] 原始字符串: ...     (unassigned)
[QString::FromUtf8] 原始字符串: ...     (unassigned)
[QString::FromUtf8] 原始字符串: ...     (unassigned)
[QString::FromUtf8] 原始字符串: ...     (unassigned)
[QString::FromUtf8] 原始字符串: ...     (unassigned)
[QString::FromUtf8] 原始字符串: Start process
[QString::FromUtf8] 原始字符串: Disassembly
[QString::FromUtf8] 原始字符串: Disassembly
[QString::FromUtf8] 原始字符串: Set t&ype...
[QString::FromUtf8] 原始字符串: Undo 
[QString::FromUtf8] 原始字符串: Redo 
[QString::FromUtf8] 原始字符串: Disable undo
[QString::FromUtf8] 原始字符串: Metadata History
[QString::FromUtf8] 原始字符串: LOAD:00000000000049F5                 DCB 0, 0, 0
[QString::FromUtf8] 原始字符串: LOAD:00000000000049D8                                         ; sub_2CD0+EC↑o
[QString::FromUtf8] 长度超过50字符，跳过替换
[QString::FromUtf8] 原始字符串: LOAD:00000000000049D8                                         ; DATA XREF: sub_2CD0+D4↑o
[QString::FromUtf8] 长度超过50字符，跳过替换
[QString::FromUtf8] 原始字符串: LOAD:00000000000049D8 aSymbolFoundBut DCB "symbol found but not global:",0
[QString::FromUtf8] 长度超过50字符，跳过替换
[QString::FromUtf8] 原始字符串: LOAD:00000000000049D4                 ALIGN 8
[QString::FromUtf8] 原始字符串: LOAD:00000000000049F8 aJniOnload_0    DCB "JNI_OnLoad",0      ; DATA XREF: sub_303C:loc_30DC↑o
[QString::FromUtf8] 长度超过50字符，跳过替换
[QString::FromUtf8] 原始字符串: LOAD:00000000000049F8                                         ; sub_303C+A8↑o
[QString::FromUtf8] 长度超过50字符，跳过替换
[QString::FromUtf8] 原始字符串: LOAD:0000000000004A03                 DCB 0, 0, 0, 0, 0
[QString::FromUtf8] 长度超过50字符，跳过替换
[QString::FromUtf8] 原始字符串: LOAD:0000000000004A08 aProcSelfMaps   DCB "/proc/self/maps",0 ; DATA XREF: sub_33F8+168↑o
[QString::FromUtf8] 长度超过50字符，跳过替换
[QString::FromUtf8] 原始字符串: LOAD:0000000000004A08                                         ; sub_33F8+170↑o
[QString::FromUtf8] 长度超过50字符，跳过替换
[QString::FromUtf8] 原始字符串: LOAD:0000000000004A18 aR              DCB "r",0               ; DATA XREF: sub_33F8:loc_355C↑o
[QString::FromUtf8] 长度超过50字符，跳过替换
[QString::FromUtf8] 原始字符串: LOAD:0000000000004A18                                         ; sub_33F8+16C↑o
[QString::FromUtf8] 长度超过50字符，跳过替换
[QString::FromUtf8] 原始字符串: LOAD:0000000000004A1A                 DCW 0, 0, 0
[QString::FromUtf8] 原始字符串: LOAD:0000000000004A20 aLxLxSSSSS      DCB "%lx-%lx %s %s %s %s %s",0
[QString::FromUtf8] 长度超过50字符，跳过替换
[QString::FromUtf8] 原始字符串: LOAD:0000000000004A20                                         ; DATA XREF: sub_33F8+1B0↑o
[QString::FromUtf8] 长度超过50字符，跳过替换
[QString::FromUtf8] 原始字符串: LOAD:0000000000004A20                                         ; sub_33F8+1C0↑o
[QString::FromUtf8] 长度超过50字符，跳过替换
[QString::FromUtf8] 原始字符串: LOAD:0000000000004A37                 DCB 0
[QString::FromUtf8] 原始字符串: LOAD:0000000000004A38 a08x            DCB "%08X:",0           ; DATA XREF: sub_33F8+56C↑o
[QString::FromUtf8] 长度超过50字符，跳过替换
[QString::FromUtf8] 原始字符串: LOAD:0000000000004A3E                 DCW 0
[QString::FromUtf8] 原始字符串: LOAD:0000000000004A40 aS02x           DCB "%s %02X",0         ; DATA XREF: sub_33F8+550↑o
[QString::FromUtf8] 长度超过50字符，跳过替换
[QString::FromUtf8] 原始字符串: LOAD:0000000000004A40                                         ; sub_33F8+55C↑o
[QString::FromUtf8] 长度超过50字符，跳过替换
[QString::FromUtf8] 原始字符串: LOAD:0000000000004A48 aSC             DCB "%s%c",0            ; DATA XREF: sub_33F8+554↑o
[QString::FromUtf8] 长度超过50字符，跳过替换
[QString::FromUtf8] 原始字符串: LOAD:0000000000004A48                                         ; sub_33F8+564↑o
[QString::FromUtf8] 长度超过50字符，跳过替换
[QString::FromUtf8] 原始字符串: LOAD:0000000000004A4D                 DCB 0, 0, 0
[QString::FromUtf8] 原始字符串: LOAD:0000000000004A50 aS              DCB "%s |",0            ; DATA XREF: sub_33F8+728↑o
[QString::FromUtf8] 长度超过50字符，跳过替换
[QString::FromUtf8] 原始字符串: LOAD:0000000000004A50                                         ; sub_33F8+810↑o ...
[QString::FromUtf8] 长度超过50字符，跳过替换
[QString::FromUtf8] 原始字符串: LOAD:0000000000004A55                 DCB 0, 0, 0
[QString::FromUtf8] 原始字符串: LOAD:0000000000004A58 asc_4A58        DCB "   ",0             ; DATA XREF: sub_33F8+80C↑o
[QString::FromUtf8] 长度超过50字符，跳过替换
[QString::FromUtf8] 原始字符串: LOAD:0000000000004A58                                         ; sub_33F8+814↑o ...
[QString::FromUtf8] 长度超过50字符，跳过替换
[QString::FromUtf8] 原始字符串: LOAD:0000000000004A5C                 ALIGN 0x20
[QString::FromUtf8] 原始字符串: LOAD:0000000000004A60 aLibcSo_0       DCB "libc.so",0         ; DATA XREF: sub_33F8+1448↑o
[QString::FromUtf8] 长度超过50字符，跳过替换
[QString::FromUtf8] 原始字符串: LOAD:0000000000004A60                                         ; sub_33F8+1450↑o
[QString::FromUtf8] 长度超过50字符，跳过替换
[QString::FromUtf8] 原始字符串: LOAD:0000000000004A68 aSscanf_0       DCB "sscanf",0          ; DATA XREF: sub_33F8+145C↑o
[QString::FromUtf8] 长度超过50字符，跳过替换
[QString::FromUtf8] 原始字符串: LOAD:0000000000004A6F                 DCB 0
[QString::FromUtf8] 原始字符串: LOAD:0000000000004A70 qword_4A70      DCQ 0x443B031B01, 0xFFFFE0AC00000007, 0xFFFFE18800000060
[QString::FromUtf8] 长度超过50字符，跳过替换
[QString::FromUtf8] 原始字符串: LOAD:0000000000004A70                                         ; DATA XREF: LOAD:0000000000000168↑o
[QString::FromUtf8] 长度超过50字符，跳过替换
[QString::FromUtf8] 原始字符串: LOAD:0000000000004A88                 DCQ 0xFFFFE26000000080, 0xFFFFE5CC000000A0, 0xFFFFE71400000118
[QString::FromUtf8] 长度超过50字符，跳过替换
[QString::FromUtf8] 原始字符串: LOAD:0000000000004AA0                 DCQ 0xFFFFE98800000150, 0xFFFFFD1000000178, 0x210, 0x14
[QString::FromUtf8] 长度超过50字符，跳过替换
[QString::FromUtf8] 原始字符串: LOAD:0000000000004AC0                 DCQ 0x11E7C0200527A01, 0x1F0C1B, 0x1C0000001C, 0xDCFFFFE044
[QString::FromUtf8] 长度超过50字符，跳过替换
[QString::FromUtf8] 原始字符串: LOAD:0000000000004AE0                 DCQ 0xE0A5A02100E4200
[QString::FromUtf8] 长度超过50字符，跳过替换
[QString::FromUtf8] 原始字符串: LOAD:0000000000004AE8                 DCQ unk_B4200
[QString::FromUtf8] 长度超过50字符，跳过替换
[QString::FromUtf8] 原始字符串: LOAD:0000000000004AF0                 DCQ 0x3C0000001C, 0xD8FFFFE100, 0xE0A5402100E4200
[QString::FromUtf8] 长度超过50字符，跳过替换
[QString::FromUtf8] 原始字符串: LOAD:0000000000004B08                 DCQ unk_B4200
[QString::FromUtf8] 长度超过50字符，跳过替换
[QString::FromUtf8] 原始字符串: LOAD:0000000000004B10                 DCQ 0x5C00000074, 0x36CFFFFE1B8, 0x4C054401C00E4200, 0x1A48054E104D0512
[QString::FromUtf8] 长度超过50字符，跳过替换
[QString::FromUtf8] 原始字符串: LOAD:0000000000004B30                 DCQ 0x4B05164A05184905, 0x970C4F050E4E0514
[QString::FromUtf8] 长度超过50字符，跳过替换
[QString::FromUtf8] 原始字符串: 00000000000049F8: LOAD:aJniOnload_0
[QString::FromUtf8] 原始字符串: 000049F8
[QString::FromUtf8] 原始字符串: Open picture
[QString::FromUtf8] 原始字符串: ...     (unassigned)
[QString::FromUtf8] 原始字符串: ...     (unassigned)
[QString::FromUtf8] 原始字符串: ...     (unassigned)
[QString::FromUtf8] 原始字符串: ...     (unassigned)
[QString::FromUtf8] 原始字符串: ...     (unassigned)
[QString::FromUtf8] 原始字符串: ...     (unassigned)
[QString::FromUtf8] 原始字符串: ...     (unassigned)
[QString::FromUtf8] 原始字符串: ...     (unassigned)
[QString::FromUtf8] 原始字符串: Start process
[QString::FromUtf8] 原始字符串: Disassembly
[QString::FromUtf8] 原始字符串: Disassembly
[QString::FromUtf8] 原始字符串: Set t&ype...
[QString::FromUtf8] 原始字符串: Undo 
[QString::FromUtf8] 原始字符串: Redo 
[QString::FromUtf8] 原始字符串: Disable undo
[QString::FromUtf8] 原始字符串: Metadata History
[QString::FromUtf8] 原始字符串: Open picture
[QString::FromUtf8] 原始字符串: ...     (unassigned)
[QString::FromUtf8] 原始字符串: ...     (unassigned)
[QString::FromUtf8] 原始字符串: ...     (unassigned)
[QString::FromUtf8] 原始字符串: ...     (unassigned)
[QString::FromUtf8] 原始字符串: ...     (unassigned)
[QString::FromUtf8] 原始字符串: ...     (unassigned)
[QString::FromUtf8] 原始字符串: ...     (unassigned)
[QString::FromUtf8] 原始字符串: ...     (unassigned)
[QString::FromUtf8] 原始字符串: Start process
[QString::FromUtf8] 原始字符串: Disassembly
[QString::FromUtf8] 原始字符串: Disassembly
[QString::FromUtf8] 原始字符串: Set t&ype...
[QString::FromUtf8] 原始字符串: Undo 
[QString::FromUtf8] 原始字符串: Redo 
[QString::FromUtf8] 原始字符串: Disable undo
[QString::FromUtf8] 原始字符串: Metadata History
[QString::FromUtf8] 原始字符串: Open picture
[QString::FromUtf8] 原始字符串: ...     (unassigned)
[QString::FromUtf8] 原始字符串: ...     (unassigned)
[QString::FromUtf8] 原始字符串: ...     (unassigned)
[QString::FromUtf8] 原始字符串: ...     (unassigned)
[QString::FromUtf8] 原始字符串: ...     (unassigned)
[QString::FromUtf8] 原始字符串: ...     (unassigned)
[QString::FromUtf8] 原始字符串: ...     (unassigned)
[QString::FromUtf8] 原始字符串: ...     (unassigned)
[QString::FromUtf8] 原始字符串: Start process
[QString::FromUtf8] 原始字符串: Disassembly
[QString::FromUtf8] 原始字符串: Disassembly
[QString::FromUtf8] 原始字符串: Set t&ype...
[QString::FromUtf8] 原始字符串: Undo 
[QString::FromUtf8] 原始字符串: Redo 
[QString::FromUtf8] 原始字符串: Disable undo
[QString::FromUtf8] 原始字符串: Metadata History
[QString::FromUtf8] 原始字符串: Open picture
[QString::FromUtf8] 原始字符串: ...     (unassigned)
[QString::FromUtf8] 原始字符串: ...     (unassigned)
[QString::FromUtf8] 原始字符串: ...     (unassigned)
[QString::FromUtf8] 原始字符串: ...     (unassigned)
[QString::FromUtf8] 原始字符串: ...     (unassigned)
[QString::FromUtf8] 原始字符串: ...     (unassigned)
[QString::FromUtf8] 原始字符串: ...     (unassigned)
[QString::FromUtf8] 原始字符串: ...     (unassigned)
[QString::FromUtf8] 原始字符串: Start process
[QString::FromUtf8] 原始字符串: Disassembly
[QString::FromUtf8] 原始字符串: Disassembly
[QString::FromUtf8] 原始字符串: Set t&ype...
[QString::FromUtf8] 原始字符串: Undo 
[QString::FromUtf8] 原始字符串: Redo 
[QString::FromUtf8] 原始字符串: Disable undo
[QString::FromUtf8] 原始字符串: Metadata History
[QString::FromUtf8] 原始字符串: Open picture
[QString::FromUtf8] 原始字符串: Abort selection
[QString::FromUtf8] 原始字符串: ...     (unassigned)
[QString::FromUtf8] 原始字符串: ...     (unassigned)
[QString::FromUtf8] 原始字符串: ...     (unassigned)
[QString::FromUtf8] 原始字符串: ...     (unassigned)
[QString::FromUtf8] 原始字符串: ...     (unassigned)
[QString::FromUtf8] 原始字符串: ...     (unassigned)
[QString::FromUtf8] 原始字符串: ...     (unassigned)
[QString::FromUtf8] 原始字符串: ...     (unassigned)
[QString::FromUtf8] 原始字符串: Start process
[QString::FromUtf8] 原始字符串: Disassembly
[QString::FromUtf8] 原始字符串: Disassembly
[QString::FromUtf8] 原始字符串: Set t&ype...
[QString::FromUtf8] 原始字符串: Undo 
[QString::FromUtf8] 原始字符串: Redo 
[QString::FromUtf8] 原始字符串: Disable undo
[QString::FromUtf8] 原始字符串: Metadata History
[QString::FromUtf8] 原始字符串: Open picture
[QString::FromUtf8] 原始字符串: ...     (unassigned)
[QString::FromUtf8] 原始字符串: ...     (unassigned)
[QString::FromUtf8] 原始字符串: ...     (unassigned)
[QString::FromUtf8] 原始字符串: ...     (unassigned)
[QString::FromUtf8] 原始字符串: ...     (unassigned)
[QString::FromUtf8] 原始字符串: ...     (unassigned)
[QString::FromUtf8] 原始字符串: ...     (unassigned)
[QString::FromUtf8] 原始字符串: ...     (unassigned)
[QString::FromUtf8] 原始字符串: Start process
[QString::FromUtf8] 原始字符串: Disassembly
[QString::FromUtf8] 原始字符串: Disassembly
[QString::FromUtf8] 原始字符串: Set t&ype...
[QString::FromUtf8] 原始字符串: Undo 
[QString::FromUtf8] 原始字符串: Redo 
[QString::FromUtf8] 原始字符串: Disable undo
[QString::FromUtf8] 原始字符串: Metadata History
[QString::FromUtf8] 原始字符串: Vault files
[QString::FromUtf8] 原始字符串: Local files
[QString::FromUtf8] 原始字符串: Worklists
[QString::FromUtf8] 原始字符串: Elf64_Sym
[QString::FromUtf8] 原始字符串: 00000018
[QString::FromUtf8] 原始字符串: 1
[QString::FromUtf8] 原始字符串: Name
[QString::FromUtf8] 原始字符串: Size
[QString::FromUtf8] 原始字符串: Ordinal
[QString::FromUtf8] 原始字符串: Line 3 of 5
[QString::FromUtf8] 原始字符串: Line 3 of 5
[QString::FromUtf8] 原始字符串: Line 3 of 5
[QString::FromUtf8] 原始字符串: .dynsym
[QString::FromUtf8] 原始字符串: Address
[QString::FromUtf8] 原始字符串: Ordinal
[QString::FromUtf8] 原始字符串: Name
[QString::FromUtf8] 原始字符串: LOAD:00000000000049F5                 DCB 0, 0, 0
[QString::FromUtf8] 原始字符串: LOAD:00000000000049D8                                         ; sub_2CD0+EC↑o
[QString::FromUtf8] 长度超过50字符，跳过替换
[QString::FromUtf8] 原始字符串: LOAD:00000000000049D8                                         ; DATA XREF: sub_2CD0+D4↑o
[QString::FromUtf8] 长度超过50字符，跳过替换
[QString::FromUtf8] 原始字符串: LOAD:00000000000049D8 aSymbolFoundBut DCB "symbol found but not global:",0
[QString::FromUtf8] 长度超过50字符，跳过替换
[QString::FromUtf8] 原始字符串: LOAD:00000000000049D4                 ALIGN 8
[QString::FromUtf8] 原始字符串: LOAD:00000000000049F8 aJniOnload_0    DCB "JNI_OnLoad",0      ; DATA XREF: sub_303C:loc_30DC↑o
[QString::FromUtf8] 长度超过50字符，跳过替换
[QString::FromUtf8] 原始字符串: LOAD:00000000000049F8                                         ; sub_303C+A8↑o
[QString::FromUtf8] 长度超过50字符，跳过替换
[QString::FromUtf8] 原始字符串: LOAD:0000000000004A03                 DCB 0, 0, 0, 0, 0
[QString::FromUtf8] 长度超过50字符，跳过替换
[QString::FromUtf8] 原始字符串: LOAD:0000000000004A08 aProcSelfMaps   DCB "/proc/self/maps",0 ; DATA XREF: sub_33F8+168↑o
[QString::FromUtf8] 长度超过50字符，跳过替换
[QString::FromUtf8] 原始字符串: LOAD:0000000000004A08                                         ; sub_33F8+170↑o
[QString::FromUtf8] 长度超过50字符，跳过替换
[QString::FromUtf8] 原始字符串: LOAD:0000000000004A18 aR              DCB "r",0               ; DATA XREF: sub_33F8:loc_355C↑o
[QString::FromUtf8] 长度超过50字符，跳过替换
[QString::FromUtf8] 原始字符串: LOAD:0000000000004A18                                         ; sub_33F8+16C↑o
[QString::FromUtf8] 长度超过50字符，跳过替换
[QString::FromUtf8] 原始字符串: LOAD:0000000000004A1A                 DCW 0, 0, 0
[QString::FromUtf8] 原始字符串: LOAD:0000000000004A20 aLxLxSSSSS      DCB "%lx-%lx %s %s %s %s %s",0
[QString::FromUtf8] 长度超过50字符，跳过替换
[QString::FromUtf8] 原始字符串: LOAD:0000000000004A20                                         ; DATA XREF: sub_33F8+1B0↑o
[QString::FromUtf8] 长度超过50字符，跳过替换
[QString::FromUtf8] 原始字符串: LOAD:0000000000004A20                                         ; sub_33F8+1C0↑o
[QString::FromUtf8] 长度超过50字符，跳过替换
[QString::FromUtf8] 原始字符串: LOAD:0000000000004A37                 DCB 0
[QString::FromUtf8] 原始字符串: LOAD:0000000000004A38 a08x            DCB "%08X:",0           ; DATA XREF: sub_33F8+56C↑o
[QString::FromUtf8] 长度超过50字符，跳过替换
[QString::FromUtf8] 原始字符串: LOAD:0000000000004A3E                 DCW 0
[QString::FromUtf8] 原始字符串: LOAD:0000000000004A40 aS02x           DCB "%s %02X",0         ; DATA XREF: sub_33F8+550↑o
[QString::FromUtf8] 长度超过50字符，跳过替换
[QString::FromUtf8] 原始字符串: LOAD:0000000000004A40                                         ; sub_33F8+55C↑o
[QString::FromUtf8] 长度超过50字符，跳过替换
[QString::FromUtf8] 原始字符串: LOAD:0000000000004A48 aSC             DCB "%s%c",0            ; DATA XREF: sub_33F8+554↑o
[QString::FromUtf8] 长度超过50字符，跳过替换
[QString::FromUtf8] 原始字符串: LOAD:0000000000004A48                                         ; sub_33F8+564↑o
[QString::FromUtf8] 长度超过50字符，跳过替换
[QString::FromUtf8] 原始字符串: LOAD:0000000000004A4D                 DCB 0, 0, 0
[QString::FromUtf8] 原始字符串: LOAD:0000000000004A50 aS              DCB "%s |",0            ; DATA XREF: sub_33F8+728↑o
[QString::FromUtf8] 长度超过50字符，跳过替换
[QString::FromUtf8] 原始字符串: LOAD:0000000000004A50                                         ; sub_33F8+810↑o ...
[QString::FromUtf8] 长度超过50字符，跳过替换
[QString::FromUtf8] 原始字符串: LOAD:0000000000004A55                 DCB 0, 0, 0
[QString::FromUtf8] 原始字符串: LOAD:0000000000004A58 asc_4A58        DCB "   ",0             ; DATA XREF: sub_33F8+80C↑o
[QString::FromUtf8] 长度超过50字符，跳过替换
[QString::FromUtf8] 原始字符串: LOAD:0000000000004A58                                         ; sub_33F8+814↑o ...
[QString::FromUtf8] 长度超过50字符，跳过替换
[QString::FromUtf8] 原始字符串: LOAD:0000000000004A5C                 ALIGN 0x20
[QString::FromUtf8] 原始字符串: LOAD:0000000000004A60 aLibcSo_0       DCB "libc.so",0         ; DATA XREF: sub_33F8+1448↑o
[QString::FromUtf8] 长度超过50字符，跳过替换
[QString::FromUtf8] 原始字符串: LOAD:0000000000004A60                                         ; sub_33F8+1450↑o
[QString::FromUtf8] 长度超过50字符，跳过替换
[QString::FromUtf8] 原始字符串: LOAD:0000000000004A68 aSscanf_0       DCB "sscanf",0          ; DATA XREF: sub_33F8+145C↑o
[QString::FromUtf8] 长度超过50字符，跳过替换
[QString::FromUtf8] 原始字符串: LOAD:0000000000004A6F                 DCB 0
[QString::FromUtf8] 原始字符串: LOAD:0000000000004A70 qword_4A70      DCQ 0x443B031B01, 0xFFFFE0AC00000007, 0xFFFFE18800000060
[QString::FromUtf8] 长度超过50字符，跳过替换
[QString::FromUtf8] 原始字符串: LOAD:0000000000004A70                                         ; DATA XREF: LOAD:0000000000000168↑o
[QString::FromUtf8] 长度超过50字符，跳过替换
[QString::FromUtf8] 原始字符串: LOAD:0000000000004A88                 DCQ 0xFFFFE26000000080, 0xFFFFE5CC000000A0, 0xFFFFE71400000118
[QString::FromUtf8] 长度超过50字符，跳过替换
[QString::FromUtf8] 原始字符串: LOAD:0000000000004AA0                 DCQ 0xFFFFE98800000150, 0xFFFFFD1000000178, 0x210, 0x14
[QString::FromUtf8] 长度超过50字符，跳过替换
[QString::FromUtf8] 原始字符串: LOAD:0000000000004AC0                 DCQ 0x11E7C0200527A01, 0x1F0C1B, 0x1C0000001C, 0xDCFFFFE044
[QString::FromUtf8] 长度超过50字符，跳过替换
[QString::FromUtf8] 原始字符串: LOAD:0000000000004AE0                 DCQ 0xE0A5A02100E4200
[QString::FromUtf8] 长度超过50字符，跳过替换
[QString::FromUtf8] 原始字符串: LOAD:0000000000004AE8                 DCQ unk_B4200
[QString::FromUtf8] 长度超过50字符，跳过替换
[QString::FromUtf8] 原始字符串: LOAD:0000000000004AF0                 DCQ 0x3C0000001C, 0xD8FFFFE100, 0xE0A5402100E4200
[QString::FromUtf8] 长度超过50字符，跳过替换
[QString::FromUtf8] 原始字符串: LOAD:0000000000004B08                 DCQ unk_B4200
[QString::FromUtf8] 长度超过50字符，跳过替换
[QString::FromUtf8] 原始字符串: LOAD:0000000000004B10                 DCQ 0x5C00000074, 0x36CFFFFE1B8, 0x4C054401C00E4200, 0x1A48054E104D0512
[QString::FromUtf8] 长度超过50字符，跳过替换
[QString::FromUtf8] 原始字符串: LOAD:0000000000004B30                 DCQ 0x4B05164A05184905, 0x970C4F050E4E0514
[QString::FromUtf8] 长度超过50字符，跳过替换
[QString::FromUtf8] 原始字符串: 00000000000049F8: LOAD:aJniOnload_0
[QString::FromUtf8] 原始字符串: 000049F8
[QString::FromUtf8] 原始字符串: Open picture
[QString::FromUtf8] 原始字符串: ...     (unassigned)
[QString::FromUtf8] 原始字符串: ...     (unassigned)
[QString::FromUtf8] 原始字符串: ...     (unassigned)
[QString::FromUtf8] 原始字符串: ...     (unassigned)
[QString::FromUtf8] 原始字符串: ...     (unassigned)
[QString::FromUtf8] 原始字符串: ...     (unassigned)
[QString::FromUtf8] 原始字符串: ...     (unassigned)
[QString::FromUtf8] 原始字符串: ...     (unassigned)
[QString::FromUtf8] 原始字符串: Start process
[QString::FromUtf8] 原始字符串: Disassembly
[QString::FromUtf8] 原始字符串: Disassembly
[QString::FromUtf8] 原始字符串: Set t&ype...
[QString::FromUtf8] 原始字符串: Undo 
[QString::FromUtf8] 原始字符串: Redo 
[QString::FromUtf8] 原始字符串: Disable undo
[QString::FromUtf8] 原始字符串: Metadata History
[QString::FromUtf8] 原始字符串: Open picture
[QString::FromUtf8] 原始字符串: ...     (unassigned)
[QString::FromUtf8] 原始字符串: ...     (unassigned)
[QString::FromUtf8] 原始字符串: ...     (unassigned)
[QString::FromUtf8] 原始字符串: ...     (unassigned)
[QString::FromUtf8] 原始字符串: ...     (unassigned)
[QString::FromUtf8] 原始字符串: ...     (unassigned)
[QString::FromUtf8] 原始字符串: ...     (unassigned)
[QString::FromUtf8] 原始字符串: ...     (unassigned)
[QString::FromUtf8] 原始字符串: Start process
[QString::FromUtf8] 原始字符串: Disassembly
[QString::FromUtf8] 原始字符串: Disassembly
[QString::FromUtf8] 原始字符串: Set t&ype...
[QString::FromUtf8] 原始字符串: Undo 
[QString::FromUtf8] 原始字符串: Redo 
[QString::FromUtf8] 原始字符串: Disable undo
[QString::FromUtf8] 原始字符串: Metadata History
[QString::FromUtf8] 原始字符串: LOAD:0000000000004B40 ; ---------------------------------------------------------------------------
[QString::FromUtf8] 长度超过50字符，跳过替换
[QString::FromUtf8] 原始字符串: LOAD:0000000000004B40                 LDR             X8, =0x959B890995959595
[QString::FromUtf8] 长度超过50字符，跳过替换
[QString::FromUtf8] 原始字符串: LOAD:0000000000004B44                 ADR             X30, 0xFFFFFFFFFFF2AED5
[QString::FromUtf8] 长度超过50字符，跳过替换
[QString::FromUtf8] 原始字符串: 0000000000004A08: LOAD:aProcSelfMaps
[QString::FromUtf8] 原始字符串: 00004A08
[QString::FromUtf8] 原始字符串: Open picture
[QString::FromUtf8] 原始字符串: ...     (unassigned)
[QString::FromUtf8] 原始字符串: ...     (unassigned)
[QString::FromUtf8] 原始字符串: ...     (unassigned)
[QString::FromUtf8] 原始字符串: ...     (unassigned)
[QString::FromUtf8] 原始字符串: ...     (unassigned)
[QString::FromUtf8] 原始字符串: ...     (unassigned)
[QString::FromUtf8] 原始字符串: ...     (unassigned)
[QString::FromUtf8] 原始字符串: ...     (unassigned)
[QString::FromUtf8] 原始字符串: Start process
[QString::FromUtf8] 原始字符串: Disassembly
[QString::FromUtf8] 原始字符串: Disassembly
[QString::FromUtf8] 原始字符串: Set t&ype...
[QString::FromUtf8] 原始字符串: Undo 
[QString::FromUtf8] 原始字符串: Redo 
[QString::FromUtf8] 原始字符串: Disable undo
[QString::FromUtf8] 原始字符串: Metadata History
[QString::FromUtf8] 原始字符串: 0000000000004A08: LOAD:aProcSelfMaps
[QString::FromUtf8] 原始字符串: 00004A08
[QString::FromUtf8] 原始字符串: Open picture
[QString::FromUtf8] 原始字符串: ...     (unassigned)
[QString::FromUtf8] 原始字符串: ...     (unassigned)
[QString::FromUtf8] 原始字符串: ...     (unassigned)
[QString::FromUtf8] 原始字符串: ...     (unassigned)
[QString::FromUtf8] 原始字符串: ...     (unassigned)
[QString::FromUtf8] 原始字符串: ...     (unassigned)
[QString::FromUtf8] 原始字符串: ...     (unassigned)
[QString::FromUtf8] 原始字符串: ...     (unassigned)
[QString::FromUtf8] 原始字符串: Start process
[QString::FromUtf8] 原始字符串: Disassembly
[QString::FromUtf8] 原始字符串: Disassembly
[QString::FromUtf8] 原始字符串: Set t&ype...
[QString::FromUtf8] 原始字符串: Undo 
[QString::FromUtf8] 原始字符串: Redo 
[QString::FromUtf8] 原始字符串: Disable undo
[QString::FromUtf8] 原始字符串: Metadata History
[QString::FromUtf8] 原始字符串: LOAD:0000000000004B48                 STP             S20, S11, [X20],#0xA8
[QString::FromUtf8] 长度超过50字符，跳过替换
[QString::FromUtf8] 原始字符串: LOAD:0000000000004B48 ; ---------------------------------------------------------------------------
[QString::FromUtf8] 长度超过50字符，跳过替换
[QString::FromUtf8] 原始字符串: LOAD:0000000000004B4C                 DCD 0x24992A96
[QString::FromUtf8] 长度超过50字符，跳过替换
[QString::FromUtf8] 原始字符串: 0000000000004A18: LOAD:aR
[QString::FromUtf8] 原始字符串: 00004A18
[QString::FromUtf8] 原始字符串: Open picture
[QString::FromUtf8] 原始字符串: ...     (unassigned)
[QString::FromUtf8] 原始字符串: ...     (unassigned)
[QString::FromUtf8] 原始字符串: ...     (unassigned)
[QString::FromUtf8] 原始字符串: ...     (unassigned)
[QString::FromUtf8] 原始字符串: ...     (unassigned)
[QString::FromUtf8] 原始字符串: ...     (unassigned)
[QString::FromUtf8] 原始字符串: ...     (unassigned)
[QString::FromUtf8] 原始字符串: ...     (unassigned)
[QString::FromUtf8] 原始字符串: Start process
[QString::FromUtf8] 原始字符串: Disassembly
[QString::FromUtf8] 原始字符串: Disassembly
[QString::FromUtf8] 原始字符串: Set t&ype...
[QString::FromUtf8] 原始字符串: Undo 
[QString::FromUtf8] 原始字符串: Redo 
[QString::FromUtf8] 原始字符串: Disable undo
[QString::FromUtf8] 原始字符串: Metadata History
[QString::FromUtf8] 原始字符串: 0000000000004A18: LOAD:aR
[QString::FromUtf8] 原始字符串: 00004A18
[QString::FromUtf8] 原始字符串: Open picture
[QString::FromUtf8] 原始字符串: ...     (unassigned)
[QString::FromUtf8] 原始字符串: ...     (unassigned)
[QString::FromUtf8] 原始字符串: ...     (unassigned)
[QString::FromUtf8] 原始字符串: ...     (unassigned)
[QString::FromUtf8] 原始字符串: ...     (unassigned)
[QString::FromUtf8] 原始字符串: ...     (unassigned)
[QString::FromUtf8] 原始字符串: ...     (unassigned)
[QString::FromUtf8] 原始字符串: ...     (unassigned)
[QString::FromUtf8] 原始字符串: Start process
[QString::FromUtf8] 原始字符串: Disassembly
[QString::FromUtf8] 原始字符串: Disassembly
[QString::FromUtf8] 原始字符串: Set t&ype...
[QString::FromUtf8] 原始字符串: Undo 
[QString::FromUtf8] 原始字符串: Redo 
[QString::FromUtf8] 原始字符串: Disable undo
[QString::FromUtf8] 原始字符串: Metadata History
[QString::FromUtf8] 原始字符串: LOAD:0000000000004B50                 DCQ 0xC031E9C209B229A, 0x642D3D442DE0A01, 0x642D5D642480649
[QString::FromUtf8] 长度超过50字符，跳过替换
[QString::FromUtf8] 原始字符串: LOAD:0000000000004B68                 DCQ 0x642D7D8424A064B, 0x642D9DA424C064D, 0xE42DBDC424E064F
[QString::FromUtf8] 长度超过50字符，跳过替换
[QString::FromUtf8] 原始字符串: LOAD:0000000000004B80                 DCQ unk_B4200
[QString::FromUtf8] 长度超过50字符，跳过替换
[QString::FromUtf8] 原始字符串: 0000000000004A20: LOAD:aLxLxSSSSS
[QString::FromUtf8] 原始字符串: 00004A20
[QString::FromUtf8] 原始字符串: Open picture
[QString::FromUtf8] 原始字符串: ...     (unassigned)
[QString::FromUtf8] 原始字符串: ...     (unassigned)
[QString::FromUtf8] 原始字符串: ...     (unassigned)
[QString::FromUtf8] 原始字符串: ...     (unassigned)
[QString::FromUtf8] 原始字符串: ...     (unassigned)
[QString::FromUtf8] 原始字符串: ...     (unassigned)
[QString::FromUtf8] 原始字符串: ...     (unassigned)
[QString::FromUtf8] 原始字符串: ...     (unassigned)
[QString::FromUtf8] 原始字符串: Start process
[QString::FromUtf8] 原始字符串: Disassembly
[QString::FromUtf8] 原始字符串: Disassembly
[QString::FromUtf8] 原始字符串: Set t&ype...
[QString::FromUtf8] 原始字符串: Undo 
[QString::FromUtf8] 原始字符串: Redo 
[QString::FromUtf8] 原始字符串: Disable undo
[QString::FromUtf8] 原始字符串: Metadata History
[QString::FromUtf8] 原始字符串: 0000000000004A20: LOAD:aLxLxSSSSS
[QString::FromUtf8] 原始字符串: 00004A20
[QString::FromUtf8] 原始字符串: Open picture
[QString::FromUtf8] 原始字符串: ...     (unassigned)
[QString::FromUtf8] 原始字符串: ...     (unassigned)
[QString::FromUtf8] 原始字符串: ...     (unassigned)
[QString::FromUtf8] 原始字符串: ...     (unassigned)
[QString::FromUtf8] 原始字符串: ...     (unassigned)
[QString::FromUtf8] 原始字符串: ...     (unassigned)
[QString::FromUtf8] 原始字符串: ...     (unassigned)
[QString::FromUtf8] 原始字符串: ...     (unassigned)
[QString::FromUtf8] 原始字符串: Start process
[QString::FromUtf8] 原始字符串: Disassembly
[QString::FromUtf8] 原始字符串: Disassembly
[QString::FromUtf8] 原始字符串: Set t&ype...
[QString::FromUtf8] 原始字符串: Undo 
[QString::FromUtf8] 原始字符串: Redo 
[QString::FromUtf8] 原始字符串: Disable undo
[QString::FromUtf8] 原始字符串: Metadata History
[QString::FromUtf8] 原始字符串: LOAD:0000000000004B88                 DCB 0x34 ; 4
[QString::FromUtf8] 原始字符串: LOAD:0000000000004B89                 DCB 0, 0, 0, 0xD4, 0, 0, 0
[QString::FromUtf8] 长度超过50字符，跳过替换
[QString::FromUtf8] 原始字符串: LOAD:0000000000004B90                 DCQ 0x148FFFFE4AC, 0x9810974E600E4200, 0x18934C129614950E
[QString::FromUtf8] 长度超过50字符，跳过替换
[QString::FromUtf8] 原始字符串: 0000000000004A38: LOAD:a08x
[QString::FromUtf8] 原始字符串: 00004A38
[QString::FromUtf8] 原始字符串: Open picture
[QString::FromUtf8] 原始字符串: ...     (unassigned)
[QString::FromUtf8] 原始字符串: ...     (unassigned)
[QString::FromUtf8] 原始字符串: ...     (unassigned)
[QString::FromUtf8] 原始字符串: ...     (unassigned)
[QString::FromUtf8] 原始字符串: ...     (unassigned)
[QString::FromUtf8] 原始字符串: ...     (unassigned)
[QString::FromUtf8] 原始字符串: ...     (unassigned)
[QString::FromUtf8] 原始字符串: ...     (unassigned)
[QString::FromUtf8] 原始字符串: Start process
[QString::FromUtf8] 原始字符串: Disassembly
[QString::FromUtf8] 原始字符串: Disassembly
[QString::FromUtf8] 原始字符串: Set t&ype...
[QString::FromUtf8] 原始字符串: Undo 
[QString::FromUtf8] 原始字符串: Redo 
[QString::FromUtf8] 原始字符串: Disable undo
[QString::FromUtf8] 原始字符串: Metadata History
[QString::FromUtf8] 原始字符串: 0000000000004A38: LOAD:a08x
[QString::FromUtf8] 原始字符串: 00004A38
[QString::FromUtf8] 原始字符串: Open picture
[QString::FromUtf8] 原始字符串: ...     (unassigned)
[QString::FromUtf8] 原始字符串: ...     (unassigned)
[QString::FromUtf8] 原始字符串: ...     (unassigned)
[QString::FromUtf8] 原始字符串: ...     (unassigned)
[QString::FromUtf8] 原始字符串: ...     (unassigned)
[QString::FromUtf8] 原始字符串: ...     (unassigned)
[QString::FromUtf8] 原始字符串: ...     (unassigned)
[QString::FromUtf8] 原始字符串: ...     (unassigned)
[QString::FromUtf8] 原始字符串: Start process
[QString::FromUtf8] 原始字符串: Disassembly
[QString::FromUtf8] 原始字符串: Disassembly
[QString::FromUtf8] 原始字符串: Set t&ype...
[QString::FromUtf8] 原始字符串: Undo 
[QString::FromUtf8] 原始字符串: Redo 
[QString::FromUtf8] 原始字符串: Disable undo
[QString::FromUtf8] 原始字符串: Metadata History
[QString::FromUtf8] 原始字符串: LOAD:0000000000004BA8                 DCQ 0xD40A6A020C9E1694, 0x42D7D842D5D642D3, 0xB42000E42DE
[QString::FromUtf8] 长度超过50字符，跳过替换
[QString::FromUtf8] 原始字符串: LOAD:0000000000004BC0                 DCQ 0x10C00000024, 0x274FFFFE5BC, 0x4C9E4E02B00E4400, 0x42000E42DE0A5C02
[QString::FromUtf8] 长度超过50字符，跳过替换
[QString::FromUtf8] 原始字符串: LOAD:0000000000004BE0                 DCQ 0xB, 0x13400000094, 0x1388FFFFE808, 0x900E4418F00E4200
[QString::FromUtf8] 长度超过50字符，跳过替换
[QString::FromUtf8] 原始字符串: 0000000000004A40: LOAD:aS02x
[QString::FromUtf8] 原始字符串: 00004A40
[QString::FromUtf8] 原始字符串: Open picture
[QString::FromUtf8] 原始字符串: ...     (unassigned)
[QString::FromUtf8] 原始字符串: ...     (unassigned)
[QString::FromUtf8] 原始字符串: ...     (unassigned)
[QString::FromUtf8] 原始字符串: ...     (unassigned)
[QString::FromUtf8] 原始字符串: ...     (unassigned)
[QString::FromUtf8] 原始字符串: ...     (unassigned)
[QString::FromUtf8] 原始字符串: ...     (unassigned)
[QString::FromUtf8] 原始字符串: ...     (unassigned)
[QString::FromUtf8] 原始字符串: Start process
[QString::FromUtf8] 原始字符串: Disassembly
[QString::FromUtf8] 原始字符串: Disassembly
[QString::FromUtf8] 原始字符串: Set t&ype...
[QString::FromUtf8] 原始字符串: Undo 
[QString::FromUtf8] 原始字符串: Redo 
[QString::FromUtf8] 原始字符串: Disable undo
[QString::FromUtf8] 原始字符串: Metadata History
[QString::FromUtf8] 原始字符串: 0000000000004A40: LOAD:aS02x
[QString::FromUtf8] 原始字符串: 00004A40
[QString::FromUtf8] 原始字符串: Open picture
[QString::FromUtf8] 原始字符串: ...     (unassigned)
[QString::FromUtf8] 原始字符串: ...     (unassigned)
[QString::FromUtf8] 原始字符串: ...     (unassigned)
[QString::FromUtf8] 原始字符串: ...     (unassigned)
[QString::FromUtf8] 原始字符串: ...     (unassigned)
[QString::FromUtf8] 原始字符串: ...     (unassigned)
[QString::FromUtf8] 原始字符串: ...     (unassigned)
[QString::FromUtf8] 原始字符串: ...     (unassigned)
[QString::FromUtf8] 原始字符串: Start process
[QString::FromUtf8] 原始字符串: Disassembly
[QString::FromUtf8] 原始字符串: Disassembly
[QString::FromUtf8] 原始字符串: Set t&ype...
[QString::FromUtf8] 原始字符串: Undo 
[QString::FromUtf8] 原始字符串: Redo 
[QString::FromUtf8] 原始字符串: Disable undo
[QString::FromUtf8] 原始字符串: Metadata History
[QString::FromUtf8] 原始字符串: LOAD:0000000000004C00                 DCB 0x1A, 0x5E, 0xE, 0xA0
[QString::FromUtf8] 长度超过50字符，跳过替换
[QString::FromUtf8] 原始字符串: LOAD:0000000000004C04 ; ---------------------------------------------------------------------------
[QString::FromUtf8] 长度超过50字符，跳过替换
[QString::FromUtf8] 原始字符串: LOAD:0000000000004C04                 FMAXNMP         V26.4H, V8.4H, V8.4H
[QString::FromUtf8] 长度超过50字符，跳过替换
[QString::FromUtf8] 原始字符串: 0000000000004A4D: LOAD:0000000000004A4D
[QString::FromUtf8] 原始字符串: 00004A4D
[QString::FromUtf8] 原始字符串: Open picture
[QString::FromUtf8] 原始字符串: ...     (unassigned)
[QString::FromUtf8] 原始字符串: ...     (unassigned)
[QString::FromUtf8] 原始字符串: ...     (unassigned)
[QString::FromUtf8] 原始字符串: ...     (unassigned)
[QString::FromUtf8] 原始字符串: ...     (unassigned)
[QString::FromUtf8] 原始字符串: ...     (unassigned)
[QString::FromUtf8] 原始字符串: ...     (unassigned)
[QString::FromUtf8] 原始字符串: ...     (unassigned)
[QString::FromUtf8] 原始字符串: Start process
[QString::FromUtf8] 原始字符串: Disassembly
[QString::FromUtf8] 原始字符串: Disassembly
[QString::FromUtf8] 原始字符串: Set t&ype...
[QString::FromUtf8] 原始字符串: Undo 
[QString::FromUtf8] 原始字符串: Redo 
[QString::FromUtf8] 原始字符串: Disable undo
[QString::FromUtf8] 原始字符串: Metadata History
[QString::FromUtf8] 原始字符串: 0000000000004A4D: LOAD:0000000000004A4D
[QString::FromUtf8] 原始字符串: 00004A4D
[QString::FromUtf8] 原始字符串: Open picture
[QString::FromUtf8] 原始字符串: ...     (unassigned)
[QString::FromUtf8] 原始字符串: ...     (unassigned)
[QString::FromUtf8] 原始字符串: ...     (unassigned)
[QString::FromUtf8] 原始字符串: ...     (unassigned)
[QString::FromUtf8] 原始字符串: ...     (unassigned)
[QString::FromUtf8] 原始字符串: ...     (unassigned)
[QString::FromUtf8] 原始字符串: ...     (unassigned)
[QString::FromUtf8] 原始字符串: ...     (unassigned)
[QString::FromUtf8] 原始字符串: Start process
[QString::FromUtf8] 原始字符串: Disassembly
[QString::FromUtf8] 原始字符串: Disassembly
[QString::FromUtf8] 原始字符串: Set t&ype...
[QString::FromUtf8] 原始字符串: Undo 
[QString::FromUtf8] 原始字符串: Redo 
[QString::FromUtf8] 原始字符串: Disable undo
[QString::FromUtf8] 原始字符串: Metadata History
[QString::FromUtf8] 原始字符串: 0000000000004A70: LOAD:qword_4A70
[QString::FromUtf8] 原始字符串: 00004A70
[QString::FromUtf8] 原始字符串: Open picture
[QString::FromUtf8] 原始字符串: ...     (unassigned)
[QString::FromUtf8] 原始字符串: ...     (unassigned)
[QString::FromUtf8] 原始字符串: ...     (unassigned)
[QString::FromUtf8] 原始字符串: ...     (unassigned)
[QString::FromUtf8] 原始字符串: ...     (unassigned)
[QString::FromUtf8] 原始字符串: ...     (unassigned)
[QString::FromUtf8] 原始字符串: ...     (unassigned)
[QString::FromUtf8] 原始字符串: ...     (unassigned)
[QString::FromUtf8] 原始字符串: Start process
[QString::FromUtf8] 原始字符串: Disassembly
[QString::FromUtf8] 原始字符串: Disassembly
[QString::FromUtf8] 原始字符串: Set t&ype...
[QString::FromUtf8] 原始字符串: Undo 
[QString::FromUtf8] 原始字符串: Redo 
[QString::FromUtf8] 原始字符串: Disable undo
[QString::FromUtf8] 原始字符串: Metadata History
[QString::FromUtf8] 原始字符串: Down
[QString::FromUtf8] 原始字符串: 0000000000004B44: LOAD:0000000000004B44
[QString::FromUtf8] 原始字符串: 00004B44
[QString::FromUtf8] 原始字符串: Open picture
[QString::FromUtf8] 原始字符串: ...     (unassigned)
[QString::FromUtf8] 原始字符串: ...     (unassigned)
[QString::FromUtf8] 原始字符串: ...     (unassigned)
[QString::FromUtf8] 原始字符串: ...     (unassigned)
[QString::FromUtf8] 原始字符串: ...     (unassigned)
[QString::FromUtf8] 原始字符串: ...     (unassigned)
[QString::FromUtf8] 原始字符串: ...     (unassigned)
[QString::FromUtf8] 原始字符串: ...     (unassigned)
[QString::FromUtf8] 原始字符串: Start process
[QString::FromUtf8] 原始字符串: Disassembly
[QString::FromUtf8] 原始字符串: Disassembly
[QString::FromUtf8] 原始字符串: Set t&ype...
[QString::FromUtf8] 原始字符串: Undo 
[QString::FromUtf8] 原始字符串: Redo 
[QString::FromUtf8] 原始字符串: Disable undo
[QString::FromUtf8] 原始字符串: Metadata History
[QString::FromUtf8] 原始字符串: Open picture
[QString::FromUtf8] 原始字符串: ...     (unassigned)
[QString::FromUtf8] 原始字符串: ...     (unassigned)
[QString::FromUtf8] 原始字符串: ...     (unassigned)
[QString::FromUtf8] 原始字符串: ...     (unassigned)
[QString::FromUtf8] 原始字符串: ...     (unassigned)
[QString::FromUtf8] 原始字符串: ...     (unassigned)
[QString::FromUtf8] 原始字符串: ...     (unassigned)
[QString::FromUtf8] 原始字符串: ...     (unassigned)
[QString::FromUtf8] 原始字符串: Start process
[QString::FromUtf8] 原始字符串: Disassembly
[QString::FromUtf8] 原始字符串: Disassembly
[QString::FromUtf8] 原始字符串: Set t&ype...
[QString::FromUtf8] 原始字符串: Undo 
[QString::FromUtf8] 原始字符串: Redo 
[QString::FromUtf8] 原始字符串: Disable undo
[QString::FromUtf8] 原始字符串: Metadata History
[QString::FromUtf8] 原始字符串: Down
[QString::FromUtf8] 原始字符串: Open picture
[QString::FromUtf8] 原始字符串: ...     (unassigned)
[QString::FromUtf8] 原始字符串: ...     (unassigned)
[QString::FromUtf8] 原始字符串: ...     (unassigned)
[QString::FromUtf8] 原始字符串: ...     (unassigned)
[QString::FromUtf8] 原始字符串: ...     (unassigned)
[QString::FromUtf8] 原始字符串: ...     (unassigned)
[QString::FromUtf8] 原始字符串: ...     (unassigned)
[QString::FromUtf8] 原始字符串: ...     (unassigned)
[QString::FromUtf8] 原始字符串: Start process
[QString::FromUtf8] 原始字符串: Disassembly
[QString::FromUtf8] 原始字符串: Disassembly
[QString::FromUtf8] 原始字符串: Set t&ype...
[QString::FromUtf8] 原始字符串: Undo 
[QString::FromUtf8] 原始字符串: Redo 
[QString::FromUtf8] 原始字符串: Disable undo
[QString::FromUtf8] 原始字符串: Metadata History
[QString::FromUtf8] 原始字符串: Search completed. Found at 0000000000004B44.
[QString::FromUtf8] 原始字符串: Down
[QString::FromUtf8] 原始字符串: 0000000000015014: LOAD:dword_15014
[QString::FromUtf8] 原始字符串: 00015014
[QString::FromUtf8] 原始字符串: Open picture
[QString::FromUtf8] 原始字符串: ...     (unassigned)
[QString::FromUtf8] 原始字符串: ...     (unassigned)
[QString::FromUtf8] 原始字符串: ...     (unassigned)
[QString::FromUtf8] 原始字符串: ...     (unassigned)
[QString::FromUtf8] 原始字符串: ...     (unassigned)
[QString::FromUtf8] 原始字符串: ...     (unassigned)
[QString::FromUtf8] 原始字符串: ...     (unassigned)
[QString::FromUtf8] 原始字符串: ...     (unassigned)
[QString::FromUtf8] 原始字符串: Start process
[QString::FromUtf8] 原始字符串: Disassembly
[QString::FromUtf8] 原始字符串: Disassembly
[QString::FromUtf8] 原始字符串: Set t&ype...
[QString::FromUtf8] 原始字符串: Undo 
[QString::FromUtf8] 原始字符串: Redo 
[QString::FromUtf8] 原始字符串: Disable undo
[QString::FromUtf8] 原始字符串: Metadata History
[QString::FromUtf8] 原始字符串: LOAD:0000000000015010 dword_15010     DCD 0x877               ; DATA XREF: sub_33F8+14FC↑r
[QString::FromUtf8] 长度超过50字符，跳过替换
[QString::FromUtf8] 原始字符串: LOAD:000000000001500C dword_1500C     DCD 0x1608              ; DATA XREF: sub_33F8+14F8↑r
[QString::FromUtf8] 长度超过50字符，跳过替换
[QString::FromUtf8] 原始字符串: LOAD:0000000000015008                                         ; sub_33F8+14F0↑o ...
[QString::FromUtf8] 长度超过50字符，跳过替换
[QString::FromUtf8] 原始字符串: LOAD:0000000000015008 dword_15008     DCD 0x8000              ; DATA XREF: sub_33F8:loc_48E4↑o
[QString::FromUtf8] 长度超过50字符，跳过替换
[QString::FromUtf8] 原始字符串: LOAD:0000000000015014 dword_15014     DCD 0x169000            ; DATA XREF: sub_33F8+1500↑r
[QString::FromUtf8] 长度超过50字符，跳过替换
[QString::FromUtf8] 原始字符串: LOAD:0000000000015018 dword_15018     DCD 0x16B000            ; DATA XREF: sub_33F8+1504↑r
[QString::FromUtf8] 长度超过50字符，跳过替换
[QString::FromUtf8] 原始字符串: LOAD:000000000001501C dword_1501C     DCD 0x16C000            ; DATA XREF: sub_33F8+1508↑r
[QString::FromUtf8] 长度超过50字符，跳过替换
[QString::FromUtf8] 原始字符串: LOAD:0000000000015020 dword_15020     DCD 0x1281DD            ; DATA XREF: sub_33F8+150C↑r
[QString::FromUtf8] 长度超过50字符，跳过替换
[QString::FromUtf8] 原始字符串: LOAD:0000000000015024                 ALIGN 0x10
[QString::FromUtf8] 原始字符串: LOAD:0000000000015030 dword_15030     DCD 0x169000            ; DATA XREF: sub_33F8+B64↑o
[QString::FromUtf8] 长度超过50字符，跳过替换
[QString::FromUtf8] 原始字符串: LOAD:0000000000015030                                         ; sub_33F8+B74↑r ...
[QString::FromUtf8] 长度超过50字符，跳过替换
[QString::FromUtf8] 原始字符串: LOAD:0000000000015034                 ALIGN 8
[QString::FromUtf8] 原始字符串: LOAD:0000000000015038 off_15038       DCQ 0x751AB5A5D0        ; DATA XREF: sub_33F8+1A0↑o
[QString::FromUtf8] 长度超过50字符，跳过替换
[QString::FromUtf8] 原始字符串: LOAD:0000000000015038                                         ; sub_33F8+1E4↑r ...
[QString::FromUtf8] 长度超过50字符，跳过替换
[QString::FromUtf8] 原始字符串: LOAD:0000000000015040 dword_15040     DCD 0x8000              ; DATA XREF: sub_3184:loc_3224↑o
[QString::FromUtf8] 长度超过50字符，跳过替换
[QString::FromUtf8] 原始字符串: LOAD:0000000000015040                                         ; sub_3184+A4↑r ...
[QString::FromUtf8] 长度超过50字符，跳过替换
[QString::FromUtf8] 原始字符串: LOAD:0000000000015044                 ALIGN 8
[QString::FromUtf8] 原始字符串: LOAD:0000000000015048 qword_15048     DCQ 0x73FB65C000        ; DATA XREF: sub_33F8+1A4↑o
[QString::FromUtf8] 长度超过50字符，跳过替换
[QString::FromUtf8] 原始字符串: LOAD:0000000000015048                                         ; sub_33F8+20C↑r ...
[QString::FromUtf8] 长度超过50字符，跳过替换
[QString::FromUtf8] 原始字符串: LOAD:0000000000015050                 DCB 0x2F ; /
[QString::FromUtf8] 原始字符串: LOAD:0000000000015051                 DCB 0xCE
[QString::FromUtf8] 原始字符串: LOAD:0000000000015052                 DCB 0xA7
[QString::FromUtf8] 原始字符串: LOAD:0000000000015053                 DCB 0x38 ; 8
[QString::FromUtf8] 原始字符串: LOAD:0000000000015054                 DCB 0x12
[QString::FromUtf8] 原始字符串: LOAD:0000000000015055                 DCB 0x73 ; s
[QString::FromUtf8] 原始字符串: LOAD:0000000000015056                 DCB 0xAC
[QString::FromUtf8] 原始字符串: LOAD:0000000000015057                 DCB 0x59 ; Y
[QString::FromUtf8] 原始字符串: LOAD:0000000000015058                 DCB 0x57 ; W
[QString::FromUtf8] 原始字符串: LOAD:0000000000015059                 DCB 0x7E ; ~
[QString::FromUtf8] 原始字符串: LOAD:000000000001505A                 DCB 0x56 ; V
[QString::FromUtf8] 原始字符串: LOAD:000000000001505B                 DCB 0xB5
[QString::FromUtf8] 原始字符串: LOAD:000000000001505C                 DCB 0x5F ; _
[QString::FromUtf8] 原始字符串: LOAD:000000000001505D                 DCB 0x59 ; Y
[QString::FromUtf8] 原始字符串: LOAD:000000000001505E                 DCB 0xC9
[QString::FromUtf8] 原始字符串: LOAD:000000000001505F                 DCB 0x85
[QString::FromUtf8] 原始字符串: LOAD:0000000000015060                 DCB 0x95
[QString::FromUtf8] 原始字符串: LOAD:0000000000015061                 DCB    0
[QString::FromUtf8] 原始字符串: LOAD:0000000000015062                 DCB    0
[QString::FromUtf8] 原始字符串: LOAD:0000000000015063                 DCB    0
[QString::FromUtf8] 原始字符串: LOAD:0000000000015064 dword_15064     DCD 0x1608              ; DATA XREF: sub_33F8+BA0↑r
[QString::FromUtf8] 长度超过50字符，跳过替换
[QString::FromUtf8] 原始字符串: LOAD:0000000000015064                                         ; sub_33F8:loc_45F4↑o ...
[QString::FromUtf8] 长度超过50字符，跳过替换
[QString::FromUtf8] 原始字符串: LOAD:0000000000015068 qword_15068     DCQ 0x59AC731238A7CE2F  ; DATA XREF: sub_3184+14C↑o
[QString::FromUtf8] 长度超过50字符，跳过替换
[QString::FromUtf8] 原始字符串: LOAD:0000000000015068                                         ; sub_3184+154↑o ...
[QString::FromUtf8] 长度超过50字符，跳过替换
[QString::FromUtf8] 原始字符串: LOAD:0000000000015070                 DCQ 0x85C9595FB5567E57
[QString::FromUtf8] 长度超过50字符，跳过替换
[QString::FromUtf8] 原始字符串: LOAD:0000000000015078 dword_15078     DCD 0x877               ; DATA XREF: sub_33F8+BB0↑o
[QString::FromUtf8] 长度超过50字符，跳过替换
[QString::FromUtf8] 原始字符串: 0000000000015014: LOAD:dword_15014
[QString::FromUtf8] 原始字符串: 00015014
[QString::FromUtf8] 原始字符串: Open picture
[QString::FromUtf8] 原始字符串: ...     (unassigned)
[QString::FromUtf8] 原始字符串: ...     (unassigned)
[QString::FromUtf8] 原始字符串: ...     (unassigned)
[QString::FromUtf8] 原始字符串: ...     (unassigned)
[QString::FromUtf8] 原始字符串: ...     (unassigned)
[QString::FromUtf8] 原始字符串: ...     (unassigned)
[QString::FromUtf8] 原始字符串: ...     (unassigned)
[QString::FromUtf8] 原始字符串: ...     (unassigned)
[QString::FromUtf8] 原始字符串: Start process
[QString::FromUtf8] 原始字符串: Disassembly
[QString::FromUtf8] 原始字符串: Disassembly
[QString::FromUtf8] 原始字符串: Set t&ype...
[QString::FromUtf8] 原始字符串: Undo 
[QString::FromUtf8] 原始字符串: Redo 
[QString::FromUtf8] 原始字符串: Disable undo
[QString::FromUtf8] 原始字符串: Metadata History
[QString::FromUtf8] 原始字符串: Down
[QString::FromUtf8] 原始字符串: Open picture
[QString::FromUtf8] 原始字符串: ...     (unassigned)
[QString::FromUtf8] 原始字符串: ...     (unassigned)
[QString::FromUtf8] 原始字符串: ...     (unassigned)
[QString::FromUtf8] 原始字符串: ...     (unassigned)
[QString::FromUtf8] 原始字符串: ...     (unassigned)
[QString::FromUtf8] 原始字符串: ...     (unassigned)
[QString::FromUtf8] 原始字符串: ...     (unassigned)
[QString::FromUtf8] 原始字符串: ...     (unassigned)
[QString::FromUtf8] 原始字符串: Start process
[QString::FromUtf8] 原始字符串: Disassembly
[QString::FromUtf8] 原始字符串: Disassembly
[QString::FromUtf8] 原始字符串: Set t&ype...
[QString::FromUtf8] 原始字符串: Undo 
[QString::FromUtf8] 原始字符串: Redo 
[QString::FromUtf8] 原始字符串: Disable undo
[QString::FromUtf8] 原始字符串: Metadata History
[QString::FromUtf8] 原始字符串: Search completed. Found at 0000000000015014.
[QString::FromUtf8] 原始字符串: Down
[QString::FromUtf8] 原始字符串: 0000000000015038: LOAD:off_15038
[QString::FromUtf8] 原始字符串: 00015038
[QString::FromUtf8] 原始字符串: Open picture
[QString::FromUtf8] 原始字符串: ...     (unassigned)
[QString::FromUtf8] 原始字符串: ...     (unassigned)
[QString::FromUtf8] 原始字符串: ...     (unassigned)
[QString::FromUtf8] 原始字符串: ...     (unassigned)
[QString::FromUtf8] 原始字符串: ...     (unassigned)
[QString::FromUtf8] 原始字符串: ...     (unassigned)
[QString::FromUtf8] 原始字符串: ...     (unassigned)
[QString::FromUtf8] 原始字符串: ...     (unassigned)
[QString::FromUtf8] 原始字符串: Start process
[QString::FromUtf8] 原始字符串: Disassembly
[QString::FromUtf8] 原始字符串: Disassembly
[QString::FromUtf8] 原始字符串: Set t&ype...
[QString::FromUtf8] 原始字符串: Undo 
[QString::FromUtf8] 原始字符串: Redo 
[QString::FromUtf8] 原始字符串: Disable undo
[QString::FromUtf8] 原始字符串: Metadata History
[QString::FromUtf8] 原始字符串: Down
[QString::FromUtf8] 原始字符串: Open picture
[QString::FromUtf8] 原始字符串: ...     (unassigned)
[QString::FromUtf8] 原始字符串: ...     (unassigned)
[QString::FromUtf8] 原始字符串: ...     (unassigned)
[QString::FromUtf8] 原始字符串: ...     (unassigned)
[QString::FromUtf8] 原始字符串: ...     (unassigned)
[QString::FromUtf8] 原始字符串: ...     (unassigned)
[QString::FromUtf8] 原始字符串: ...     (unassigned)
[QString::FromUtf8] 原始字符串: ...     (unassigned)
[QString::FromUtf8] 原始字符串: Start process
[QString::FromUtf8] 原始字符串: Disassembly
[QString::FromUtf8] 原始字符串: Disassembly
[QString::FromUtf8] 原始字符串: Set t&ype...
[QString::FromUtf8] 原始字符串: Undo 
[QString::FromUtf8] 原始字符串: Redo 
[QString::FromUtf8] 原始字符串: Disable undo
[QString::FromUtf8] 原始字符串: Metadata History
[QString::FromUtf8] 原始字符串: Search completed. Found at 0000000000015038.
[QString::FromUtf8] 原始字符串: Down
[QString::FromUtf8] 原始字符串: 000000000001507C: LOAD:dword_1507C
[QString::FromUtf8] 原始字符串: 0001507C
[QString::FromUtf8] 原始字符串: Open picture
[QString::FromUtf8] 原始字符串: ...     (unassigned)
[QString::FromUtf8] 原始字符串: ...     (unassigned)
[QString::FromUtf8] 原始字符串: ...     (unassigned)
[QString::FromUtf8] 原始字符串: ...     (unassigned)
[QString::FromUtf8] 原始字符串: ...     (unassigned)
[QString::FromUtf8] 原始字符串: ...     (unassigned)
[QString::FromUtf8] 原始字符串: ...     (unassigned)
[QString::FromUtf8] 原始字符串: ...     (unassigned)
[QString::FromUtf8] 原始字符串: Start process
[QString::FromUtf8] 原始字符串: Disassembly
[QString::FromUtf8] 原始字符串: Disassembly
[QString::FromUtf8] 原始字符串: Set t&ype...
[QString::FromUtf8] 原始字符串: Undo 
[QString::FromUtf8] 原始字符串: Redo 
[QString::FromUtf8] 原始字符串: Disable undo
[QString::FromUtf8] 原始字符串: Metadata History
[QString::FromUtf8] 原始字符串: LOAD:0000000000015078                                         ; sub_33F8+BBC↑r ...
[QString::FromUtf8] 长度超过50字符，跳过替换
[QString::FromUtf8] 原始字符串: LOAD:0000000000015078 dword_15078     DCD 0x877               ; DATA XREF: sub_33F8+BB0↑o
[QString::FromUtf8] 长度超过50字符，跳过替换
[QString::FromUtf8] 原始字符串: LOAD:0000000000015070                 DCQ 0x85C9595FB5567E57
[QString::FromUtf8] 长度超过50字符，跳过替换
[QString::FromUtf8] 原始字符串: LOAD:0000000000015068                                         ; sub_3184+154↑o ...
[QString::FromUtf8] 长度超过50字符，跳过替换
[QString::FromUtf8] 原始字符串: LOAD:000000000001507C dword_1507C     DCD 0x1281DD            ; DATA XREF: sub_3184+A8↑o
[QString::FromUtf8] 长度超过50字符，跳过替换
[QString::FromUtf8] 原始字符串: LOAD:000000000001507C                                         ; sub_3184+B0↑r ...
[QString::FromUtf8] 长度超过50字符，跳过替换
[QString::FromUtf8] 原始字符串: LOAD:0000000000015080 dword_15080     DCD 0x95                ; DATA XREF: sub_2B1C+88↑o
[QString::FromUtf8] 长度超过50字符，跳过替换
[QString::FromUtf8] 原始字符串: LOAD:0000000000015080                                         ; sub_2B1C+90↑o ...
[QString::FromUtf8] 长度超过50字符，跳过替换
[QString::FromUtf8] 原始字符串: LOAD:0000000000015084 dword_15084     DCD 0x16C000            ; DATA XREF: sub_33F8+B78↑o
[QString::FromUtf8] 长度超过50字符，跳过替换
[QString::FromUtf8] 原始字符串: LOAD:0000000000015084                                         ; sub_33F8+B8C↑r ...
[QString::FromUtf8] 长度超过50字符，跳过替换
[QString::FromUtf8] 原始字符串: LOAD:0000000000015088 dword_15088     DCD 0x16B000            ; DATA XREF: sub_33F8+B6C↑o
[QString::FromUtf8] 长度超过50字符，跳过替换
[QString::FromUtf8] 原始字符串: LOAD:0000000000015088                                         ; sub_33F8+B7C↑r ...
[QString::FromUtf8] 长度超过50字符，跳过替换
[QString::FromUtf8] 原始字符串: LOAD:000000000001508C                 ALIGN 0x10
[QString::FromUtf8] 原始字符串: LOAD:000000000001508C ; LOAD          ends
[QString::FromUtf8] 原始字符串: LOAD:000000000001508C
[QString::FromUtf8] 原始字符串: LOAD:0000000000026000 ; ELF Dynamic Information
[QString::FromUtf8] 原始字符串: LOAD:0000000000026000 ; ===========================================================================
[QString::FromUtf8] 长度超过50字符，跳过替换
[QString::FromUtf8] 原始字符串: LOAD:0000000000026000
[QString::FromUtf8] 原始字符串: LOAD:0000000000026000 ; Segment type: Pure data
[QString::FromUtf8] 原始字符串: LOAD:0000000000026000                 AREA LOAD, DATA, ALIGN=12
[QString::FromUtf8] 长度超过50字符，跳过替换
[QString::FromUtf8] 原始字符串: LOAD:0000000000026000                 ; ORG 0x26000
[QString::FromUtf8] 长度超过50字符，跳过替换
[QString::FromUtf8] 原始字符串: LOAD:0000000000026000 stru_26000      Elf64_Dyn <1, 1>        ; DATA XREF: LOAD:00000000000000C0↑o
[QString::FromUtf8] 长度超过50字符，跳过替换
[QString::FromUtf8] 原始字符串: LOAD:0000000000026000                                         ; LOAD:0000000000000130↑o
[QString::FromUtf8] 长度超过50字符，跳过替换
[QString::FromUtf8] 原始字符串: LOAD:0000000000026000                                         ; DT_NEEDED __cxa_finalize
[QString::FromUtf8] 长度超过50字符，跳过替换
[QString::FromUtf8] 原始字符串: LOAD:0000000000026010                 Elf64_Dyn <1, 9>        ; DT_NEEDED nalize
[QString::FromUtf8] 长度超过50字符，跳过替换
[QString::FromUtf8] 原始字符串: LOAD:0000000000026020                 Elf64_Dyn <1, 0x17>     ; DT_NEEDED texit
[QString::FromUtf8] 长度超过50字符，跳过替换
[QString::FromUtf8] 原始字符串: LOAD:0000000000026030                 Elf64_Dyn <1, 0x21>     ; DT_NEEDED OnLoad
[QString::FromUtf8] 长度超过50字符，跳过替换
[QString::FromUtf8] 原始字符串: LOAD:0000000000026040                 Elf64_Dyn <1, 0x2E>     ; DT_NEEDED oid_log_print
[QString::FromUtf8] 长度超过50字符，跳过替换
[QString::FromUtf8] 原始字符串: LOAD:0000000000026050                 Elf64_Dyn <1, 0x36>     ; DT_NEEDED print
[QString::FromUtf8] 长度超过50字符，跳过替换
[QString::FromUtf8] 原始字符串: LOAD:0000000000026060                 Elf64_Dyn <1, 0x3E>     ; DT_NEEDED errno
[QString::FromUtf8] 长度超过50字符，跳过替换
[QString::FromUtf8] 原始字符串: LOAD:0000000000026070                 Elf64_Dyn <0xE, 0x862>  ; DT_SONAME libDexHelper.so
[QString::FromUtf8] 长度超过50字符，跳过替换
[QString::FromUtf8] 原始字符串: LOAD:0000000000026080                 Elf64_Dyn <0x10, 0>     ; DT_SYMBOLIC
[QString::FromUtf8] 长度超过50字符，跳过替换
[QString::FromUtf8] 原始字符串: LOAD:0000000000026090                 Elf64_Dyn <0x19, 0x14D08> ; DT_INIT_ARRAY
[QString::FromUtf8] 长度超过50字符，跳过替换
[QString::FromUtf8] 原始字符串: LOAD:00000000000260A0                 Elf64_Dyn <0x1B, 0x10>  ; DT_INIT_ARRAYSZ
[QString::FromUtf8] 长度超过50字符，跳过替换
[QString::FromUtf8] 原始字符串: LOAD:00000000000260B0                 Elf64_Dyn <0x1A, 0x14D18> ; DT_FINI_ARRAY
[QString::FromUtf8] 长度超过50字符，跳过替换
[QString::FromUtf8] 原始字符串: LOAD:00000000000260C0                 Elf64_Dyn <0x1C, 0x10>  ; DT_FINI_ARRAYSZ
[QString::FromUtf8] 长度超过50字符，跳过替换
[QString::FromUtf8] 原始字符串: LOAD:00000000000260D0                 Elf64_Dyn <4, 0x16C000> ; DT_HASH
[QString::FromUtf8] 长度超过50字符，跳过替换
[QString::FromUtf8] 原始字符串: LOAD:00000000000260E0                 Elf64_Dyn <5, 0x16B000> ; DT_STRTAB
[QString::FromUtf8] 长度超过50字符，跳过替换
[QString::FromUtf8] 原始字符串: LOAD:00000000000260F0                 Elf64_Dyn <6, 0x169000> ; DT_SYMTAB
[QString::FromUtf8] 长度超过50字符，跳过替换
[QString::FromUtf8] 原始字符串: LOAD:0000000000026100                 Elf64_Dyn <0xA, 0x877>  ; DT_STRSZ
[QString::FromUtf8] 长度超过50字符，跳过替换
[QString::FromUtf8] 原始字符串: LOAD:0000000000026110                 Elf64_Dyn <0xB, 0x18>   ; DT_SYMENT
[QString::FromUtf8] 长度超过50字符，跳过替换
[QString::FromUtf8] 原始字符串: LOAD:0000000000026120                 Elf64_Dyn <3, 0x14F18>  ; DT_PLTGOT
[QString::FromUtf8] 长度超过50字符，跳过替换
[QString::FromUtf8] 原始字符串: LOAD:0000000000026130                 Elf64_Dyn <2, 0x240>    ; DT_PLTRELSZ
[QString::FromUtf8] 长度超过50字符，跳过替换
[QString::FromUtf8] 原始字符串: LOAD:0000000000026140                 Elf64_Dyn <0x14, 7>     ; DT_PLTREL
[QString::FromUtf8] 长度超过50字符，跳过替换
[QString::FromUtf8] 原始字符串: LOAD:0000000000026150                 Elf64_Dyn <0x17, 0x2730> ; DT_JMPREL
[QString::FromUtf8] 长度超过50字符，跳过替换
[QString::FromUtf8] 原始字符串: 000000000001507C: LOAD:dword_1507C
[QString::FromUtf8] 原始字符串: 0001507C
[QString::FromUtf8] 原始字符串: Open picture
[QString::FromUtf8] 原始字符串: ...     (unassigned)
[QString::FromUtf8] 原始字符串: ...     (unassigned)
[QString::FromUtf8] 原始字符串: ...     (unassigned)
[QString::FromUtf8] 原始字符串: ...     (unassigned)
[QString::FromUtf8] 原始字符串: ...     (unassigned)
[QString::FromUtf8] 原始字符串: ...     (unassigned)
[QString::FromUtf8] 原始字符串: ...     (unassigned)
[QString::FromUtf8] 原始字符串: ...     (unassigned)
[QString::FromUtf8] 原始字符串: Start process
[QString::FromUtf8] 原始字符串: Disassembly
[QString::FromUtf8] 原始字符串: Disassembly
[QString::FromUtf8] 原始字符串: Set t&ype...
[QString::FromUtf8] 原始字符串: Undo 
[QString::FromUtf8] 原始字符串: Redo 
[QString::FromUtf8] 原始字符串: Disable undo
[QString::FromUtf8] 原始字符串: Metadata History
[QString::FromUtf8] 原始字符串: Down
[QString::FromUtf8] 原始字符串: Open picture
[QString::FromUtf8] 原始字符串: ...     (unassigned)
[QString::FromUtf8] 原始字符串: ...     (unassigned)
[QString::FromUtf8] 原始字符串: ...     (unassigned)
[QString::FromUtf8] 原始字符串: ...     (unassigned)
[QString::FromUtf8] 原始字符串: ...     (unassigned)
[QString::FromUtf8] 原始字符串: ...     (unassigned)
[QString::FromUtf8] 原始字符串: ...     (unassigned)
[QString::FromUtf8] 原始字符串: ...     (unassigned)
[QString::FromUtf8] 原始字符串: Start process
[QString::FromUtf8] 原始字符串: Disassembly
[QString::FromUtf8] 原始字符串: Disassembly
[QString::FromUtf8] 原始字符串: Set t&ype...
[QString::FromUtf8] 原始字符串: Undo 
[QString::FromUtf8] 原始字符串: Redo 
[QString::FromUtf8] 原始字符串: Disable undo
[QString::FromUtf8] 原始字符串: Metadata History
[QString::FromUtf8] 原始字符串: Search completed. Found at 000000000001507C.
[QString::FromUtf8] 原始字符串: Down
[QString::FromUtf8] 原始字符串:  @:000000000008507F
[QString::FromUtf8] 原始字符串: BUSY
[QString::FromUtf8] 原始字符串:  @:00000000000C507F
[QString::FromUtf8] 原始字符串:  @:000000000010507F
[QString::FromUtf8] 原始字符串:  @:000000000015507F
[QString::FromUtf8] 原始字符串: 0000000000169018: LOAD:0000000000169018
[QString::FromUtf8] 原始字符串: 00169018
[QString::FromUtf8] 原始字符串: Open picture
[QString::FromUtf8] 原始字符串: ...     (unassigned)
[QString::FromUtf8] 原始字符串: ...     (unassigned)
[QString::FromUtf8] 原始字符串: ...     (unassigned)
[QString::FromUtf8] 原始字符串: ...     (unassigned)
[QString::FromUtf8] 原始字符串: ...     (unassigned)
[QString::FromUtf8] 原始字符串: ...     (unassigned)
[QString::FromUtf8] 原始字符串: ...     (unassigned)
[QString::FromUtf8] 原始字符串: ...     (unassigned)
[QString::FromUtf8] 原始字符串: Start process
[QString::FromUtf8] 原始字符串: Disassembly
[QString::FromUtf8] 原始字符串: Disassembly
[QString::FromUtf8] 原始字符串: Set t&ype...
[QString::FromUtf8] 原始字符串: Undo 
[QString::FromUtf8] 原始字符串: Redo 
[QString::FromUtf8] 原始字符串: Disable undo
[QString::FromUtf8] 原始字符串: Metadata History
[QString::FromUtf8] 原始字符串: LOAD:0000000000169000                 Elf64_Sym <0>
[QString::FromUtf8] 长度超过50字符，跳过替换
[QString::FromUtf8] 原始字符串: LOAD:0000000000169000 ; ELF Symbol Table
[QString::FromUtf8] 原始字符串: LOAD:0000000000168FFF                 DCB    0
[QString::FromUtf8] 原始字符串: LOAD:0000000000168FFE                 DCB    0
[QString::FromUtf8] 原始字符串: LOAD:0000000000169018                 Elf64_Sym <unk_16B000 - unk_16B000, 3, 0, 0xB, 0xF8B0, 0>
[QString::FromUtf8] 长度超过50字符，跳过替换
[QString::FromUtf8] 原始字符串: LOAD:0000000000169030                 Elf64_Sym <unk_16B000 - unk_16B000, 3, 0, 0x13, unk_11B950, 0>
[QString::FromUtf8] 长度超过50字符，跳过替换
[QString::FromUtf8] 原始字符串: LOAD:0000000000169048                 Elf64_Sym <aNanosleep+4 - unk_16B000, 0x12, 0, 0, dword_0, 0> ; "sleep"
[QString::FromUtf8] 长度超过50字符，跳过替换
[QString::FromUtf8] 原始字符串: LOAD:0000000000169060                 Elf64_Sym <aMprotect - unk_16B000, 0x12, 0, 0, dword_0, 0> ; "mprotect"
[QString::FromUtf8] 长度超过50字符，跳过替换
[QString::FromUtf8] 原始字符串: LOAD:0000000000169078                 Elf64_Sym <aPthreadDetach - unk_16B000, 0x12, 0, 0, dword_0, 0> ; "pthread_detach"
[QString::FromUtf8] 长度超过50字符，跳过替换
[QString::FromUtf8] 原始字符串: LOAD:0000000000169090                 Elf64_Sym <aSemWait - unk_16B000, 0x12, 0, 0, dword_0, 0> ; "sem_wait"
[QString::FromUtf8] 长度超过50字符，跳过替换
[QString::FromUtf8] 原始字符串: LOAD:00000000001690A8                 Elf64_Sym <aStrrchrChk - unk_16B000, 0x12, 0, 0, dword_0, 0> ; "__strrchr_chk"
[QString::FromUtf8] 长度超过50字符，跳过替换
[QString::FromUtf8] 原始字符串: LOAD:00000000001690C0                 Elf64_Sym <aDeflateend - unk_16B000, 0x12, 0, 0, dword_0, 0> ; "deflateEnd"
[QString::FromUtf8] 长度超过50字符，跳过替换
[QString::FromUtf8] 原始字符串: LOAD:00000000001690D8                 Elf64_Sym <aPthreadMutexDe - unk_16B000, 0x12, 0, 0, dword_0, 0> ; "pthread_mutex_destroy"
[QString::FromUtf8] 长度超过50字符，跳过替换
[QString::FromUtf8] 原始字符串: LOAD:00000000001690F0                 Elf64_Sym <aPipe - unk_16B000, 0x12, 0, 0, dword_0, 0> ; "pipe"
[QString::FromUtf8] 长度超过50字符，跳过替换
[QString::FromUtf8] 原始字符串: LOAD:0000000000169108                 Elf64_Sym <aAtoi - unk_16B000, 0x12, 0, 0, dword_0, 0> ; "atoi"
[QString::FromUtf8] 长度超过50字符，跳过替换
[QString::FromUtf8] 原始字符串: LOAD:0000000000169120                 Elf64_Sym <aPthreadCreate - unk_16B000, 0x12, 0, 0, dword_0, 0> ; "pthread_create"
[QString::FromUtf8] 长度超过50字符，跳过替换
[QString::FromUtf8] 原始字符串: LOAD:0000000000169138                 Elf64_Sym <aPthreadCondWai+0xD - unk_16B000, 0x12, 0, 0, dword_0, 0> ; "wait"
[QString::FromUtf8] 长度超过50字符，跳过替换
[QString::FromUtf8] 原始字符串: LOAD:0000000000169150                 Elf64_Sym <aStrnlen - unk_16B000, 0x12, 0, 0, dword_0, 0> ; "strnlen"
[QString::FromUtf8] 长度超过50字符，跳过替换
[QString::FromUtf8] 原始字符串: LOAD:0000000000169168                 Elf64_Sym <aPthreadJoin - unk_16B000, 0x12, 0, 0, dword_0, 0> ; "pthread_join"
[QString::FromUtf8] 长度超过50字符，跳过替换
[QString::FromUtf8] 原始字符串: LOAD:0000000000169180                 Elf64_Sym <aStrtoull - unk_16B000, 0x12, 0, 0, dword_0, 0> ; "strtoull"
[QString::FromUtf8] 长度超过50字符，跳过替换
[QString::FromUtf8] 原始字符串: LOAD:0000000000169198                 Elf64_Sym <aRealloc - unk_16B000, 0x12, 0, 0, dword_0, 0> ; "realloc"
[QString::FromUtf8] 长度超过50字符，跳过替换
[QString::FromUtf8] 原始字符串: LOAD:00000000001691B0                 Elf64_Sym <aGettid - unk_16B000, 0x12, 0, 0, dword_0, 0> ; "gettid"
[QString::FromUtf8] 长度超过50字符，跳过替换
[QString::FromUtf8] 原始字符串: LOAD:00000000001691C8                 Elf64_Sym <aFdopen+2 - unk_16B000, 0x12, 0, 0, dword_0, 0> ; "open"
[QString::FromUtf8] 长度超过50字符，跳过替换
[QString::FromUtf8] 原始字符串: LOAD:00000000001691E0                 Elf64_Sym <aPthreadKeyCrea - unk_16B000, 0x12, 0, 0, dword_0, 0> ; "pthread_key_create"
[QString::FromUtf8] 长度超过50字符，跳过替换
[QString::FromUtf8] 原始字符串: LOAD:00000000001691F8                 Elf64_Sym <aVfprintf+2 - unk_16B000, 0x12, 0, 0, dword_0, 0> ; "printf"
[QString::FromUtf8] 长度超过50字符，跳过替换
[QString::FromUtf8] 原始字符串: LOAD:0000000000169210                 Elf64_Sym <aVsnprintfChk - unk_16B000, 0x12, 0, 0, dword_0, 0> ; "__vsnprintf_chk"
[QString::FromUtf8] 长度超过50字符，跳过替换
[QString::FromUtf8] 原始字符串: LOAD:0000000000169228                 Elf64_Sym <aStrlcpyChk - unk_16B000, 0x12, 0, 0, dword_0, 0> ; "__strlcpy_chk"
[QString::FromUtf8] 长度超过50字符，跳过替换
[QString::FromUtf8] 原始字符串: LOAD:0000000000169240                 Elf64_Sym <aSemPost - unk_16B000, 0x12, 0, 0, dword_0, 0> ; "sem_post"
[QString::FromUtf8] 长度超过50字符，跳过替换
[QString::FromUtf8] 原始字符串: LOAD:0000000000169258                 Elf64_Sym <aInflate - unk_16B000, 0x12, 0, 0, dword_0, 0> ; "inflate"
[QString::FromUtf8] 长度超过50字符，跳过替换
[QString::FromUtf8] 原始字符串: LOAD:0000000000169270                 Elf64_Sym <aPthreadMutexTr - unk_16B000, 0x12, 0, 0, dword_0, 0> ; "pthread_mutex_trylock"
[QString::FromUtf8] 长度超过50字符，跳过替换
[QString::FromUtf8] 原始字符串: LOAD:0000000000169288                 Elf64_Sym <aPthreadOnce - unk_16B000, 0x12, 0, 0, dword_0, 0> ; "pthread_once"
[QString::FromUtf8] 长度超过50字符，跳过替换
[QString::FromUtf8] 原始字符串: LOAD:00000000001692A0                 Elf64_Sym <aCxaFinalize - unk_16B000, 0x12, 0, 0, dword_0, 0> ; "__cxa_finalize"
[QString::FromUtf8] 长度超过50字符，跳过替换
[QString::FromUtf8] 原始字符串: LOAD:00000000001692B8                 Elf64_Sym <aFtell - unk_16B000, 0x12, 0, 0, dword_0, 0> ; "ftell"
[QString::FromUtf8] 长度超过50字符，跳过替换
[QString::FromUtf8] 原始字符串: LOAD:00000000001692D0                 Elf64_Sym <aRegcomp - unk_16B000, 0x12, 0, 0, dword_0, 0> ; "regcomp"
[QString::FromUtf8] 长度超过50字符，跳过替换
[QString::FromUtf8] 原始字符串: LOAD:00000000001692E8                 Elf64_Sym <aPtrace - unk_16B000, 0x12, 0, 0, dword_0, 0> ; "ptrace"
[QString::FromUtf8] 长度超过50字符，跳过替换
[QString::FromUtf8] 原始字符串: LOAD:0000000000169300                 Elf64_Sym <aSiglongjmp - unk_16B000, 0x12, 0, 0, dword_0, 0> ; "siglongjmp"
[QString::FromUtf8] 长度超过50字符，跳过替换
[QString::FromUtf8] 原始字符串: LOAD:0000000000169318                 Elf64_Sym <aMkdir - unk_16B000, 0x12, 0, 0, dword_0, 0> ; "mkdir"
[QString::FromUtf8] 长度超过50字符，跳过替换
[QString::FromUtf8] 原始字符串: LOAD:0000000000169330                 Elf64_Sym <aCalloc - unk_16B000, 0x12, 0, 0, dword_0, 0> ; "calloc"
[QString::FromUtf8] 长度超过50字符，跳过替换
[QString::FromUtf8] 原始字符串: LOAD:0000000000169348                 Elf64_Sym <aWcstof - unk_16B000, 0x12, 0, 0, dword_0, 0> ; "wcstof"
[QString::FromUtf8] 长度超过50字符，跳过替换
[QString::FromUtf8] 原始字符串: LOAD:0000000000169360                 Elf64_Sym <aFread - unk_16B000, 0x12, 0, 0, dword_0, 0> ; "fread"
[QString::FromUtf8] 长度超过50字符，跳过替换
[QString::FromUtf8] 原始字符串: LOAD:0000000000169378                 Elf64_Sym <aSyslog - unk_16B000, 0x12, 0, 0, dword_0, 0> ; "syslog"
[QString::FromUtf8] 长度超过50字符，跳过替换
[QString::FromUtf8] 原始字符串: LOAD:0000000000169390                 Elf64_Sym <aPthreadCondDes - unk_16B000, 0x12, 0, 0, dword_0, 0> ; "pthread_cond_destroy"
[QString::FromUtf8] 长度超过50字符，跳过替换
[QString::FromUtf8] 原始字符串: LOAD:00000000001693A8                 Elf64_Sym <aInflateinit2 - unk_16B000, 0x12, 0, 0, dword_0, 0> ; "inflateInit2_"
[QString::FromUtf8] 长度超过50字符，跳过替换
[QString::FromUtf8] 原始字符串: LOAD:00000000001693C0                 Elf64_Sym <aStrncmp - unk_16B000, 0x12, 0, 0, dword_0, 0> ; "strncmp"
[QString::FromUtf8] 长度超过50字符，跳过替换
[QString::FromUtf8] 原始字符串: LOAD:00000000001693D8                 Elf64_Sym <aPosixMemalign - unk_16B000, 0x12, 0, 0, dword_0, 0> ; "posix_memalign"
[QString::FromUtf8] 长度超过50字符，跳过替换
[QString::FromUtf8] 原始字符串: 0000000000169018: LOAD:0000000000169018
[QString::FromUtf8] 原始字符串: 00169018
[QString::FromUtf8] 原始字符串: Open picture
[QString::FromUtf8] 原始字符串: ...     (unassigned)
[QString::FromUtf8] 原始字符串: ...     (unassigned)
[QString::FromUtf8] 原始字符串: ...     (unassigned)
[QString::FromUtf8] 原始字符串: ...     (unassigned)
[QString::FromUtf8] 原始字符串: ...     (unassigned)
[QString::FromUtf8] 原始字符串: ...     (unassigned)
[QString::FromUtf8] 原始字符串: ...     (unassigned)
[QString::FromUtf8] 原始字符串: ...     (unassigned)
[QString::FromUtf8] 原始字符串: Start process
[QString::FromUtf8] 原始字符串: Disassembly
[QString::FromUtf8] 原始字符串: Disassembly
[QString::FromUtf8] 原始字符串: Set t&ype...
[QString::FromUtf8] 原始字符串: Undo 
[QString::FromUtf8] 原始字符串: Redo 
[QString::FromUtf8] 原始字符串: Disable undo
[QString::FromUtf8] 原始字符串: Metadata History
[QString::FromUtf8] 原始字符串: Down
[QString::FromUtf8] 原始字符串: Open picture
[QString::FromUtf8] 原始字符串: ...     (unassigned)
[QString::FromUtf8] 原始字符串: ...     (unassigned)
[QString::FromUtf8] 原始字符串: ...     (unassigned)
[QString::FromUtf8] 原始字符串: ...     (unassigned)
[QString::FromUtf8] 原始字符串: ...     (unassigned)
[QString::FromUtf8] 原始字符串: ...     (unassigned)
[QString::FromUtf8] 原始字符串: ...     (unassigned)
[QString::FromUtf8] 原始字符串: ...     (unassigned)
[QString::FromUtf8] 原始字符串: Start process
[QString::FromUtf8] 原始字符串: Disassembly
[QString::FromUtf8] 原始字符串: Disassembly
[QString::FromUtf8] 原始字符串: Set t&ype...
[QString::FromUtf8] 原始字符串: Undo 
[QString::FromUtf8] 原始字符串: Redo 
[QString::FromUtf8] 原始字符串: Disable undo
[QString::FromUtf8] 原始字符串: Metadata History
[QString::FromUtf8] 原始字符串: Search completed. Found at 0000000000169018.
[QString::FromUtf8] 原始字符串: AU:  idle  
[QString::FromUtf8] 原始字符串: READY
[QString::FromUtf8] 原始字符串: Down
[QString::FromUtf8] 原始字符串: Copy pseudocode to disassembly
[QString::FromUtf8] 原始字符串: Open picture
[QString::FromUtf8] 原始字符串: ...     (unassigned)
[QString::FromUtf8] 原始字符串: ...     (unassigned)
[QString::FromUtf8] 原始字符串: ...     (unassigned)
[QString::FromUtf8] 原始字符串: ...     (unassigned)
[QString::FromUtf8] 原始字符串: ...     (unassigned)
[QString::FromUtf8] 原始字符串: ...     (unassigned)
[QString::FromUtf8] 原始字符串: ...     (unassigned)
[QString::FromUtf8] 原始字符串: ...     (unassigned)
[QString::FromUtf8] 原始字符串: Start process
[QString::FromUtf8] 原始字符串: Disassembly
[QString::FromUtf8] 原始字符串: Disassembly
[QString::FromUtf8] 原始字符串: Set t&ype...
[QString::FromUtf8] 原始字符串: Undo 
[QString::FromUtf8] 原始字符串: Redo 
[QString::FromUtf8] 原始字符串: Disable undo
[QString::FromUtf8] 原始字符串: Metadata History
[QString::FromUtf8] 原始字符串: :/IDAG/resources/app/pro/small.png
[QString::FromUtf8] 原始字符串: Warning
[QString::FromUtf8] 原始字符串: MsgBoxWarning
[QString::FromUtf8] 原始字符串: IDA failed to display the program in graph mode.\nOnly instructions belonging to functions can be displayed in graph mode.\nFor other program items IDA uses the text representation.
[QString::FromUtf8] 长度超过50字符，跳过替换
[QTranslate] 原始字符串: &Don't display this message again
[QTranslate] 原始字符串: &Yes
[QString::FromUtf8] 原始字符串: OK
[QString::FromUtf8] 原始字符串: WAITING 
[QString::FromUtf8] 原始字符串: Function name
[QString::FromUtf8] 原始字符串: Segment
[QString::FromUtf8] 原始字符串: Copy pseudocode to disassembly
[QString::FromUtf8] 原始字符串: Open picture
[QString::FromUtf8] 原始字符串: ...     (unassigned)
[QString::FromUtf8] 原始字符串: ...     (unassigned)
[QString::FromUtf8] 原始字符串: ...     (unassigned)
[QString::FromUtf8] 原始字符串: ...     (unassigned)
[QString::FromUtf8] 原始字符串: ...     (unassigned)
[QString::FromUtf8] 原始字符串: ...     (unassigned)
[QString::FromUtf8] 原始字符串: ...     (unassigned)
[QString::FromUtf8] 原始字符串: ...     (unassigned)
[QString::FromUtf8] 原始字符串: Start process
[QString::FromUtf8] 原始字符串: Disassembly
[QString::FromUtf8] 原始字符串: Disassembly
[QString::FromUtf8] 原始字符串: Set t&ype...
[QString::FromUtf8] 原始字符串: Undo 
[QString::FromUtf8] 原始字符串: Redo 
[QString::FromUtf8] 原始字符串: Disable undo
[QString::FromUtf8] 原始字符串: Metadata History
[QString::FromUtf8] 原始字符串: Copy pseudocode to disassembly
[QString::FromUtf8] 原始字符串: Open picture
[QString::FromUtf8] 原始字符串: ...     (unassigned)
[QString::FromUtf8] 原始字符串: ...     (unassigned)
[QString::FromUtf8] 原始字符串: ...     (unassigned)
[QString::FromUtf8] 原始字符串: ...     (unassigned)
[QString::FromUtf8] 原始字符串: ...     (unassigned)
[QString::FromUtf8] 原始字符串: ...     (unassigned)
[QString::FromUtf8] 原始字符串: ...     (unassigned)
[QString::FromUtf8] 原始字符串: ...     (unassigned)
[QString::FromUtf8] 原始字符串: Start process
[QString::FromUtf8] 原始字符串: Disassembly
[QString::FromUtf8] 原始字符串: Disassembly
[QString::FromUtf8] 原始字符串: Set t&ype...
[QString::FromUtf8] 原始字符串: Undo 
[QString::FromUtf8] 原始字符串: Redo 
[QString::FromUtf8] 原始字符串: Disable undo
[QString::FromUtf8] 原始字符串: Metadata History
[QString::FromUtf8] 原始字符串: Open picture
[QString::FromUtf8] 原始字符串: ...     (unassigned)
[QString::FromUtf8] 原始字符串: ...     (unassigned)
[QString::FromUtf8] 原始字符串: ...     (unassigned)
[QString::FromUtf8] 原始字符串: ...     (unassigned)
[QString::FromUtf8] 原始字符串: ...     (unassigned)
[QString::FromUtf8] 原始字符串: ...     (unassigned)
[QString::FromUtf8] 原始字符串: ...     (unassigned)
[QString::FromUtf8] 原始字符串: ...     (unassigned)
[QString::FromUtf8] 原始字符串: Start process
[QString::FromUtf8] 原始字符串: Disassembly
[QString::FromUtf8] 原始字符串: Disassembly
[QString::FromUtf8] 原始字符串: Set t&ype...
[QString::FromUtf8] 原始字符串: Undo 
[QString::FromUtf8] 原始字符串: Redo 
[QString::FromUtf8] 原始字符串: Disable undo
[QString::FromUtf8] 原始字符串: Metadata History
[QString::FromUtf8] 原始字符串: Down
[QString::FromUtf8] 原始字符串: Open picture
[QString::FromUtf8] 原始字符串: ...     (unassigned)
[QString::FromUtf8] 原始字符串: ...     (unassigned)
[QString::FromUtf8] 原始字符串: ...     (unassigned)
[QString::FromUtf8] 原始字符串: ...     (unassigned)
[QString::FromUtf8] 原始字符串: ...     (unassigned)
[QString::FromUtf8] 原始字符串: ...     (unassigned)
[QString::FromUtf8] 原始字符串: ...     (unassigned)
[QString::FromUtf8] 原始字符串: ...     (unassigned)
[QString::FromUtf8] 原始字符串: Start process
[QString::FromUtf8] 原始字符串: Disassembly
[QString::FromUtf8] 原始字符串: Disassembly
[QString::FromUtf8] 原始字符串: Set t&ype...
[QString::FromUtf8] 原始字符串: Undo 
[QString::FromUtf8] 原始字符串: Redo 
[QString::FromUtf8] 原始字符串: Disable undo
[QString::FromUtf8] 原始字符串: Metadata History
[QString::FromUtf8] 原始字符串: Function name
[QString::FromUtf8] 原始字符串: Segment
[QString::FromUtf8] 原始字符串: READY
[QString::FromUtf8] 原始字符串: LOAD:00000000001693F0                 Elf64_Sym <aFread+1 - unk_16B000, 0x12, 0, 0, dword_0, 0> ; "read"
[QString::FromUtf8] 长度超过50字符，跳过替换
[QString::FromUtf8] 原始字符串: LOAD:0000000000169408                 Elf64_Sym <aStrlenChk - unk_16B000, 0x12, 0, 0, dword_0, 0> ; "__strlen_chk"
[QString::FromUtf8] 长度超过50字符，跳过替换
[QString::FromUtf8] 原始字符串: LOAD:0000000000169420                 Elf64_Sym <aStrtoul - unk_16B000, 0x12, 0, 0, dword_0, 0> ; "strtoul"
[QString::FromUtf8] 长度超过50字符，跳过替换
[QString::FromUtf8] 原始字符串: 0000000000169060: LOAD:0000000000169060
[QString::FromUtf8] 原始字符串: 00169060
[QString::FromUtf8] 原始字符串: Open picture
[QString::FromUtf8] 原始字符串: ...     (unassigned)
[QString::FromUtf8] 原始字符串: ...     (unassigned)
[QString::FromUtf8] 原始字符串: ...     (unassigned)
[QString::FromUtf8] 原始字符串: ...     (unassigned)
[QString::FromUtf8] 原始字符串: ...     (unassigned)
[QString::FromUtf8] 原始字符串: ...     (unassigned)
[QString::FromUtf8] 原始字符串: ...     (unassigned)
[QString::FromUtf8] 原始字符串: ...     (unassigned)
[QString::FromUtf8] 原始字符串: Start process
[QString::FromUtf8] 原始字符串: Disassembly
[QString::FromUtf8] 原始字符串: Disassembly
[QString::FromUtf8] 原始字符串: Set t&ype...
[QString::FromUtf8] 原始字符串: Undo 
[QString::FromUtf8] 原始字符串: Redo 
[QString::FromUtf8] 原始字符串: Disable undo
[QString::FromUtf8] 原始字符串: Metadata History
[QString::FromUtf8] 原始字符串: 0000000000169060: LOAD:0000000000169060
[QString::FromUtf8] 原始字符串: 00169060
[QString::FromUtf8] 原始字符串: Open picture
[QString::FromUtf8] 原始字符串: ...     (unassigned)
[QString::FromUtf8] 原始字符串: ...     (unassigned)
[QString::FromUtf8] 原始字符串: ...     (unassigned)
[QString::FromUtf8] 原始字符串: ...     (unassigned)
[QString::FromUtf8] 原始字符串: ...     (unassigned)
[QString::FromUtf8] 原始字符串: ...     (unassigned)
[QString::FromUtf8] 原始字符串: ...     (unassigned)
[QString::FromUtf8] 原始字符串: ...     (unassigned)
[QString::FromUtf8] 原始字符串: Start process
[QString::FromUtf8] 原始字符串: Disassembly
[QString::FromUtf8] 原始字符串: Disassembly
[QString::FromUtf8] 原始字符串: Set t&ype...
[QString::FromUtf8] 原始字符串: Undo 
[QString::FromUtf8] 原始字符串: Redo 
[QString::FromUtf8] 原始字符串: Disable undo
[QString::FromUtf8] 原始字符串: Metadata History
[QString::FromUtf8] 原始字符串: LOAD:0000000000169438                 Elf64_Sym <aFstat - unk_16B000, 0x12, 0, 0, dword_0, 0> ; "fstat"
[QString::FromUtf8] 长度超过50字符，跳过替换
[QString::FromUtf8] 原始字符串: LOAD:0000000000169450                 Elf64_Sym <aStrncasecmp - unk_16B000, 0x12, 0, 0, dword_0, 0> ; "strncasecmp"
[QString::FromUtf8] 长度超过50字符，跳过替换
[QString::FromUtf8] 原始字符串: LOAD:0000000000169468                 Elf64_Sym <aPthreadMutexIn - unk_16B000, 0x12, 0, 0, dword_0, 0> ; "pthread_mutex_init"
[QString::FromUtf8] 长度超过50字符，跳过替换
[QString::FromUtf8] 原始字符串: 00000000001690A8: LOAD:00000000001690A8
[QString::FromUtf8] 原始字符串: 001690A8
[QString::FromUtf8] 原始字符串: Open picture
[QString::FromUtf8] 原始字符串: ...     (unassigned)
[QString::FromUtf8] 原始字符串: ...     (unassigned)
[QString::FromUtf8] 原始字符串: ...     (unassigned)
[QString::FromUtf8] 原始字符串: ...     (unassigned)
[QString::FromUtf8] 原始字符串: ...     (unassigned)
[QString::FromUtf8] 原始字符串: ...     (unassigned)
[QString::FromUtf8] 原始字符串: ...     (unassigned)
[QString::FromUtf8] 原始字符串: ...     (unassigned)
[QString::FromUtf8] 原始字符串: Start process
[QString::FromUtf8] 原始字符串: Disassembly
[QString::FromUtf8] 原始字符串: Disassembly
[QString::FromUtf8] 原始字符串: Set t&ype...
[QString::FromUtf8] 原始字符串: Undo 
[QString::FromUtf8] 原始字符串: Redo 
[QString::FromUtf8] 原始字符串: Disable undo
[QString::FromUtf8] 原始字符串: Metadata History
[QString::FromUtf8] 原始字符串: 00000000001690A8: LOAD:00000000001690A8
[QString::FromUtf8] 原始字符串: 001690A8
[QString::FromUtf8] 原始字符串: Open picture
[QString::FromUtf8] 原始字符串: ...     (unassigned)
[QString::FromUtf8] 原始字符串: ...     (unassigned)
[QString::FromUtf8] 原始字符串: ...     (unassigned)
[QString::FromUtf8] 原始字符串: ...     (unassigned)
[QString::FromUtf8] 原始字符串: ...     (unassigned)
[QString::FromUtf8] 原始字符串: ...     (unassigned)
[QString::FromUtf8] 原始字符串: ...     (unassigned)
[QString::FromUtf8] 原始字符串: ...     (unassigned)
[QString::FromUtf8] 原始字符串: Start process
[QString::FromUtf8] 原始字符串: Disassembly
[QString::FromUtf8] 原始字符串: Disassembly
[QString::FromUtf8] 原始字符串: Set t&ype...
[QString::FromUtf8] 原始字符串: Undo 
[QString::FromUtf8] 原始字符串: Redo 
[QString::FromUtf8] 原始字符串: Disable undo
[QString::FromUtf8] 原始字符串: Metadata History
[QString::FromUtf8] 原始字符串: LOAD:0000000000169480                 Elf64_Sym <aAtof - unk_16B000, 0x12, 0, 0, dword_0, 0> ; "atof"
[QString::FromUtf8] 长度超过50字符，跳过替换
[QString::FromUtf8] 原始字符串: LOAD:0000000000169498                 Elf64_Sym <aStrtoll - unk_16B000, 0x12, 0, 0, dword_0, 0> ; "strtoll"
[QString::FromUtf8] 长度超过50字符，跳过替换
[QString::FromUtf8] 原始字符串: LOAD:00000000001694B0                 Elf64_Sym <aPthreadEqual - unk_16B000, 0x12, 0, 0, dword_0, 0> ; "pthread_equal"
[QString::FromUtf8] 长度超过50字符，跳过替换
[QString::FromUtf8] 原始字符串: 00000000001690F0: LOAD:00000000001690F0
[QString::FromUtf8] 原始字符串: 001690F0
[QString::FromUtf8] 原始字符串: Open picture
[QString::FromUtf8] 原始字符串: ...     (unassigned)
[QString::FromUtf8] 原始字符串: ...     (unassigned)
[QString::FromUtf8] 原始字符串: ...     (unassigned)
[QString::FromUtf8] 原始字符串: ...     (unassigned)
[QString::FromUtf8] 原始字符串: ...     (unassigned)
[QString::FromUtf8] 原始字符串: ...     (unassigned)
[QString::FromUtf8] 原始字符串: ...     (unassigned)
[QString::FromUtf8] 原始字符串: ...     (unassigned)
[QString::FromUtf8] 原始字符串: Start process
[QString::FromUtf8] 原始字符串: Disassembly
[QString::FromUtf8] 原始字符串: Disassembly
[QString::FromUtf8] 原始字符串: Set t&ype...
[QString::FromUtf8] 原始字符串: Undo 
[QString::FromUtf8] 原始字符串: Redo 
[QString::FromUtf8] 原始字符串: Disable undo
[QString::FromUtf8] 原始字符串: Metadata History
[QString::FromUtf8] 原始字符串: 00000000001690F0: LOAD:00000000001690F0
[QString::FromUtf8] 原始字符串: 001690F0
[QString::FromUtf8] 原始字符串: Open picture
[QString::FromUtf8] 原始字符串: ...     (unassigned)
[QString::FromUtf8] 原始字符串: ...     (unassigned)
[QString::FromUtf8] 原始字符串: ...     (unassigned)
[QString::FromUtf8] 原始字符串: ...     (unassigned)
[QString::FromUtf8] 原始字符串: ...     (unassigned)
[QString::FromUtf8] 原始字符串: ...     (unassigned)
[QString::FromUtf8] 原始字符串: ...     (unassigned)
[QString::FromUtf8] 原始字符串: ...     (unassigned)
[QString::FromUtf8] 原始字符串: Start process
[QString::FromUtf8] 原始字符串: Disassembly
[QString::FromUtf8] 原始字符串: Disassembly
[QString::FromUtf8] 原始字符串: Set t&ype...
[QString::FromUtf8] 原始字符串: Undo 
[QString::FromUtf8] 原始字符串: Redo 
[QString::FromUtf8] 原始字符串: Disable undo
[QString::FromUtf8] 原始字符串: Metadata History
[QString::FromUtf8] 原始字符串: LOAD:00000000001694C8                 Elf64_Sym <aPthreadCondSig+0xD - unk_16B000, 0x12, 0, 0, dword_0, 0> ; "signal"
[QString::FromUtf8] 长度超过50字符，跳过替换
[QString::FromUtf8] 原始字符串: LOAD:00000000001694E0                 Elf64_Sym <aBind - unk_16B000, 0x12, 0, 0, dword_0, 0> ; "bind"
[QString::FromUtf8] 长度超过50字符，跳过替换
[QString::FromUtf8] 原始字符串: LOAD:00000000001694F8                 Elf64_Sym <aAbort - unk_16B000, 0x12, 0, 0, dword_0, 0> ; "abort"
[QString::FromUtf8] 长度超过50字符，跳过替换
[QString::FromUtf8] 原始字符串: 0000000000169138: LOAD:0000000000169138
[QString::FromUtf8] 原始字符串: 00169138
[QString::FromUtf8] 原始字符串: Open picture
[QString::FromUtf8] 原始字符串: ...     (unassigned)
[QString::FromUtf8] 原始字符串: ...     (unassigned)
[QString::FromUtf8] 原始字符串: ...     (unassigned)
[QString::FromUtf8] 原始字符串: ...     (unassigned)
[QString::FromUtf8] 原始字符串: ...     (unassigned)
[QString::FromUtf8] 原始字符串: ...     (unassigned)
[QString::FromUtf8] 原始字符串: ...     (unassigned)
[QString::FromUtf8] 原始字符串: ...     (unassigned)
[QString::FromUtf8] 原始字符串: Start process
[QString::FromUtf8] 原始字符串: Disassembly
[QString::FromUtf8] 原始字符串: Disassembly
[QString::FromUtf8] 原始字符串: Set t&ype...
[QString::FromUtf8] 原始字符串: Undo 
[QString::FromUtf8] 原始字符串: Redo 
[QString::FromUtf8] 原始字符串: Disable undo
[QString::FromUtf8] 原始字符串: Metadata History
[QString::FromUtf8] 原始字符串: 0000000000169138: LOAD:0000000000169138
[QString::FromUtf8] 原始字符串: 00169138
[QString::FromUtf8] 原始字符串: Open picture
[QString::FromUtf8] 原始字符串: ...     (unassigned)
[QString::FromUtf8] 原始字符串: ...     (unassigned)
[QString::FromUtf8] 原始字符串: ...     (unassigned)
[QString::FromUtf8] 原始字符串: ...     (unassigned)
[QString::FromUtf8] 原始字符串: ...     (unassigned)
[QString::FromUtf8] 原始字符串: ...     (unassigned)
[QString::FromUtf8] 原始字符串: ...     (unassigned)
[QString::FromUtf8] 原始字符串: ...     (unassigned)
[QString::FromUtf8] 原始字符串: Start process
[QString::FromUtf8] 原始字符串: Disassembly
[QString::FromUtf8] 原始字符串: Disassembly
[QString::FromUtf8] 原始字符串: Set t&ype...
[QString::FromUtf8] 原始字符串: Undo 
[QString::FromUtf8] 原始字符串: Redo 
[QString::FromUtf8] 原始字符串: Disable undo
[QString::FromUtf8] 原始字符串: Metadata History
[QString::FromUtf8] 原始字符串: LOAD:0000000000169510                 Elf64_Sym <aVsnprintf - unk_16B000, 0x12, 0, 0, dword_0, 0> ; "vsnprintf"
[QString::FromUtf8] 长度超过50字符，跳过替换
[QString::FromUtf8] 原始字符串: LOAD:0000000000169528                 Elf64_Sym <aSwprintf - unk_16B000, 0x12, 0, 0, dword_0, 0> ; "swprintf"
[QString::FromUtf8] 长度超过50字符，跳过替换
[QString::FromUtf8] 原始字符串: LOAD:0000000000169540                 Elf64_Sym <aClosedir - unk_16B000, 0x12, 0, 0, dword_0, 0> ; "closedir"
[QString::FromUtf8] 长度超过50字符，跳过替换
[QString::FromUtf8] 原始字符串: 0000000000169180: LOAD:0000000000169180
[QString::FromUtf8] 原始字符串: 00169180
[QString::FromUtf8] 原始字符串: Open picture
[QString::FromUtf8] 原始字符串: ...     (unassigned)
[QString::FromUtf8] 原始字符串: ...     (unassigned)
[QString::FromUtf8] 原始字符串: ...     (unassigned)
[QString::FromUtf8] 原始字符串: ...     (unassigned)
[QString::FromUtf8] 原始字符串: ...     (unassigned)
[QString::FromUtf8] 原始字符串: ...     (unassigned)
[QString::FromUtf8] 原始字符串: ...     (unassigned)
[QString::FromUtf8] 原始字符串: ...     (unassigned)
[QString::FromUtf8] 原始字符串: Start process
[QString::FromUtf8] 原始字符串: Disassembly
[QString::FromUtf8] 原始字符串: Disassembly
[QString::FromUtf8] 原始字符串: Set t&ype...
[QString::FromUtf8] 原始字符串: Undo 
[QString::FromUtf8] 原始字符串: Redo 
[QString::FromUtf8] 原始字符串: Disable undo
[QString::FromUtf8] 原始字符串: Metadata History
[QString::FromUtf8] 原始字符串: 0000000000169180: LOAD:0000000000169180
[QString::FromUtf8] 原始字符串: 00169180
[QString::FromUtf8] 原始字符串: Open picture
[QString::FromUtf8] 原始字符串: ...     (unassigned)
[QString::FromUtf8] 原始字符串: ...     (unassigned)
[QString::FromUtf8] 原始字符串: ...     (unassigned)
[QString::FromUtf8] 原始字符串: ...     (unassigned)
[QString::FromUtf8] 原始字符串: ...     (unassigned)
[QString::FromUtf8] 原始字符串: ...     (unassigned)
[QString::FromUtf8] 原始字符串: ...     (unassigned)
[QString::FromUtf8] 原始字符串: ...     (unassigned)
[QString::FromUtf8] 原始字符串: Start process
[QString::FromUtf8] 原始字符串: Disassembly
[QString::FromUtf8] 原始字符串: Disassembly
[QString::FromUtf8] 原始字符串: Set t&ype...
[QString::FromUtf8] 原始字符串: Undo 
[QString::FromUtf8] 原始字符串: Redo 
[QString::FromUtf8] 原始字符串: Disable undo
[QString::FromUtf8] 原始字符串: Metadata History
[QString::FromUtf8] 原始字符串: Down
[QString::FromUtf8] 原始字符串: :/IDAG/resources/app/pro/small.png
[QString::FromUtf8] 原始字符串: Warning
[QString::FromUtf8] 原始字符串: MsgBoxWarning
[QString::FromUtf8] 原始字符串: Please position the cursor within a function
[QTranslate] 原始字符串: &Yes
[QString::FromUtf8] 原始字符串: OK
[QString::FromUtf8] 原始字符串: WAITING 
[QString::FromUtf8] 原始字符串: Function name
[QString::FromUtf8] 原始字符串: Segment
[QString::FromUtf8] 原始字符串: Copy pseudocode to disassembly
[QString::FromUtf8] 原始字符串: Open picture
[QString::FromUtf8] 原始字符串: ...     (unassigned)
[QString::FromUtf8] 原始字符串: ...     (unassigned)
[QString::FromUtf8] 原始字符串: ...     (unassigned)
[QString::FromUtf8] 原始字符串: ...     (unassigned)
[QString::FromUtf8] 原始字符串: ...     (unassigned)
[QString::FromUtf8] 原始字符串: ...     (unassigned)
[QString::FromUtf8] 原始字符串: ...     (unassigned)
[QString::FromUtf8] 原始字符串: ...     (unassigned)
[QString::FromUtf8] 原始字符串: Start process
[QString::FromUtf8] 原始字符串: Disassembly
[QString::FromUtf8] 原始字符串: Disassembly
[QString::FromUtf8] 原始字符串: Set t&ype...
[QString::FromUtf8] 原始字符串: Undo 
[QString::FromUtf8] 原始字符串: Redo 
[QString::FromUtf8] 原始字符串: Disable undo
[QString::FromUtf8] 原始字符串: Metadata History
[QString::FromUtf8] 原始字符串: Copy pseudocode to disassembly
[QString::FromUtf8] 原始字符串: Open picture
[QString::FromUtf8] 原始字符串: ...     (unassigned)
[QString::FromUtf8] 原始字符串: ...     (unassigned)
[QString::FromUtf8] 原始字符串: ...     (unassigned)
[QString::FromUtf8] 原始字符串: ...     (unassigned)
[QString::FromUtf8] 原始字符串: ...     (unassigned)
[QString::FromUtf8] 原始字符串: ...     (unassigned)
[QString::FromUtf8] 原始字符串: ...     (unassigned)
[QString::FromUtf8] 原始字符串: ...     (unassigned)
[QString::FromUtf8] 原始字符串: Start process
[QString::FromUtf8] 原始字符串: Disassembly
[QString::FromUtf8] 原始字符串: Disassembly
[QString::FromUtf8] 原始字符串: Set t&ype...
[QString::FromUtf8] 原始字符串: Undo 
[QString::FromUtf8] 原始字符串: Redo 
[QString::FromUtf8] 原始字符串: Disable undo
[QString::FromUtf8] 原始字符串: Metadata History
[QString::FromUtf8] 原始字符串: Down
[QString::FromUtf8] 原始字符串: Open picture
[QString::FromUtf8] 原始字符串: ...     (unassigned)
[QString::FromUtf8] 原始字符串: ...     (unassigned)
[QString::FromUtf8] 原始字符串: ...     (unassigned)
[QString::FromUtf8] 原始字符串: ...     (unassigned)
[QString::FromUtf8] 原始字符串: ...     (unassigned)
[QString::FromUtf8] 原始字符串: ...     (unassigned)
[QString::FromUtf8] 原始字符串: ...     (unassigned)
[QString::FromUtf8] 原始字符串: ...     (unassigned)
[QString::FromUtf8] 原始字符串: Start process
[QString::FromUtf8] 原始字符串: Disassembly
[QString::FromUtf8] 原始字符串: Disassembly
[QString::FromUtf8] 原始字符串: Set t&ype...
[QString::FromUtf8] 原始字符串: Undo 
[QString::FromUtf8] 原始字符串: Redo 
[QString::FromUtf8] 原始字符串: Disable undo
[QString::FromUtf8] 原始字符串: Metadata History
[QString::FromUtf8] 原始字符串: Function name
[QString::FromUtf8] 原始字符串: Segment
[QString::FromUtf8] 原始字符串: READY
[QString::FromUtf8] 原始字符串: Down
[QString::FromUtf8] 原始字符串: Copy pseudocode to disassembly
[QString::FromUtf8] 原始字符串: Open picture
[QString::FromUtf8] 原始字符串: ...     (unassigned)
[QString::FromUtf8] 原始字符串: ...     (unassigned)
[QString::FromUtf8] 原始字符串: ...     (unassigned)
[QString::FromUtf8] 原始字符串: ...     (unassigned)
[QString::FromUtf8] 原始字符串: ...     (unassigned)
[QString::FromUtf8] 原始字符串: ...     (unassigned)
[QString::FromUtf8] 原始字符串: ...     (unassigned)
[QString::FromUtf8] 原始字符串: ...     (unassigned)
[QString::FromUtf8] 原始字符串: Start process
[QString::FromUtf8] 原始字符串: Disassembly
[QString::FromUtf8] 原始字符串: Disassembly
[QString::FromUtf8] 原始字符串: Set t&ype...
[QString::FromUtf8] 原始字符串: Undo 
[QString::FromUtf8] 原始字符串: Redo 
[QString::FromUtf8] 原始字符串: Disable undo
[QString::FromUtf8] 原始字符串: Metadata History
[QString::FromUtf8] 原始字符串: :/IDAG/resources/app/pro/small.png
[QString::FromUtf8] 原始字符串: Warning
[QString::FromUtf8] 原始字符串: MsgBoxWarning
[QString::FromUtf8] 原始字符串: IDA failed to display the program in graph mode.\nOnly instructions belonging to functions can be displayed in graph mode.\nFor other program items IDA uses the text representation.
[QString::FromUtf8] 长度超过50字符，跳过替换
[QTranslate] 原始字符串: &Don't display this message again
[QTranslate] 原始字符串: &Yes
[QString::FromUtf8] 原始字符串: OK
[QString::FromUtf8] 原始字符串: Function name
[QString::FromUtf8] 原始字符串: Segment
[QString::FromUtf8] 原始字符串: WAITING 
[QString::FromUtf8] 原始字符串: Copy pseudocode to disassembly
[QString::FromUtf8] 原始字符串: Open picture
[QString::FromUtf8] 原始字符串: ...     (unassigned)
[QString::FromUtf8] 原始字符串: ...     (unassigned)
[QString::FromUtf8] 原始字符串: ...     (unassigned)
[QString::FromUtf8] 原始字符串: ...     (unassigned)
[QString::FromUtf8] 原始字符串: ...     (unassigned)
[QString::FromUtf8] 原始字符串: ...     (unassigned)
[QString::FromUtf8] 原始字符串: ...     (unassigned)
[QString::FromUtf8] 原始字符串: ...     (unassigned)
[QString::FromUtf8] 原始字符串: Start process
[QString::FromUtf8] 原始字符串: Disassembly
[QString::FromUtf8] 原始字符串: Disassembly
[QString::FromUtf8] 原始字符串: Set t&ype...
[QString::FromUtf8] 原始字符串: Undo 
[QString::FromUtf8] 原始字符串: Redo 
[QString::FromUtf8] 原始字符串: Disable undo
[QString::FromUtf8] 原始字符串: Metadata History
[QString::FromUtf8] 原始字符串: Copy pseudocode to disassembly
[QString::FromUtf8] 原始字符串: Open picture
[QString::FromUtf8] 原始字符串: ...     (unassigned)
[QString::FromUtf8] 原始字符串: ...     (unassigned)
[QString::FromUtf8] 原始字符串: ...     (unassigned)
[QString::FromUtf8] 原始字符串: ...     (unassigned)
[QString::FromUtf8] 原始字符串: ...     (unassigned)
[QString::FromUtf8] 原始字符串: ...     (unassigned)
[QString::FromUtf8] 原始字符串: ...     (unassigned)
[QString::FromUtf8] 原始字符串: ...     (unassigned)
[QString::FromUtf8] 原始字符串: Start process
[QString::FromUtf8] 原始字符串: Disassembly
[QString::FromUtf8] 原始字符串: Disassembly
[QString::FromUtf8] 原始字符串: Set t&ype...
[QString::FromUtf8] 原始字符串: Undo 
[QString::FromUtf8] 原始字符串: Redo 
[QString::FromUtf8] 原始字符串: Disable undo
[QString::FromUtf8] 原始字符串: Metadata History
[QString::FromUtf8] 原始字符串: Open picture
[QString::FromUtf8] 原始字符串: ...     (unassigned)
[QString::FromUtf8] 原始字符串: ...     (unassigned)
[QString::FromUtf8] 原始字符串: ...     (unassigned)
[QString::FromUtf8] 原始字符串: ...     (unassigned)
[QString::FromUtf8] 原始字符串: ...     (unassigned)
[QString::FromUtf8] 原始字符串: ...     (unassigned)
[QString::FromUtf8] 原始字符串: ...     (unassigned)
[QString::FromUtf8] 原始字符串: ...     (unassigned)
[QString::FromUtf8] 原始字符串: Start process
[QString::FromUtf8] 原始字符串: Disassembly
[QString::FromUtf8] 原始字符串: Disassembly
[QString::FromUtf8] 原始字符串: Set t&ype...
[QString::FromUtf8] 原始字符串: Undo 
[QString::FromUtf8] 原始字符串: Redo 
[QString::FromUtf8] 原始字符串: Disable undo
[QString::FromUtf8] 原始字符串: Metadata History
[QString::FromUtf8] 原始字符串: Down
[QString::FromUtf8] 原始字符串: Open picture
[QString::FromUtf8] 原始字符串: ...     (unassigned)
[QString::FromUtf8] 原始字符串: ...     (unassigned)
[QString::FromUtf8] 原始字符串: ...     (unassigned)
[QString::FromUtf8] 原始字符串: ...     (unassigned)
[QString::FromUtf8] 原始字符串: ...     (unassigned)
[QString::FromUtf8] 原始字符串: ...     (unassigned)
[QString::FromUtf8] 原始字符串: ...     (unassigned)
[QString::FromUtf8] 原始字符串: ...     (unassigned)
[QString::FromUtf8] 原始字符串: Start process
[QString::FromUtf8] 原始字符串: Disassembly
[QString::FromUtf8] 原始字符串: Disassembly
[QString::FromUtf8] 原始字符串: Set t&ype...
[QString::FromUtf8] 原始字符串: Undo 
[QString::FromUtf8] 原始字符串: Redo 
[QString::FromUtf8] 原始字符串: Disable undo
[QString::FromUtf8] 原始字符串: Metadata History
[QString::FromUtf8] 原始字符串: Function name
[QString::FromUtf8] 原始字符串: Segment
[QString::FromUtf8] 原始字符串: READY
[QString::FromUtf8] 原始字符串: Function name
[QString::FromUtf8] 原始字符串: Segment
[QString::FromUtf8] 原始字符串: Copy pseudocode to disassembly
[QString::FromUtf8] 原始字符串: Open picture
[QString::FromUtf8] 原始字符串: ...     (unassigned)
[QString::FromUtf8] 原始字符串: ...     (unassigned)
[QString::FromUtf8] 原始字符串: ...     (unassigned)
[QString::FromUtf8] 原始字符串: ...     (unassigned)
[QString::FromUtf8] 原始字符串: ...     (unassigned)
[QString::FromUtf8] 原始字符串: ...     (unassigned)
[QString::FromUtf8] 原始字符串: ...     (unassigned)
[QString::FromUtf8] 原始字符串: ...     (unassigned)
[QString::FromUtf8] 原始字符串: Start process
[QString::FromUtf8] 原始字符串: Disassembly
[QString::FromUtf8] 原始字符串: Disassembly
[QString::FromUtf8] 原始字符串: Set t&ype...
[QString::FromUtf8] 原始字符串: Undo 
[QString::FromUtf8] 原始字符串: Redo 
[QString::FromUtf8] 原始字符串: Disable undo
[QString::FromUtf8] 原始字符串: Metadata History
[QString::FromUtf8] 原始字符串: Copy pseudocode to disassembly
[QString::FromUtf8] 原始字符串: Open picture
[QString::FromUtf8] 原始字符串: ...     (unassigned)
[QString::FromUtf8] 原始字符串: ...     (unassigned)
[QString::FromUtf8] 原始字符串: ...     (unassigned)
[QString::FromUtf8] 原始字符串: ...     (unassigned)
[QString::FromUtf8] 原始字符串: ...     (unassigned)
[QString::FromUtf8] 原始字符串: ...     (unassigned)
[QString::FromUtf8] 原始字符串: ...     (unassigned)
[QString::FromUtf8] 原始字符串: ...     (unassigned)
[QString::FromUtf8] 原始字符串: Start process
[QString::FromUtf8] 原始字符串: Disassembly
[QString::FromUtf8] 原始字符串: Disassembly
[QString::FromUtf8] 原始字符串: Set t&ype...
[QString::FromUtf8] 原始字符串: Undo 
[QString::FromUtf8] 原始字符串: Redo 
[QString::FromUtf8] 原始字符串: Disable undo
[QString::FromUtf8] 原始字符串: Metadata History
[QString::FromUtf8] 原始字符串: Function name
[QString::FromUtf8] 原始字符串: Segment
[QString::FromUtf8] 原始字符串: Save database
[QString::FromUtf8] 原始字符串: %/\n  IDA will save all changes to the disk.\n\n  <Do~n~'t pack database:R>\n  <Pack database (~S~tore):R>\n  <Pack database (Compressed ~f~ile):R>2>\n\n  <~C~ollect garbage:C3>\n  <~D~ON'T SAVE the database:C1>>
[QString::FromUtf8] 长度超过50字符，跳过替换
[QString::FromUtf8] 原始字符串: IDA will save all changes to the disk.
[QString::FromUtf8] 原始字符串: Do~n~'t pack database
[QString::FromUtf8] 原始字符串: Pack database (~S~tore)
[QString::FromUtf8] 原始字符串: Pack database (Compressed ~f~ile)
[QString::FromUtf8] 原始字符串: ~C~ollect garbage
[QString::FromUtf8] 原始字符串: ~D~ON'T SAVE the database
[QString::FromUtf8] 原始字符串: IDA will save all changes to the disk.
[QString::FromUtf8] 原始字符串: Do&n't pack database
[QString::FromUtf8] 原始字符串: Pack database (&Store)
[QString::FromUtf8] 原始字符串: Pack database (Compressed &file)
[QString::FromUtf8] 原始字符串: &Collect garbage
[QString::FromUtf8] 原始字符串: &DON'T SAVE the database
[QString::FromUtf8] 原始字符串: Do&n't pack database
[QString::FromUtf8] 原始字符串: Pack database (&Store)
[QString::FromUtf8] 原始字符串: Pack database (Compressed &file)
[QString::FromUtf8] 原始字符串: &Collect garbage
[QString::FromUtf8] 原始字符串: &DON'T SAVE the database
[QString::FromUtf8] 原始字符串: IDA will save all changes to the disk.
[QString::FromUtf8] 原始字符串: Do&n't pack database
[QString::FromUtf8] 原始字符串: Pack database (&Store)
[QString::FromUtf8] 原始字符串: Pack database (Compressed &file)
[QString::FromUtf8] 原始字符串: &Collect garbage
[QString::FromUtf8] 原始字符串: &DON'T SAVE the database
[QTranslate] 原始字符串: &Yes
[QString::FromUtf8] 原始字符串: O&K
[QTranslate] 原始字符串: Cancel
[QString::FromUtf8] 原始字符串: Cancel
[QTranslate] 原始字符串: Help
[QTranslate] 精确匹配: 帮助
[QString::FromUtf8] 原始字符串: Help
[QString::FromUtf8] 精确匹配: 帮助
[QString::FromUtf8] 原始字符串: Copy pseudocode to disassembly
[QString::FromUtf8] 原始字符串: Open picture
[QString::FromUtf8] 原始字符串: ...     (unassigned)
[QString::FromUtf8] 原始字符串: ...     (unassigned)
[QString::FromUtf8] 原始字符串: ...     (unassigned)
[QString::FromUtf8] 原始字符串: ...     (unassigned)
[QString::FromUtf8] 原始字符串: ...     (unassigned)
[QString::FromUtf8] 原始字符串: ...     (unassigned)
[QString::FromUtf8] 原始字符串: ...     (unassigned)
[QString::FromUtf8] 原始字符串: ...     (unassigned)
[QString::FromUtf8] 原始字符串: Start process
[QString::FromUtf8] 原始字符串: Disassembly
[QString::FromUtf8] 原始字符串: Disassembly
[QString::FromUtf8] 原始字符串: Set t&ype...
[QString::FromUtf8] 原始字符串: Undo 
[QString::FromUtf8] 原始字符串: Redo 
[QString::FromUtf8] 原始字符串: Disable undo
[QString::FromUtf8] 原始字符串: Metadata History
[QString::FromUtf8] 原始字符串: Default:Edit
[QString::FromUtf8] 原始字符串: Default:Search
[QString::FromUtf8] 原始字符串: Default:Jump
[QString::FromUtf8] 原始字符串: Open picture
[QString::FromUtf8] 原始字符串: ...     (unassigned)
[QString::FromUtf8] 原始字符串: ...     (unassigned)
[QString::FromUtf8] 原始字符串: ...     (unassigned)
[QString::FromUtf8] 原始字符串: ...     (unassigned)
[QString::FromUtf8] 原始字符串: ...     (unassigned)
[QString::FromUtf8] 原始字符串: ...     (unassigned)
[QString::FromUtf8] 原始字符串: ...     (unassigned)
[QString::FromUtf8] 原始字符串: ...     (unassigned)
[QString::FromUtf8] 原始字符串: Start process
[QString::FromUtf8] 原始字符串: Undo 
[QString::FromUtf8] 原始字符串: Redo 
[QString::FromUtf8] 原始字符串: Disable undo
[QString::FromUtf8] 原始字符串: Open picture
[QString::FromUtf8] 原始字符串: ...     (unassigned)
[QString::FromUtf8] 原始字符串: ...     (unassigned)
[QString::FromUtf8] 原始字符串: ...     (unassigned)
[QString::FromUtf8] 原始字符串: ...     (unassigned)
[QString::FromUtf8] 原始字符串: ...     (unassigned)
[QString::FromUtf8] 原始字符串: ...     (unassigned)
[QString::FromUtf8] 原始字符串: ...     (unassigned)
[QString::FromUtf8] 原始字符串: ...     (unassigned)
[QString::FromUtf8] 原始字符串: Start process
[QString::FromUtf8] 原始字符串: Undo 
[QString::FromUtf8] 原始字符串: Redo 
[QString::FromUtf8] 原始字符串: Disable undo
[QString::FromUtf8] 原始字符串: WAITING 
[QString::FromUtf8] 原始字符串: Function name
[QString::FromUtf8] 原始字符串: Segment
[QString::FromUtf8] 原始字符串: Open picture
[QString::FromUtf8] 原始字符串: ...     (unassigned)
[QString::FromUtf8] 原始字符串: ...     (unassigned)
[QString::FromUtf8] 原始字符串: ...     (unassigned)
[QString::FromUtf8] 原始字符串: ...     (unassigned)
[QString::FromUtf8] 原始字符串: ...     (unassigned)
[QString::FromUtf8] 原始字符串: ...     (unassigned)
[QString::FromUtf8] 原始字符串: ...     (unassigned)
[QString::FromUtf8] 原始字符串: ...     (unassigned)
[QString::FromUtf8] 原始字符串: Start process
[QString::FromUtf8] 原始字符串: Undo 
[QString::FromUtf8] 原始字符串: Redo 
[QString::FromUtf8] 原始字符串: Disable undo
[QString::FromUtf8] 原始字符串: Open picture
[QString::FromUtf8] 原始字符串: ...     (unassigned)
[QString::FromUtf8] 原始字符串: ...     (unassigned)
[QString::FromUtf8] 原始字符串: ...     (unassigned)
[QString::FromUtf8] 原始字符串: ...     (unassigned)
[QString::FromUtf8] 原始字符串: ...     (unassigned)
[QString::FromUtf8] 原始字符串: ...     (unassigned)
[QString::FromUtf8] 原始字符串: ...     (unassigned)
[QString::FromUtf8] 原始字符串: ...     (unassigned)
[QString::FromUtf8] 原始字符串: Start process
[QString::FromUtf8] 原始字符串: Undo 
[QString::FromUtf8] 原始字符串: Redo 
[QString::FromUtf8] 原始字符串: Disable undo
[QString::FromUtf8] 原始字符串: Open picture
[QString::FromUtf8] 原始字符串: ...     (unassigned)
[QString::FromUtf8] 原始字符串: ...     (unassigned)
[QString::FromUtf8] 原始字符串: ...     (unassigned)
[QString::FromUtf8] 原始字符串: ...     (unassigned)
[QString::FromUtf8] 原始字符串: ...     (unassigned)
[QString::FromUtf8] 原始字符串: ...     (unassigned)
[QString::FromUtf8] 原始字符串: ...     (unassigned)
[QString::FromUtf8] 原始字符串: ...     (unassigned)
[QString::FromUtf8] 原始字符串: Start process
[QString::FromUtf8] 原始字符串: Undo 
[QString::FromUtf8] 原始字符串: Redo 
[QString::FromUtf8] 原始字符串: Disable undo
[QString::FromUtf8] 原始字符串: Open picture
[QString::FromUtf8] 原始字符串: ...     (unassigned)
[QString::FromUtf8] 原始字符串: ...     (unassigned)
[QString::FromUtf8] 原始字符串: ...     (unassigned)
[QString::FromUtf8] 原始字符串: ...     (unassigned)
[QString::FromUtf8] 原始字符串: ...     (unassigned)
[QString::FromUtf8] 原始字符串: ...     (unassigned)
[QString::FromUtf8] 原始字符串: ...     (unassigned)
[QString::FromUtf8] 原始字符串: ...     (unassigned)
[QString::FromUtf8] 原始字符串: Start process
[QString::FromUtf8] 原始字符串: Undo 
[QString::FromUtf8] 原始字符串: Redo 
[QString::FromUtf8] 原始字符串: Disable undo
[QString::FromUtf8] 原始字符串: Open picture
[QString::FromUtf8] 原始字符串: ...     (unassigned)
[QString::FromUtf8] 原始字符串: ...     (unassigned)
[QString::FromUtf8] 原始字符串: ...     (unassigned)
[QString::FromUtf8] 原始字符串: ...     (unassigned)
[QString::FromUtf8] 原始字符串: ...     (unassigned)
[QString::FromUtf8] 原始字符串: ...     (unassigned)
[QString::FromUtf8] 原始字符串: ...     (unassigned)
[QString::FromUtf8] 原始字符串: ...     (unassigned)
[QString::FromUtf8] 原始字符串: Start process
[QString::FromUtf8] 原始字符串: Undo 
[QString::FromUtf8] 原始字符串: Redo 
[QString::FromUtf8] 原始字符串: Disable undo
[QString::FromUtf8] 原始字符串: Open picture
[QString::FromUtf8] 原始字符串: ...     (unassigned)
[QString::FromUtf8] 原始字符串: ...     (unassigned)
[QString::FromUtf8] 原始字符串: ...     (unassigned)
[QString::FromUtf8] 原始字符串: ...     (unassigned)
[QString::FromUtf8] 原始字符串: ...     (unassigned)
[QString::FromUtf8] 原始字符串: ...     (unassigned)
[QString::FromUtf8] 原始字符串: ...     (unassigned)
[QString::FromUtf8] 原始字符串: ...     (unassigned)
[QString::FromUtf8] 原始字符串: Start process
[QString::FromUtf8] 原始字符串: Undo 
[QString::FromUtf8] 原始字符串: Redo 
[QString::FromUtf8] 原始字符串: Disable undo
[QString::FromUtf8] 原始字符串: Default:Edit
[QString::FromUtf8] 原始字符串: Default:Search
[QString::FromUtf8] 原始字符串: Default:Jump
[QString::FromUtf8] 原始字符串: Copy pseudocode to disassembly
[QString::FromUtf8] 原始字符串: Open picture
[QString::FromUtf8] 原始字符串: ...     (unassigned)
[QString::FromUtf8] 原始字符串: ...     (unassigned)
[QString::FromUtf8] 原始字符串: ...     (unassigned)
[QString::FromUtf8] 原始字符串: ...     (unassigned)
[QString::FromUtf8] 原始字符串: ...     (unassigned)
[QString::FromUtf8] 原始字符串: ...     (unassigned)
[QString::FromUtf8] 原始字符串: ...     (unassigned)
[QString::FromUtf8] 原始字符串: ...     (unassigned)
[QString::FromUtf8] 原始字符串: Start process
[QString::FromUtf8] 原始字符串: Disassembly
[QString::FromUtf8] 原始字符串: Disassembly
[QString::FromUtf8] 原始字符串: Set t&ype...
[QString::FromUtf8] 原始字符串: Undo 
[QString::FromUtf8] 原始字符串: Redo 
[QString::FromUtf8] 原始字符串: Disable undo
[QString::FromUtf8] 原始字符串: Metadata History
[QString::FromUtf8] 原始字符串: Copy pseudocode to disassembly
[QString::FromUtf8] 原始字符串: Open picture
[QString::FromUtf8] 原始字符串: ...     (unassigned)
[QString::FromUtf8] 原始字符串: ...     (unassigned)
[QString::FromUtf8] 原始字符串: ...     (unassigned)
[QString::FromUtf8] 原始字符串: ...     (unassigned)
[QString::FromUtf8] 原始字符串: ...     (unassigned)
[QString::FromUtf8] 原始字符串: ...     (unassigned)
[QString::FromUtf8] 原始字符串: ...     (unassigned)
[QString::FromUtf8] 原始字符串: ...     (unassigned)
[QString::FromUtf8] 原始字符串: Start process
[QString::FromUtf8] 原始字符串: Disassembly
[QString::FromUtf8] 原始字符串: Disassembly
[QString::FromUtf8] 原始字符串: Set t&ype...
[QString::FromUtf8] 原始字符串: Undo 
[QString::FromUtf8] 原始字符串: Redo 
[QString::FromUtf8] 原始字符串: Disable undo
[QString::FromUtf8] 原始字符串: Metadata History
[QString::FromUtf8] 原始字符串: Address
[QString::FromUtf8] 原始字符串: Function
[QString::FromUtf8] 原始字符串: Instruction
[QString::FromUtf8] 精确匹配: 指令
[QString::FromUtf8] 原始字符串: Address
[QString::FromUtf8] 原始字符串: Function
[QString::FromUtf8] 原始字符串: Instruction
[QString::FromUtf8] 精确匹配: 指令
[QString::FromUtf8] 原始字符串: Address
[QString::FromUtf8] 原始字符串: Function
[QString::FromUtf8] 原始字符串: Instruction
[QString::FromUtf8] 精确匹配: 指令
[QString::FromUtf8] 原始字符串: Name
[QString::FromUtf8] 原始字符串: Address
[QString::FromUtf8] 原始字符串: Ordinal
[QString::FromUtf8] 原始字符串: Name
[QString::FromUtf8] 原始字符串: Address
[QString::FromUtf8] 原始字符串: Ordinal
[QString::FromUtf8] 原始字符串: Name
[QString::FromUtf8] 原始字符串: Address
[QString::FromUtf8] 原始字符串: Ordinal
[QString::FromUtf8] 原始字符串: Address
[QString::FromUtf8] 原始字符串: Ordinal
[QString::FromUtf8] 原始字符串: Name
[QString::FromUtf8] 原始字符串: .dynsym
[QString::FromUtf8] 原始字符串: Address
[QString::FromUtf8] 原始字符串: Ordinal
[QString::FromUtf8] 原始字符串: Name
[QString::FromUtf8] 原始字符串: Name
[QString::FromUtf8] 原始字符串: Size
[QString::FromUtf8] 原始字符串: Ordinal
[QString::FromUtf8] 原始字符串: Elf64_Sym
[QString::FromUtf8] 原始字符串: 00000018
[QString::FromUtf8] 原始字符串: 1
[QString::FromUtf8] 原始字符串: Name
[QString::FromUtf8] 原始字符串: Size
[QString::FromUtf8] 原始字符串: Ordinal
[QString::FromUtf8] 原始字符串: Default:Edit
[QString::FromUtf8] 原始字符串: Default:Search
[QString::FromUtf8] 原始字符串: Default:Jump
[QString::FromUtf8] 原始字符串: Open picture
[QString::FromUtf8] 原始字符串: ...     (unassigned)
[QString::FromUtf8] 原始字符串: ...     (unassigned)
[QString::FromUtf8] 原始字符串: ...     (unassigned)
[QString::FromUtf8] 原始字符串: ...     (unassigned)
[QString::FromUtf8] 原始字符串: ...     (unassigned)
[QString::FromUtf8] 原始字符串: ...     (unassigned)
[QString::FromUtf8] 原始字符串: ...     (unassigned)
[QString::FromUtf8] 原始字符串: ...     (unassigned)
[QString::FromUtf8] 原始字符串: Start process
[QString::FromUtf8] 原始字符串: Output window
[QString::FromUtf8] 原始字符串: Output window
[QString::FromUtf8] 原始字符串: Open picture
[QString::FromUtf8] 原始字符串: ...     (unassigned)
[QString::FromUtf8] 原始字符串: ...     (unassigned)
[QString::FromUtf8] 原始字符串: ...     (unassigned)
[QString::FromUtf8] 原始字符串: ...     (unassigned)
[QString::FromUtf8] 原始字符串: ...     (unassigned)
[QString::FromUtf8] 原始字符串: ...     (unassigned)
[QString::FromUtf8] 原始字符串: ...     (unassigned)
[QString::FromUtf8] 原始字符串: ...     (unassigned)
[QString::FromUtf8] 原始字符串: Start process
[QString::FromUtf8] 原始字符串: Output window
[QString::FromUtf8] 原始字符串: Output window
[QString::FromUtf8] 原始字符串: Function name
[QString::FromUtf8] 原始字符串: Segment
[QString::FromUtf8] 原始字符串: Start
[QString::FromUtf8] 原始字符串: Length
[QString::FromUtf8] 原始字符串: Locals
[QString::FromUtf8] 原始字符串: Arguments
[QString::FromUtf8] 原始字符串: R
[QString::FromUtf8] 原始字符串: F
[QString::FromUtf8] 原始字符串: L
[QString::FromUtf8] 原始字符串: M
[QString::FromUtf8] 原始字符串: O
[QString::FromUtf8] 原始字符串: S
[QString::FromUtf8] 原始字符串: B
[QString::FromUtf8] 原始字符串: T
[QString::FromUtf8] 原始字符串: =
[QString::FromUtf8] 原始字符串: X
[QString::FromUtf8] 原始字符串: Function name
[QString::FromUtf8] 原始字符串: Segment
[QString::FromUtf8] 原始字符串: Start
[QString::FromUtf8] 原始字符串: Length
[QString::FromUtf8] 原始字符串: Locals
[QString::FromUtf8] 原始字符串: Arguments
[QString::FromUtf8] 原始字符串: R
[QString::FromUtf8] 原始字符串: F
[QString::FromUtf8] 原始字符串: L
[QString::FromUtf8] 原始字符串: M
[QString::FromUtf8] 原始字符串: O
[QString::FromUtf8] 原始字符串: S
[QString::FromUtf8] 原始字符串: B
[QString::FromUtf8] 原始字符串: T
[QString::FromUtf8] 原始字符串: =
[QString::FromUtf8] 原始字符串: X
[QString::FromUtf8] 原始字符串: Function name
[QString::FromUtf8] 原始字符串: Segment
[QString::FromUtf8] 原始字符串: Start
[QString::FromUtf8] 原始字符串: Length
[QString::FromUtf8] 原始字符串: Locals
[QString::FromUtf8] 原始字符串: Arguments
[QString::FromUtf8] 原始字符串: R
[QString::FromUtf8] 原始字符串: F
[QString::FromUtf8] 原始字符串: L
[QString::FromUtf8] 原始字符串: M
[QString::FromUtf8] 原始字符串: O
[QString::FromUtf8] 原始字符串: S
[QString::FromUtf8] 原始字符串: B
[QString::FromUtf8] 原始字符串: T
[QString::FromUtf8] 原始字符串: =
[QString::FromUtf8] 原始字符串: X
[QString::FromUtf8] 原始字符串: Default:Edit
[QString::FromUtf8] 原始字符串: Default:Search
[QString::FromUtf8] 原始字符串: Default:Jump
[QString::FromUtf8] 原始字符串: Copy pseudocode to disassembly
[QString::FromUtf8] 原始字符串: Open picture
[QString::FromUtf8] 原始字符串: ...     (unassigned)
[QString::FromUtf8] 原始字符串: ...     (unassigned)
[QString::FromUtf8] 原始字符串: ...     (unassigned)
[QString::FromUtf8] 原始字符串: ...     (unassigned)
[QString::FromUtf8] 原始字符串: ...     (unassigned)
[QString::FromUtf8] 原始字符串: ...     (unassigned)
[QString::FromUtf8] 原始字符串: ...     (unassigned)
[QString::FromUtf8] 原始字符串: ...     (unassigned)
[QString::FromUtf8] 原始字符串: Start process
[QString::FromUtf8] 原始字符串: Disassembly
[QString::FromUtf8] 原始字符串: Disassembly
[QString::FromUtf8] 原始字符串: Copy pseudocode to disassembly
[QString::FromUtf8] 原始字符串: Open picture
[QString::FromUtf8] 原始字符串: ...     (unassigned)
[QString::FromUtf8] 原始字符串: ...     (unassigned)
[QString::FromUtf8] 原始字符串: ...     (unassigned)
[QString::FromUtf8] 原始字符串: ...     (unassigned)
[QString::FromUtf8] 原始字符串: ...     (unassigned)
[QString::FromUtf8] 原始字符串: ...     (unassigned)
[QString::FromUtf8] 原始字符串: ...     (unassigned)
[QString::FromUtf8] 原始字符串: ...     (unassigned)
[QString::FromUtf8] 原始字符串: Start process
[QString::FromUtf8] 原始字符串: Disassembly
[QString::FromUtf8] 原始字符串: Disassembly
[QString::FromUtf8] 原始字符串: Copy pseudocode to disassembly
[QString::FromUtf8] 原始字符串: Open picture
[QString::FromUtf8] 原始字符串: ...     (unassigned)
[QString::FromUtf8] 原始字符串: ...     (unassigned)
[QString::FromUtf8] 原始字符串: ...     (unassigned)
[QString::FromUtf8] 原始字符串: ...     (unassigned)
[QString::FromUtf8] 原始字符串: ...     (unassigned)
[QString::FromUtf8] 原始字符串: ...     (unassigned)
[QString::FromUtf8] 原始字符串: ...     (unassigned)
[QString::FromUtf8] 原始字符串: ...     (unassigned)
[QString::FromUtf8] 原始字符串: Start process
[QString::FromUtf8] 原始字符串: Disassembly
[QString::FromUtf8] 原始字符串: Disassembly
[QString::FromUtf8] 原始字符串: Function name
[QString::FromUtf8] 原始字符串: Segment
[QString::FromUtf8] 原始字符串: Start
[QString::FromUtf8] 原始字符串: Length
[QString::FromUtf8] 原始字符串: Locals
[QString::FromUtf8] 原始字符串: Arguments
[QString::FromUtf8] 原始字符串: R
[QString::FromUtf8] 原始字符串: F
[QString::FromUtf8] 原始字符串: L
[QString::FromUtf8] 原始字符串: M
[QString::FromUtf8] 原始字符串: O
[QString::FromUtf8] 原始字符串: S
[QString::FromUtf8] 原始字符串: B
[QString::FromUtf8] 原始字符串: T
[QString::FromUtf8] 原始字符串: =
[QString::FromUtf8] 原始字符串: X
[QString::FromUtf8] 原始字符串: Function name
[QString::FromUtf8] 原始字符串: Segment
[QString::FromUtf8] 原始字符串: Start
[QString::FromUtf8] 原始字符串: Length
[QString::FromUtf8] 原始字符串: Locals
[QString::FromUtf8] 原始字符串: Arguments
[QString::FromUtf8] 原始字符串: R
[QString::FromUtf8] 原始字符串: F
[QString::FromUtf8] 原始字符串: L
[QString::FromUtf8] 原始字符串: M
[QString::FromUtf8] 原始字符串: O
[QString::FromUtf8] 原始字符串: S
[QString::FromUtf8] 原始字符串: B
[QString::FromUtf8] 原始字符串: T
[QString::FromUtf8] 原始字符串: =
[QString::FromUtf8] 原始字符串: X
[QString::FromUtf8] 原始字符串: Function name
[QString::FromUtf8] 原始字符串: Segment
[QString::FromUtf8] 原始字符串: Start
[QString::FromUtf8] 原始字符串: Length
[QString::FromUtf8] 原始字符串: Locals
[QString::FromUtf8] 原始字符串: Arguments
[QString::FromUtf8] 原始字符串: R
[QString::FromUtf8] 原始字符串: F
[QString::FromUtf8] 原始字符串: L
[QString::FromUtf8] 原始字符串: M
[QString::FromUtf8] 原始字符串: O
[QString::FromUtf8] 原始字符串: S
[QString::FromUtf8] 原始字符串: B
[QString::FromUtf8] 原始字符串: T
[QString::FromUtf8] 原始字符串: =
[QString::FromUtf8] 原始字符串: X
[QString::FromUtf8] 原始字符串: Function name
[QString::FromUtf8] 原始字符串: Segment
[QString::FromUtf8] 原始字符串: Start
[QString::FromUtf8] 原始字符串: Length
[QString::FromUtf8] 原始字符串: Locals
[QString::FromUtf8] 原始字符串: Arguments
[QString::FromUtf8] 原始字符串: R
[QString::FromUtf8] 原始字符串: F
[QString::FromUtf8] 原始字符串: L
[QString::FromUtf8] 原始字符串: M
[QString::FromUtf8] 原始字符串: O
[QString::FromUtf8] 原始字符串: S
[QString::FromUtf8] 原始字符串: B
[QString::FromUtf8] 原始字符串: T
[QString::FromUtf8] 原始字符串: =
[QString::FromUtf8] 原始字符串: X
[QString::FromUtf8] 原始字符串: Function name
[QString::FromUtf8] 原始字符串: Segment
[QString::FromUtf8] 原始字符串: Start
[QString::FromUtf8] 原始字符串: Length
[QString::FromUtf8] 原始字符串: Locals
[QString::FromUtf8] 原始字符串: Arguments
[QString::FromUtf8] 原始字符串: R
[QString::FromUtf8] 原始字符串: F
[QString::FromUtf8] 原始字符串: L
[QString::FromUtf8] 原始字符串: M
[QString::FromUtf8] 原始字符串: O
[QString::FromUtf8] 原始字符串: S
[QString::FromUtf8] 原始字符串: B
[QString::FromUtf8] 原始字符串: T
[QString::FromUtf8] 原始字符串: =
[QString::FromUtf8] 原始字符串: X
[QString::FromUtf8] 原始字符串: Function name
[QString::FromUtf8] 原始字符串: Segment
[QString::FromUtf8] 原始字符串: Start
[QString::FromUtf8] 原始字符串: Length
[QString::FromUtf8] 原始字符串: Locals
[QString::FromUtf8] 原始字符串: Arguments
[QString::FromUtf8] 原始字符串: R
[QString::FromUtf8] 原始字符串: F
[QString::FromUtf8] 原始字符串: L
[QString::FromUtf8] 原始字符串: M
[QString::FromUtf8] 原始字符串: O
[QString::FromUtf8] 原始字符串: S
[QString::FromUtf8] 原始字符串: B
[QString::FromUtf8] 原始字符串: T
[QString::FromUtf8] 原始字符串: =
[QString::FromUtf8] 原始字符串: X
[QString::FromUtf8] 原始字符串: Function name
[QString::FromUtf8] 原始字符串: Segment
[QString::FromUtf8] 原始字符串: Start
[QString::FromUtf8] 原始字符串: Length
[QString::FromUtf8] 原始字符串: Locals
[QString::FromUtf8] 原始字符串: Arguments
[QString::FromUtf8] 原始字符串: R
[QString::FromUtf8] 原始字符串: F
[QString::FromUtf8] 原始字符串: L
[QString::FromUtf8] 原始字符串: M
[QString::FromUtf8] 原始字符串: O
[QString::FromUtf8] 原始字符串: S
[QString::FromUtf8] 原始字符串: B
[QString::FromUtf8] 原始字符串: T
[QString::FromUtf8] 原始字符串: =
[QString::FromUtf8] 原始字符串: X
[QString::FromUtf8] 原始字符串: Function name
[QString::FromUtf8] 原始字符串: Segment
[QString::FromUtf8] 原始字符串: Start
[QString::FromUtf8] 原始字符串: Length
[QString::FromUtf8] 原始字符串: Locals
[QString::FromUtf8] 原始字符串: Arguments
[QString::FromUtf8] 原始字符串: R
[QString::FromUtf8] 原始字符串: F
[QString::FromUtf8] 原始字符串: L
[QString::FromUtf8] 原始字符串: M
[QString::FromUtf8] 原始字符串: O
[QString::FromUtf8] 原始字符串: S
[QString::FromUtf8] 原始字符串: B
[QString::FromUtf8] 原始字符串: T
[QString::FromUtf8] 原始字符串: =
[QString::FromUtf8] 原始字符串: X
[QString::FromUtf8] 原始字符串: Function name
[QString::FromUtf8] 原始字符串: Segment
[QString::FromUtf8] 原始字符串: Start
[QString::FromUtf8] 原始字符串: Length
[QString::FromUtf8] 原始字符串: Locals
[QString::FromUtf8] 原始字符串: Arguments
[QString::FromUtf8] 原始字符串: R
[QString::FromUtf8] 原始字符串: F
[QString::FromUtf8] 原始字符串: L
[QString::FromUtf8] 原始字符串: M
[QString::FromUtf8] 原始字符串: O
[QString::FromUtf8] 原始字符串: S
[QString::FromUtf8] 原始字符串: B
[QString::FromUtf8] 原始字符串: T
[QString::FromUtf8] 原始字符串: =
[QString::FromUtf8] 原始字符串: X
[QString::FromUtf8] 原始字符串: Function name
[QString::FromUtf8] 原始字符串: Segment
[QString::FromUtf8] 原始字符串: Start
[QString::FromUtf8] 原始字符串: Length
[QString::FromUtf8] 原始字符串: Locals
[QString::FromUtf8] 原始字符串: Arguments
[QString::FromUtf8] 原始字符串: R
[QString::FromUtf8] 原始字符串: F
[QString::FromUtf8] 原始字符串: L
[QString::FromUtf8] 原始字符串: M
[QString::FromUtf8] 原始字符串: O
[QString::FromUtf8] 原始字符串: S
[QString::FromUtf8] 原始字符串: B
[QString::FromUtf8] 原始字符串: T
[QString::FromUtf8] 原始字符串: =
[QString::FromUtf8] 原始字符串: X
[QString::FromUtf8] 原始字符串: Function name
[QString::FromUtf8] 原始字符串: Segment
[QString::FromUtf8] 原始字符串: Start
[QString::FromUtf8] 原始字符串: Length
[QString::FromUtf8] 原始字符串: Locals
[QString::FromUtf8] 原始字符串: Arguments
[QString::FromUtf8] 原始字符串: R
[QString::FromUtf8] 原始字符串: F
[QString::FromUtf8] 原始字符串: L
[QString::FromUtf8] 原始字符串: M
[QString::FromUtf8] 原始字符串: O
[QString::FromUtf8] 原始字符串: S
[QString::FromUtf8] 原始字符串: B
[QString::FromUtf8] 原始字符串: T
[QString::FromUtf8] 原始字符串: =
[QString::FromUtf8] 原始字符串: X
[QString::FromUtf8] 原始字符串: Function name
[QString::FromUtf8] 原始字符串: Segment
[QString::FromUtf8] 原始字符串: Start
[QString::FromUtf8] 原始字符串: Length
[QString::FromUtf8] 原始字符串: Locals
[QString::FromUtf8] 原始字符串: Arguments
[QString::FromUtf8] 原始字符串: R
[QString::FromUtf8] 原始字符串: F
[QString::FromUtf8] 原始字符串: L
[QString::FromUtf8] 原始字符串: M
[QString::FromUtf8] 原始字符串: O
[QString::FromUtf8] 原始字符串: S
[QString::FromUtf8] 原始字符串: B
[QString::FromUtf8] 原始字符串: T
[QString::FromUtf8] 原始字符串: =
[QString::FromUtf8] 原始字符串: X
[QString::FromUtf8] 原始字符串: Function name
[QString::FromUtf8] 原始字符串: Segment
[QString::FromUtf8] 原始字符串: Start
[QString::FromUtf8] 原始字符串: Length
[QString::FromUtf8] 原始字符串: Locals
[QString::FromUtf8] 原始字符串: Arguments
[QString::FromUtf8] 原始字符串: R
[QString::FromUtf8] 原始字符串: F
[QString::FromUtf8] 原始字符串: L
[QString::FromUtf8] 原始字符串: M
[QString::FromUtf8] 原始字符串: O
[QString::FromUtf8] 原始字符串: S
[QString::FromUtf8] 原始字符串: B
[QString::FromUtf8] 原始字符串: T
[QString::FromUtf8] 原始字符串: =
[QString::FromUtf8] 原始字符串: X
[QString::FromUtf8] 原始字符串: Function name
[QString::FromUtf8] 原始字符串: Segment
[QString::FromUtf8] 原始字符串: Start
[QString::FromUtf8] 原始字符串: Length
[QString::FromUtf8] 原始字符串: Locals
[QString::FromUtf8] 原始字符串: Arguments
[QString::FromUtf8] 原始字符串: R
[QString::FromUtf8] 原始字符串: F
[QString::FromUtf8] 原始字符串: L
[QString::FromUtf8] 原始字符串: M
[QString::FromUtf8] 原始字符串: O
[QString::FromUtf8] 原始字符串: S
[QString::FromUtf8] 原始字符串: B
[QString::FromUtf8] 原始字符串: T
[QString::FromUtf8] 原始字符串: =
[QString::FromUtf8] 原始字符串: X
[QString::FromUtf8] 原始字符串: Function name
[QString::FromUtf8] 原始字符串: Segment
[QString::FromUtf8] 原始字符串: Start
[QString::FromUtf8] 原始字符串: Length
[QString::FromUtf8] 原始字符串: Locals
[QString::FromUtf8] 原始字符串: Arguments
[QString::FromUtf8] 原始字符串: R
[QString::FromUtf8] 原始字符串: F
[QString::FromUtf8] 原始字符串: L
[QString::FromUtf8] 原始字符串: M
[QString::FromUtf8] 原始字符串: O
[QString::FromUtf8] 原始字符串: S
[QString::FromUtf8] 原始字符串: B
[QString::FromUtf8] 原始字符串: T
[QString::FromUtf8] 原始字符串: =
[QString::FromUtf8] 原始字符串: X
[QString::FromUtf8] 原始字符串: Function name
[QString::FromUtf8] 原始字符串: Segment
[QString::FromUtf8] 原始字符串: Start
[QString::FromUtf8] 原始字符串: Length
[QString::FromUtf8] 原始字符串: Locals
[QString::FromUtf8] 原始字符串: Arguments
[QString::FromUtf8] 原始字符串: R
[QString::FromUtf8] 原始字符串: F
[QString::FromUtf8] 原始字符串: L
[QString::FromUtf8] 原始字符串: M
[QString::FromUtf8] 原始字符串: O
[QString::FromUtf8] 原始字符串: S
[QString::FromUtf8] 原始字符串: B
[QString::FromUtf8] 原始字符串: T
[QString::FromUtf8] 原始字符串: =
[QString::FromUtf8] 原始字符串: X
[QString::FromUtf8] 原始字符串: Function name
[QString::FromUtf8] 原始字符串: Segment
[QString::FromUtf8] 原始字符串: Start
[QString::FromUtf8] 原始字符串: Length
[QString::FromUtf8] 原始字符串: Locals
[QString::FromUtf8] 原始字符串: Arguments
[QString::FromUtf8] 原始字符串: R
[QString::FromUtf8] 原始字符串: F
[QString::FromUtf8] 原始字符串: L
[QString::FromUtf8] 原始字符串: M
[QString::FromUtf8] 原始字符串: O
[QString::FromUtf8] 原始字符串: S
[QString::FromUtf8] 原始字符串: B
[QString::FromUtf8] 原始字符串: T
[QString::FromUtf8] 原始字符串: =
[QString::FromUtf8] 原始字符串: X
[QString::FromUtf8] 原始字符串: Function name
[QString::FromUtf8] 原始字符串: Segment
[QString::FromUtf8] 原始字符串: Start
[QString::FromUtf8] 原始字符串: Length
[QString::FromUtf8] 原始字符串: Locals
[QString::FromUtf8] 原始字符串: Arguments
[QString::FromUtf8] 原始字符串: R
[QString::FromUtf8] 原始字符串: F
[QString::FromUtf8] 原始字符串: L
[QString::FromUtf8] 原始字符串: M
[QString::FromUtf8] 原始字符串: O
[QString::FromUtf8] 原始字符串: S
[QString::FromUtf8] 原始字符串: B
[QString::FromUtf8] 原始字符串: T
[QString::FromUtf8] 原始字符串: =
[QString::FromUtf8] 原始字符串: X
[QString::FromUtf8] 原始字符串: Default:Edit
[QString::FromUtf8] 原始字符串: Default:Search
[QString::FromUtf8] 原始字符串: Default:Jump
[QString::FromUtf8] 原始字符串: Function name
[QString::FromUtf8] 原始字符串: Segment
[QString::FromUtf8] 原始字符串: Start
[QString::FromUtf8] 原始字符串: Length
[QString::FromUtf8] 原始字符串: Locals
[QString::FromUtf8] 原始字符串: Arguments
[QString::FromUtf8] 原始字符串: R
[QString::FromUtf8] 原始字符串: F
[QString::FromUtf8] 原始字符串: L
[QString::FromUtf8] 原始字符串: M
[QString::FromUtf8] 原始字符串: O
[QString::FromUtf8] 原始字符串: S
[QString::FromUtf8] 原始字符串: B
[QString::FromUtf8] 原始字符串: T
[QString::FromUtf8] 原始字符串: =
[QString::FromUtf8] 原始字符串: X
[QString::FromUtf8] 原始字符串: Function name
[QString::FromUtf8] 原始字符串: Segment
[QString::FromUtf8] 原始字符串: Start
[QString::FromUtf8] 原始字符串: Length
[QString::FromUtf8] 原始字符串: Locals
[QString::FromUtf8] 原始字符串: Arguments
[QString::FromUtf8] 原始字符串: R
[QString::FromUtf8] 原始字符串: F
[QString::FromUtf8] 原始字符串: L
[QString::FromUtf8] 原始字符串: M
[QString::FromUtf8] 原始字符串: O
[QString::FromUtf8] 原始字符串: S
[QString::FromUtf8] 原始字符串: B
[QString::FromUtf8] 原始字符串: T
[QString::FromUtf8] 原始字符串: =
[QString::FromUtf8] 原始字符串: X
[QString::FromUtf8] 原始字符串: Function name
[QString::FromUtf8] 原始字符串: Segment
[QString::FromUtf8] 原始字符串: Start
[QString::FromUtf8] 原始字符串: Length
[QString::FromUtf8] 原始字符串: Locals
[QString::FromUtf8] 原始字符串: Arguments
[QString::FromUtf8] 原始字符串: R
[QString::FromUtf8] 原始字符串: F
[QString::FromUtf8] 原始字符串: L
[QString::FromUtf8] 原始字符串: M
[QString::FromUtf8] 原始字符串: O
[QString::FromUtf8] 原始字符串: S
[QString::FromUtf8] 原始字符串: B
[QString::FromUtf8] 原始字符串: T
[QString::FromUtf8] 原始字符串: =
[QString::FromUtf8] 原始字符串: X
[QString::FromUtf8] 原始字符串: DebuggerSelected
[QString::FromUtf8] 原始字符串: DebuggerUnselected
[QString::FromUtf8] 原始字符串: DebuggerRunToAndAttach
[QString::FromUtf8] 原始字符串: DebuggerRunTo
[QString::FromUtf8] 原始字符串: Alt+U
[QString::FromUtf8] 原始字符串: Alt+U
[QString::FromUtf8] 原始字符串: Alt+U
[QString::FromUtf8] 原始字符串: Alt+U
[QString::FromUtf8] 原始字符串: Alt+U
[QString::FromUtf8] 原始字符串: Alt+U
[QString::FromUtf8] 原始字符串: Alt+U
[QString::FromUtf8] 原始字符串: Alt+U
[QString::FromUtf8] 原始字符串: Alt+U
[QString::FromUtf8] 原始字符串: Alt+U
[QString::FromUtf8] 原始字符串: Alt+U
[QString::FromUtf8] 原始字符串: Alt+U
[QString::FromUtf8] 原始字符串: Alt+U
[QString::FromUtf8] 原始字符串: Alt+U
[QString::FromUtf8] 原始字符串: Alt+U
[QString::FromUtf8] 原始字符串: Alt+U
[QString::FromUtf8] 原始字符串: Alt+U
[QString::FromUtf8] 原始字符串: Alt+U
[QString::FromUtf8] 原始字符串: Alt+U
[QString::FromUtf8] 原始字符串: Alt+U
[QString::FromUtf8] 原始字符串: Alt+U
[QString::FromUtf8] 原始字符串: Alt+U
[QString::FromUtf8] 原始字符串: Alt+U
[QString::FromUtf8] 原始字符串: Alt+U
[QString::FromUtf8] 原始字符串: Alt+U
[QString::FromUtf8] 原始字符串: Alt+U
[QString::FromUtf8] 原始字符串: Alt+U
[QString::FromUtf8] 原始字符串: Alt+U
[QString::FromUtf8] 原始字符串: Alt+U
[QString::FromUtf8] 原始字符串: Alt+U
[QString::FromUtf8] 原始字符串: Alt+U
[QString::FromUtf8] 原始字符串: Alt+U
[QString::FromUtf8] 原始字符串: Alt+U
[QString::FromUtf8] 原始字符串: Alt+U
[QString::FromUtf8] 原始字符串: Alt+U
[QString::FromUtf8] 原始字符串: Alt+U
[QString::FromUtf8] 原始字符串: Alt+U
[QString::FromUtf8] 原始字符串: Alt+U
[QString::FromUtf8] 原始字符串: Alt+U
[QString::FromUtf8] 原始字符串: Alt+U
[QString::FromUtf8] 原始字符串: Alt+U
[QString::FromUtf8] 原始字符串: Alt+U
[QString::FromUtf8] 原始字符串: Alt+U
[QString::FromUtf8] 原始字符串: Alt+U
[QString::FromUtf8] 原始字符串: Alt+U
[QString::FromUtf8] 原始字符串: Alt+U
[QString::FromUtf8] 原始字符串: Alt+U
[QString::FromUtf8] 原始字符串: Alt+U
[QString::FromUtf8] 原始字符串: Alt+U
[QString::FromUtf8] 原始字符串: Alt+U
[QString::FromUtf8] 原始字符串: Alt+U
[QString::FromUtf8] 原始字符串: Alt+U
[QString::FromUtf8] 原始字符串: Alt+U
[QString::FromUtf8] 原始字符串: Alt+U
[QString::FromUtf8] 原始字符串: Alt+U
[QString::FromUtf8] 原始字符串: Alt+U
[QString::FromUtf8] 原始字符串: Alt+U
[QString::FromUtf8] 原始字符串: Alt+U
[QString::FromUtf8] 原始字符串: Alt+U
[QString::FromUtf8] 原始字符串: Alt+U
[QString::FromUtf8] 原始字符串: Alt+U
[QString::FromUtf8] 原始字符串: Alt+U
[QString::FromUtf8] 原始字符串: Alt+U
[QString::FromUtf8] 原始字符串: Alt+U
[QString::FromUtf8] 原始字符串: Alt+U
[QString::FromUtf8] 原始字符串: Alt+U
[QString::FromUtf8] 原始字符串: Alt+U
[QString::FromUtf8] 原始字符串: Alt+U
[QString::FromUtf8] 原始字符串: Alt+U
[QString::FromUtf8] 原始字符串: Alt+U
[QString::FromUtf8] 原始字符串: Alt+U
[QString::FromUtf8] 原始字符串: Alt+U
[QString::FromUtf8] 原始字符串: Alt+U
[QString::FromUtf8] 原始字符串: Alt+U
[QString::FromUtf8] 原始字符串: Alt+U
[QString::FromUtf8] 原始字符串: Alt+U
[QString::FromUtf8] 原始字符串: Alt+U
[QString::FromUtf8] 原始字符串: Alt+U
[QString::FromUtf8] 原始字符串: Alt+U
[QString::FromUtf8] 原始字符串: Alt+U
[QString::FromUtf8] 原始字符串: Alt+U
[QString::FromUtf8] 原始字符串: Alt+U
[QString::FromUtf8] 原始字符串: Alt+U
[QString::FromUtf8] 原始字符串: Alt+U
[QString::FromUtf8] 原始字符串: Alt+U
[QString::FromUtf8] 原始字符串: Alt+U
[QString::FromUtf8] 原始字符串: Alt+U
[QString::FromUtf8] 原始字符串: Alt+U
[QString::FromUtf8] 原始字符串: Alt+U
[QString::FromUtf8] 原始字符串: Alt+U
[QString::FromUtf8] 原始字符串: Alt+U
[QString::FromUtf8] 原始字符串: Alt+U
[QString::FromUtf8] 原始字符串: Alt+U
[QString::FromUtf8] 原始字符串: Alt+U
[QString::FromUtf8] 原始字符串: Alt+U
[QString::FromUtf8] 原始字符串: Alt+U
[QString::FromUtf8] 原始字符串: Alt+U
[QString::FromUtf8] 原始字符串: Alt+U
[QString::FromUtf8] 原始字符串: Alt+U
[QString::FromUtf8] 原始字符串: Alt+U
[QString::FromUtf8] 原始字符串: Alt+U
[QString::FromUtf8] 原始字符串: Alt+U
[QString::FromUtf8] 原始字符串: Alt+U
[QString::FromUtf8] 原始字符串: Alt+U
[QString::FromUtf8] 原始字符串: Alt+U
[QString::FromUtf8] 原始字符串: Alt+U
[QString::FromUtf8] 原始字符串: Alt+U
[QString::FromUtf8] 原始字符串: Alt+U
[QString::FromUtf8] 原始字符串: Alt+U
[QString::FromUtf8] 原始字符串: Alt+U
[QString::FromUtf8] 原始字符串: Alt+U
[QString::FromUtf8] 原始字符串: Alt+U
[QString::FromUtf8] 原始字符串: Alt+U
[QString::FromUtf8] 原始字符串: Alt+U
[QString::FromUtf8] 原始字符串: Alt+U
[QString::FromUtf8] 原始字符串: Alt+U
[QString::FromUtf8] 原始字符串: Alt+U
[QString::FromUtf8] 原始字符串: Alt+U
[QString::FromUtf8] 原始字符串: Alt+U
[QString::FromUtf8] 原始字符串: Alt+U
[QString::FromUtf8] 原始字符串: Alt+U
[QString::FromUtf8] 原始字符串: Alt+U
[QString::FromUtf8] 原始字符串: Alt+U
[QString::FromUtf8] 原始字符串: Alt+U
[QString::FromUtf8] 原始字符串: Alt+U
[QString::FromUtf8] 原始字符串: Alt+U
[QString::FromUtf8] 原始字符串: Alt+U
[QString::FromUtf8] 原始字符串: Alt+U
[QString::FromUtf8] 原始字符串: Alt+U
[QString::FromUtf8] 原始字符串: Alt+U
[QString::FromUtf8] 原始字符串: Alt+U
[QString::FromUtf8] 原始字符串: Alt+U
[QString::FromUtf8] 原始字符串: Alt+U
[QString::FromUtf8] 原始字符串: Alt+U
[QString::FromUtf8] 原始字符串: Alt+U
[QString::FromUtf8] 原始字符串: Alt+U
[QString::FromUtf8] 原始字符串: Alt+U
[QString::FromUtf8] 原始字符串: Alt+U
[QString::FromUtf8] 原始字符串: Alt+U
[QString::FromUtf8] 原始字符串: Alt+U
[QString::FromUtf8] 原始字符串: Alt+U
[QString::FromUtf8] 原始字符串: Alt+U
[QString::FromUtf8] 原始字符串: Alt+U
[QString::FromUtf8] 原始字符串: Alt+U
[QString::FromUtf8] 原始字符串: Alt+U
[QString::FromUtf8] 原始字符串: Alt+U
[QString::FromUtf8] 原始字符串: Alt+U
[QString::FromUtf8] 原始字符串: Alt+U
[QString::FromUtf8] 原始字符串: Alt+U
[QString::FromUtf8] 原始字符串: Alt+U
[QString::FromUtf8] 原始字符串: Alt+U
[QString::FromUtf8] 原始字符串: Alt+U
[QString::FromUtf8] 原始字符串: Alt+U
[QString::FromUtf8] 原始字符串: Alt+U
[QString::FromUtf8] 原始字符串: Alt+U
[QString::FromUtf8] 原始字符串: Alt+U
[QString::FromUtf8] 原始字符串: Alt+U
[QString::FromUtf8] 原始字符串: Alt+U
[QString::FromUtf8] 原始字符串: Alt+U
[QString::FromUtf8] 原始字符串: Alt+U
[QString::FromUtf8] 原始字符串: Alt+U
[QString::FromUtf8] 原始字符串: Alt+U
[QString::FromUtf8] 原始字符串: Alt+U
[QString::FromUtf8] 原始字符串: Alt+U
[QString::FromUtf8] 原始字符串: Alt+U
[QString::FromUtf8] 原始字符串: Alt+U
[QString::FromUtf8] 原始字符串: Alt+U
[QString::FromUtf8] 原始字符串: Alt+U
[QString::FromUtf8] 原始字符串: Alt+U
[QString::FromUtf8] 原始字符串: Alt+U
[QString::FromUtf8] 原始字符串: Alt+U
[QString::FromUtf8] 原始字符串: Alt+U
[QString::FromUtf8] 原始字符串: Alt+U
[QString::FromUtf8] 原始字符串: Alt+U
[QString::FromUtf8] 原始字符串: Alt+U
[QString::FromUtf8] 原始字符串: Alt+U
[QString::FromUtf8] 原始字符串: Alt+U
[QString::FromUtf8] 原始字符串: Alt+U
[QString::FromUtf8] 原始字符串: Alt+U
[QString::FromUtf8] 原始字符串: Alt+U
[QString::FromUtf8] 原始字符串: Alt+U
[QString::FromUtf8] 原始字符串: Alt+U
[QString::FromUtf8] 原始字符串: Alt+U
[QString::FromUtf8] 原始字符串: Alt+U
[QString::FromUtf8] 原始字符串: Alt+U
[QString::FromUtf8] 原始字符串: Alt+U
[QString::FromUtf8] 原始字符串: Alt+U
[QString::FromUtf8] 原始字符串: Alt+U
[QString::FromUtf8] 原始字符串: Alt+U
[QString::FromUtf8] 原始字符串: Alt+U
[QString::FromUtf8] 原始字符串: Alt+U
[QString::FromUtf8] 原始字符串: Alt+U
[QString::FromUtf8] 原始字符串: Alt+U
[QString::FromUtf8] 原始字符串: Alt+U
[QString::FromUtf8] 原始字符串: Alt+U
[QString::FromUtf8] 原始字符串: Alt+U
[QString::FromUtf8] 原始字符串: Alt+U
[QString::FromUtf8] 原始字符串: Alt+U
[QString::FromUtf8] 原始字符串: Alt+U
[QString::FromUtf8] 原始字符串: Alt+U
[QString::FromUtf8] 原始字符串: Alt+U
[QString::FromUtf8] 原始字符串: Alt+U
[QString::FromUtf8] 原始字符串: Alt+U
[QString::FromUtf8] 原始字符串: Alt+U
[QString::FromUtf8] 原始字符串: Alt+U
[QString::FromUtf8] 原始字符串: Alt+U
[QString::FromUtf8] 原始字符串: Alt+U
[QString::FromUtf8] 原始字符串: Alt+U
[QString::FromUtf8] 原始字符串: Alt+U
[QString::FromUtf8] 原始字符串: Alt+U
[QString::FromUtf8] 原始字符串: Alt+U
[QString::FromUtf8] 原始字符串: Alt+U
[QString::FromUtf8] 原始字符串: Alt+U
[QString::FromUtf8] 原始字符串: Alt+U
[QString::FromUtf8] 原始字符串: Alt+U
[QString::FromUtf8] 原始字符串: Alt+U
[QString::FromUtf8] 原始字符串: Alt+U
[QString::FromUtf8] 原始字符串: Alt+U
[QString::FromUtf8] 原始字符串: Alt+U
[QString::FromUtf8] 原始字符串: Alt+U
[QString::FromUtf8] 原始字符串: Alt+U
[QString::FromUtf8] 原始字符串: Alt+U
[QString::FromUtf8] 原始字符串: Alt+U
[QString::FromUtf8] 原始字符串: Alt+U
[QString::FromUtf8] 原始字符串: Alt+U
[QString::FromUtf8] 原始字符串: Alt+U
[QString::FromUtf8] 原始字符串: Alt+U
[QString::FromUtf8] 原始字符串: Alt+U
[QString::FromUtf8] 原始字符串: Alt+U
[QString::FromUtf8] 原始字符串: Alt+U
[QString::FromUtf8] 原始字符串: Alt+U
[QString::FromUtf8] 原始字符串: Alt+U
[QString::FromUtf8] 原始字符串: Alt+U
[QString::FromUtf8] 原始字符串: Alt+U
[QString::FromUtf8] 原始字符串: Alt+U
[QString::FromUtf8] 原始字符串: Alt+U
[QString::FromUtf8] 原始字符串: Alt+U
[QString::FromUtf8] 原始字符串: Alt+U
[QString::FromUtf8] 原始字符串: Alt+U
[QString::FromUtf8] 原始字符串: Alt+U
[QString::FromUtf8] 原始字符串: Alt+U
[QString::FromUtf8] 原始字符串: Alt+U
[QString::FromUtf8] 原始字符串: Alt+U
[QString::FromUtf8] 原始字符串: Alt+U
[QString::FromUtf8] 原始字符串: Alt+U
[QString::FromUtf8] 原始字符串: Alt+U
[QString::FromUtf8] 原始字符串: Alt+U
[QString::FromUtf8] 原始字符串: Alt+U
[QString::FromUtf8] 原始字符串: Alt+U
[QString::FromUtf8] 原始字符串: Alt+U
[QString::FromUtf8] 原始字符串: Alt+U
[QString::FromUtf8] 原始字符串: Alt+U
[QString::FromUtf8] 原始字符串: Alt+U
[QString::FromUtf8] 原始字符串: Alt+U
[QString::FromUtf8] 原始字符串: Alt+U
[QString::FromUtf8] 原始字符串: Alt+U
[QString::FromUtf8] 原始字符串: Alt+U
[QString::FromUtf8] 原始字符串: Alt+U
[QString::FromUtf8] 原始字符串: Alt+U
[QString::FromUtf8] 原始字符串: Alt+U
[QString::FromUtf8] 原始字符串: Alt+U
[QString::FromUtf8] 原始字符串: Alt+U
[QString::FromUtf8] 原始字符串: Alt+U
[QString::FromUtf8] 原始字符串: Alt+U
[QString::FromUtf8] 原始字符串: Alt+U
[QString::FromUtf8] 原始字符串: Alt+U
[QString::FromUtf8] 原始字符串: Alt+U
[QString::FromUtf8] 原始字符串: Alt+U
[QString::FromUtf8] 原始字符串: Alt+U
[QString::FromUtf8] 原始字符串: Alt+U
[QString::FromUtf8] 原始字符串: Alt+U
[QString::FromUtf8] 原始字符串: Alt+U
[QString::FromUtf8] 原始字符串: Alt+U
[QString::FromUtf8] 原始字符串: Alt+U
[QString::FromUtf8] 原始字符串: Alt+U
[QString::FromUtf8] 原始字符串: Alt+U
[QString::FromUtf8] 原始字符串: Alt+U
[QString::FromUtf8] 原始字符串: Alt+U
[QString::FromUtf8] 原始字符串: Alt+U
[QString::FromUtf8] 原始字符串: Alt+U
[QString::FromUtf8] 原始字符串: Alt+U
[QString::FromUtf8] 原始字符串: Alt+U
[QString::FromUtf8] 原始字符串: Alt+U
[QString::FromUtf8] 原始字符串: Alt+U
[QString::FromUtf8] 原始字符串: Alt+U
[QString::FromUtf8] 原始字符串: Alt+U
[QString::FromUtf8] 原始字符串: Alt+U
[QString::FromUtf8] 原始字符串: Alt+U
[QString::FromUtf8] 原始字符串: Alt+U
[QString::FromUtf8] 原始字符串: Alt+U
[QString::FromUtf8] 原始字符串: Alt+U
[QString::FromUtf8] 原始字符串: Alt+U
[QString::FromUtf8] 原始字符串: Alt+U
[QString::FromUtf8] 原始字符串: Alt+U
[QString::FromUtf8] 原始字符串: Alt+U
[QString::FromUtf8] 原始字符串: Alt+U
[QString::FromUtf8] 原始字符串: Alt+U
[QString::FromUtf8] 原始字符串: Alt+U
[QString::FromUtf8] 原始字符串: Alt+U
[QString::FromUtf8] 原始字符串: Alt+U
[QString::FromUtf8] 原始字符串: Alt+U
[QString::FromUtf8] 原始字符串: Alt+U
[QString::FromUtf8] 原始字符串: Alt+U
[QString::FromUtf8] 原始字符串: Alt+U
[QString::FromUtf8] 原始字符串: Alt+U
[QString::FromUtf8] 原始字符串: Alt+U
[QString::FromUtf8] 原始字符串: Alt+U
[QString::FromUtf8] 原始字符串: Alt+U
[QString::FromUtf8] 原始字符串: Alt+U
[QString::FromUtf8] 原始字符串: Alt+U
[QString::FromUtf8] 原始字符串: Alt+U
[QString::FromUtf8] 原始字符串: Alt+U
[QString::FromUtf8] 原始字符串: Alt+U
[QString::FromUtf8] 原始字符串: Alt+U
[QString::FromUtf8] 原始字符串: Alt+U
[QString::FromUtf8] 原始字符串: Alt+U
[QString::FromUtf8] 原始字符串: Alt+U
[QString::FromUtf8] 原始字符串: Alt+U
[QString::FromUtf8] 原始字符串: Alt+U
[QString::FromUtf8] 原始字符串: Alt+U
[QString::FromUtf8] 原始字符串: Alt+U
[QString::FromUtf8] 原始字符串: Alt+U
[QString::FromUtf8] 原始字符串: Alt+U
[QString::FromUtf8] 原始字符串: Alt+U
[QString::FromUtf8] 原始字符串: Alt+U
[QString::FromUtf8] 原始字符串: Alt+U
[QString::FromUtf8] 原始字符串: Alt+U
[QString::FromUtf8] 原始字符串: Alt+U
[QString::FromUtf8] 原始字符串: Alt+U
[QString::FromUtf8] 原始字符串: Alt+U
[QString::FromUtf8] 原始字符串: Alt+U
[QString::FromUtf8] 原始字符串: Alt+U
[QString::FromUtf8] 原始字符串: Alt+U
[QString::FromUtf8] 原始字符串: Alt+U
[QString::FromUtf8] 原始字符串: Alt+U
[QString::FromUtf8] 原始字符串: Alt+U
[QString::FromUtf8] 原始字符串: Alt+U
[QString::FromUtf8] 原始字符串: Alt+U
[QString::FromUtf8] 原始字符串: Alt+U
[QString::FromUtf8] 原始字符串: Alt+U
[QString::FromUtf8] 原始字符串: Alt+U
[QString::FromUtf8] 原始字符串: Alt+U
[QString::FromUtf8] 原始字符串: Alt+U
[QString::FromUtf8] 原始字符串: Alt+U
[QString::FromUtf8] 原始字符串: Alt+U
[QString::FromUtf8] 原始字符串: Alt+U
[QString::FromUtf8] 原始字符串: Alt+U
[QString::FromUtf8] 原始字符串: Alt+U
[QString::FromUtf8] 原始字符串: Alt+U
[QString::FromUtf8] 原始字符串: Alt+U
[QString::FromUtf8] 原始字符串: Alt+U
[QString::FromUtf8] 原始字符串: Alt+U
[QString::FromUtf8] 原始字符串: Alt+U
[QString::FromUtf8] 原始字符串: Alt+U
[QString::FromUtf8] 原始字符串: Alt+U
[QString::FromUtf8] 原始字符串: Alt+U
[QString::FromUtf8] 原始字符串: Alt+U
[QString::FromUtf8] 原始字符串: Alt+U
[QString::FromUtf8] 原始字符串: Alt+U
[QString::FromUtf8] 原始字符串: Alt+U
[QString::FromUtf8] 原始字符串: Alt+U
[QString::FromUtf8] 原始字符串: Alt+U
[QString::FromUtf8] 原始字符串: Alt+U
[QString::FromUtf8] 原始字符串: Alt+U
[QString::FromUtf8] 原始字符串: Alt+U
[QString::FromUtf8] 原始字符串: Alt+U
[QString::FromUtf8] 原始字符串: Alt+U
[QString::FromUtf8] 原始字符串: Alt+U
[QString::FromUtf8] 原始字符串: Alt+U
[QString::FromUtf8] 原始字符串: Alt+U
[QString::FromUtf8] 原始字符串: Alt+U
[QString::FromUtf8] 原始字符串: Alt+U
[QString::FromUtf8] 原始字符串: Alt+U
[QString::FromUtf8] 原始字符串: Alt+U
[QString::FromUtf8] 原始字符串: Alt+U
[QString::FromUtf8] 原始字符串: Alt+U
[QString::FromUtf8] 原始字符串: Alt+U
[QString::FromUtf8] 原始字符串: Alt+U
[QString::FromUtf8] 原始字符串: Alt+U
[QString::FromUtf8] 原始字符串: Alt+U
[QString::FromUtf8] 原始字符串: Alt+U
[QString::FromUtf8] 原始字符串: Alt+U
[QString::FromUtf8] 原始字符串: Alt+U
[QString::FromUtf8] 原始字符串: Alt+U
[QString::FromUtf8] 原始字符串: Alt+U
[QString::FromUtf8] 原始字符串: Alt+U
[QString::FromUtf8] 原始字符串: Alt+U
[QString::FromUtf8] 原始字符串: Alt+U
[QString::FromUtf8] 原始字符串: Alt+U
[QString::FromUtf8] 原始字符串: Alt+U
[QString::FromUtf8] 原始字符串: Alt+U
[QString::FromUtf8] 原始字符串: Alt+U
[QString::FromUtf8] 原始字符串: Alt+U
[QString::FromUtf8] 原始字符串: Alt+U
[QString::FromUtf8] 原始字符串: Alt+U
[QString::FromUtf8] 原始字符串: Alt+U
[QString::FromUtf8] 原始字符串: Alt+U
[QString::FromUtf8] 原始字符串: Alt+U
[QString::FromUtf8] 原始字符串: Alt+U
[QString::FromUtf8] 原始字符串: Alt+U
[QString::FromUtf8] 原始字符串: Alt+U
[QString::FromUtf8] 原始字符串: Alt+U
[QString::FromUtf8] 原始字符串: Alt+U
[QString::FromUtf8] 原始字符串: Alt+U
[QString::FromUtf8] 原始字符串: Alt+U
[QString::FromUtf8] 原始字符串: Alt+U
[QString::FromUtf8] 原始字符串: Alt+U
[QString::FromUtf8] 原始字符串: Alt+U
[QString::FromUtf8] 原始字符串: Alt+U
[QString::FromUtf8] 原始字符串: Alt+U
[QString::FromUtf8] 原始字符串: Alt+U
[QString::FromUtf8] 原始字符串: Alt+U
[QString::FromUtf8] 原始字符串: Alt+U
[QString::FromUtf8] 原始字符串: DebuggerSelected
[QString::FromUtf8] 原始字符串: DebuggerUnselected
[QString::FromUtf8] 原始字符串: DebuggerRunToAndAttach
[QString::FromUtf8] 原始字符串: Open picture
[QString::FromUtf8] 原始字符串: ...     (unassigned)
[QString::FromUtf8] 原始字符串: ...     (unassigned)
[QString::FromUtf8] 原始字符串: ...     (unassigned)
[QString::FromUtf8] 原始字符串: ...     (unassigned)
[QString::FromUtf8] 原始字符串: ...     (unassigned)
[QString::FromUtf8] 原始字符串: ...     (unassigned)
[QString::FromUtf8] 原始字符串: ...     (unassigned)
[QString::FromUtf8] 原始字符串: ...     (unassigned)
[QString::FromUtf8] 原始字符串: Start process
[QString::FromUtf8] 原始字符串: Plugins
[QString::FromUtf8] 原始字符串: stalker trace so
[QString::FromUtf8] 原始字符串: stalker trace so
[QString::FromUtf8] 原始字符串: stalker trace so
[QString::FromUtf8] 原始字符串: Find functions
[QString::FromUtf8] 原始字符串: Find functions
[QString::FromUtf8] 原始字符串: IDA Feeds
[QString::FromUtf8] 原始字符串: IDA Feeds
[QString::FromUtf8] 原始字符串: Ctrl+Shift+F5
[QTranslate] 原始字符串: Ctrl
[QTranslate] 原始字符串: Shift
[QTranslate] 原始字符串: Alt
[QTranslate] 原始字符串: Meta
[QTranslate] 原始字符串: Num
[QString::FromUtf8] 原始字符串: Ctrl+Shift+F5
[QString::FromUtf8] 原始字符串: Ctrl+Shift+F5
[QTranslate] 原始字符串: Ctrl
[QTranslate] 原始字符串: Shift
[QTranslate] 原始字符串: Alt
[QTranslate] 原始字符串: Meta
[QTranslate] 原始字符串: Num
[QString::FromUtf8] 原始字符串: Ctrl+Shift+F5
[QTranslate] 原始字符串: Ctrl
[QTranslate] 原始字符串: Shift
[QTranslate] 原始字符串: Alt
[QTranslate] 原始字符串: Meta
[QTranslate] 原始字符串: Num
[QString::FromUtf8] 原始字符串: Hex-Rays IDA Feeds Plugin
[QString::FromUtf8] 原始字符串: Plugins
[QString::FromUtf8] 原始字符串: IDA Feeds
[QString::FromUtf8] 原始字符串: IDA Feeds
[QString::FromUtf8] 原始字符串: Ctrl+Shift+F5
[QTranslate] 原始字符串: Ctrl
[QTranslate] 原始字符串: Shift
[QTranslate] 原始字符串: Alt
[QTranslate] 原始字符串: Meta
[QTranslate] 原始字符串: Num
[QString::FromUtf8] 原始字符串: Ctrl+Shift+F5
[QString::FromUtf8] 原始字符串: Ctrl+Shift+F5
[QTranslate] 原始字符串: Ctrl
[QTranslate] 原始字符串: Shift
[QTranslate] 原始字符串: Alt
[QTranslate] 原始字符串: Meta
[QTranslate] 原始字符串: Num
[QString::FromUtf8] 原始字符串: Ctrl+Shift+F5
[QTranslate] 原始字符串: Ctrl
[QTranslate] 原始字符串: Shift
[QTranslate] 原始字符串: Alt
[QTranslate] 原始字符串: Meta
[QTranslate] 原始字符串: Num
[QString::FromUtf8] 原始字符串: Hex-Rays IDA Feeds Plugin
[QString::FromUtf8] 原始字符串: Plugins
[QString::FromUtf8] 原始字符串: IDA Feeds
[QString::FromUtf8] 原始字符串: IDA Feeds
[QString::FromUtf8] 原始字符串: Ctrl+Shift+F5
[QTranslate] 原始字符串: Ctrl
[QTranslate] 原始字符串: Shift
[QTranslate] 原始字符串: Alt
[QTranslate] 原始字符串: Meta
[QTranslate] 原始字符串: Num
[QString::FromUtf8] 原始字符串: Ctrl+Shift+F5
[QString::FromUtf8] 原始字符串: Ctrl+Shift+F5
[QTranslate] 原始字符串: Ctrl
[QTranslate] 原始字符串: Shift
[QTranslate] 原始字符串: Alt
[QTranslate] 原始字符串: Meta
[QTranslate] 原始字符串: Num
[QString::FromUtf8] 原始字符串: Ctrl+Shift+F5
[QTranslate] 原始字符串: Ctrl
[QTranslate] 原始字符串: Shift
[QTranslate] 原始字符串: Alt
[QTranslate] 原始字符串: Meta
[QTranslate] 原始字符串: Num
[QString::FromUtf8] 原始字符串: Hex-Rays IDA Feeds Plugin
[QString::FromUtf8] 原始字符串: Default:Edit
[QString::FromUtf8] 原始字符串: Default:Search
[QString::FromUtf8] 原始字符串: Default:Jump
[QString::FromUtf8] 原始字符串: ...     (unassigned)
[QString::FromUtf8] 原始字符串: ...     (unassigned)
[QString::FromUtf8] 原始字符串: ...     (unassigned)
[QString::FromUtf8] 原始字符串: ...     (unassigned)
[QString::FromUtf8] 原始字符串: ...     (unassigned)
[QString::FromUtf8] 原始字符串: ...     (unassigned)
[QString::FromUtf8] 原始字符串: ...     (unassigned)
[QString::FromUtf8] 原始字符串: ...     (unassigned)
[QString::FromUtf8] 原始字符串: Output window
[QString::FromUtf8] 原始字符串: Output window
[QString::FromUtf8] 原始字符串: ...     (unassigned)
[QString::FromUtf8] 原始字符串: ...     (unassigned)
[QString::FromUtf8] 原始字符串: ...     (unassigned)
[QString::FromUtf8] 原始字符串: ...     (unassigned)
[QString::FromUtf8] 原始字符串: ...     (unassigned)
[QString::FromUtf8] 原始字符串: ...     (unassigned)
[QString::FromUtf8] 原始字符串: ...     (unassigned)
[QString::FromUtf8] 原始字符串: ...     (unassigned)
[QString::FromUtf8] 原始字符串: Output window
[QString::FromUtf8] 原始字符串: Output window
[QString::FromUtf8] 原始字符串: ...     (unassigned)
[QString::FromUtf8] 原始字符串: ...     (unassigned)
[QString::FromUtf8] 原始字符串: ...     (unassigned)
[QString::FromUtf8] 原始字符串: ...     (unassigned)
[QString::FromUtf8] 原始字符串: ...     (unassigned)
[QString::FromUtf8] 原始字符串: ...     (unassigned)
[QString::FromUtf8] 原始字符串: ...     (unassigned)
[QString::FromUtf8] 原始字符串: ...     (unassigned)
[QString::FromUtf8] 原始字符串: Output window
[QString::FromUtf8] 原始字符串: Output window
[QString::FromUtf8] 原始字符串: ...     (unassigned)
[QString::FromUtf8] 原始字符串: ...     (unassigned)
[QString::FromUtf8] 原始字符串: ...     (unassigned)
[QString::FromUtf8] 原始字符串: ...     (unassigned)
[QString::FromUtf8] 原始字符串: ...     (unassigned)
[QString::FromUtf8] 原始字符串: ...     (unassigned)
[QString::FromUtf8] 原始字符串: ...     (unassigned)
[QString::FromUtf8] 原始字符串: ...     (unassigned)
[QString::FromUtf8] 原始字符串: Output window
[QString::FromUtf8] 原始字符串: Output window
[QString::FromUtf8] 原始字符串: Default:Edit
[QString::FromUtf8] 原始字符串: Default:Search
[QString::FromUtf8] 原始字符串: Default:Jump
[QTranslate] 原始字符串: QT_LAYOUT_DIRECTION
[IDAHook] 钩子卸载成功
=== 日志结束 ===
